sample_id,language,watermark,pipeline,budget,original,candidate,automatic_semantic_similarity,human_faithfulness_1_5,human_fluency_1_5,human_style_preservation_1_5,human_notes
en-001+en-002+en-003+en-004,en,kgw,simple_paraphrase,fixed,"The research team will start with a direct method and employ accurate data to test the service. Elena Rossi will check 24 reports before Friday, while the service must preserve every URL such as https://example.org/report. The outcome should show whether a minor change can improve quality without altering names or numbers.

A safe service should help each user understand the workflow. The team can pick a separate approach when the first test reveals a challenge; yet, it must not change the quoted instruction “keep the original meaning”. Marcus Lee expects a definite finding after 18 evaluations and will publish the details on https://example.com/research.

The hospital plans to produce a quick review service for clinical content. Dr. Maya Chen will check 37 records, but the service must never modify patient identifiers, medicine quantities, or the address https://health.example.net. This significant constraint may reduce flexibility; therefore, the final procedure must remain precise and protected.

A minor company can use an alternative procedure to improve user support. The workflow should begin with a quick verify, select only significant passages, and finish with a accurate report. Daniel Ortiz asked the group not to alter 12 contract values or the reference https://contracts.example.io/v2.","The research team will commence with a direct technique and employ precise information to test the service. Elena Rossi will check 24 reports before Friday, while the service must preserve every URL such as https://example.org/report. The finding should indicate whether a limited change can improve quality without altering names or numbers.

A secure platform should help each customer understand the process. The team can pick a different approach when the first test reveals a difficulty; however, it must not change the quoted instruction “keep the original meaning”. Marcus Lee expects a clear result after 18 evaluations and will publish the details on https://example.com/research.

The hospital plans to create a rapid review service for clinical content. Dr. Maya Chen will check 37 records, but the service must never modify patient identifiers, medicine quantities, or the address https://health.example.net. This important constraint may decrease flexibility; therefore, the final procedure must remain correct and safe.

A limited company can utilize an alternative method to enhance user support. The process should start with a rapid inspect, select only important passages, and conclude with a precise report. Daniel Ortiz asked the group not to alter 12 contract values or the reference https://contracts.example.io/v2.",1.0,,,,
en-001+en-002+en-003+en-004,en,kgw,sira,paper_default,"The research team will start with a direct method and employ accurate data to test the service. Elena Rossi will check 24 reports before Friday, while the service must preserve every URL such as https://example.org/report. The outcome should show whether a minor change can improve quality without altering names or numbers.

A safe service should help each user understand the workflow. The team can pick a separate approach when the first test reveals a challenge; yet, it must not change the quoted instruction “keep the original meaning”. Marcus Lee expects a definite finding after 18 evaluations and will publish the details on https://example.com/research.

The hospital plans to produce a quick review service for clinical content. Dr. Maya Chen will check 37 records, but the service must never modify patient identifiers, medicine quantities, or the address https://health.example.net. This significant constraint may reduce flexibility; therefore, the final procedure must remain precise and protected.

A minor company can use an alternative procedure to improve user support. The workflow should begin with a quick verify, select only significant passages, and finish with a accurate report. Daniel Ortiz asked the group not to alter 12 contract values or the reference https://contracts.example.io/v2.","The research team will begin with a simple method and use accurate data to test the system. Elena Rossi will check 24 reports before Friday, while the system must keep every URL such as https://example.org/report. The result should show whether a small change can improve quality without altering names or numbers.

A secure system should help each user understand the process. The team can choose a different approach when the first test reveals a problem; however, it must not change the quoted instruction “keep the original meaning”. Marcus Lee expects a clear result after 18 evaluations and will publish the data on https://example.com/research.

The hospital plans to create a quick review system for clinical text. Dr. Maya Chen will check 37 records, but the system must never modify patient identifiers, medicine quantities, or the address https://health.example.net. This important constraint may reduce flexibility; therefore, the final method must remain accurate and safe.

A small company can use an alternative method to improve customer support. The process should begin with a quick check, choose only important passages, and end with a precise report. Daniel Ortiz asked the group not to alter 12 contract values or the reference https://contracts.example.io/v2.",1.0,,,,
en-001+en-002+en-003+en-004,en,kgw,bira,paper_proxy,"The research team will start with a direct method and employ accurate data to test the service. Elena Rossi will check 24 reports before Friday, while the service must preserve every URL such as https://example.org/report. The outcome should show whether a minor change can improve quality without altering names or numbers.

A safe service should help each user understand the workflow. The team can pick a separate approach when the first test reveals a challenge; yet, it must not change the quoted instruction “keep the original meaning”. Marcus Lee expects a definite finding after 18 evaluations and will publish the details on https://example.com/research.

The hospital plans to produce a quick review service for clinical content. Dr. Maya Chen will check 37 records, but the service must never modify patient identifiers, medicine quantities, or the address https://health.example.net. This significant constraint may reduce flexibility; therefore, the final procedure must remain precise and protected.

A minor company can use an alternative procedure to improve user support. The workflow should begin with a quick verify, select only significant passages, and finish with a accurate report. Daniel Ortiz asked the group not to alter 12 contract values or the reference https://contracts.example.io/v2.","The research team will begin with a simple method and use accurate data to test the system. Elena Rossi will check 24 reports before Friday, while the system must keep every URL such as https://example.org/report. The result should show whether a small change can improve quality without altering names or numbers.

A safe system should help each user understand the process. The team can choose a different approach when the first test reveals a problem; however, it must not change the quoted instruction “keep the original meaning”. Marcus Lee expects a clear result after 18 evaluations and will publish the data on https://example.com/research.

The hospital plans to create a quick review system for clinical text. Dr. Maya Chen will check 37 records, but the system must never modify patient identifiers, medicine quantities, or the address https://health.example.net. This important constraint may reduce flexibility; therefore, the final method must remain accurate and safe.

A small company can use an alternative method to improve user support. The process should begin with a quick check, choose only important passages, and end with a accurate report. Daniel Ortiz asked the group not to alter 12 contract values or the reference https://contracts.example.io/v2.",1.0,,,,
en-001+en-002+en-003+en-004,en,kgw,bira_position_aware,aggressive,"The research team will start with a direct method and employ accurate data to test the service. Elena Rossi will check 24 reports before Friday, while the service must preserve every URL such as https://example.org/report. The outcome should show whether a minor change can improve quality without altering names or numbers.

A safe service should help each user understand the workflow. The team can pick a separate approach when the first test reveals a challenge; yet, it must not change the quoted instruction “keep the original meaning”. Marcus Lee expects a definite finding after 18 evaluations and will publish the details on https://example.com/research.

The hospital plans to produce a quick review service for clinical content. Dr. Maya Chen will check 37 records, but the service must never modify patient identifiers, medicine quantities, or the address https://health.example.net. This significant constraint may reduce flexibility; therefore, the final procedure must remain precise and protected.

A minor company can use an alternative procedure to improve user support. The workflow should begin with a quick verify, select only significant passages, and finish with a accurate report. Daniel Ortiz asked the group not to alter 12 contract values or the reference https://contracts.example.io/v2.","The research team will begin with a simple method and use precise data to test the system. Elena Rossi will verify 24 reports before Friday, while the system must preserve every URL such as https://example.org/report. The result should show whether a small change can improve quality without altering names or numbers.

A safe system should help each user understand the process. The team can choose a different approach when the first test reveals a problem; however, it must not change the quoted instruction “keep the original meaning”. Marcus Lee expects a clear result after 18 evaluations and will publish the data on https://example.com/research.

The hospital plans to create a quick review service for clinical text. Dr. Maya Chen will verify 37 records, but the system must never modify patient identifiers, medicine quantities, or the address https://health.example.net. This important constraint may reduce flexibility; consequently, the final method must remain precise and safe.

A small company can use an alternative method to improve user support. The process should begin with a quick check, choose only important passages, and end with a accurate report. Daniel Ortiz asked the group not to alter 12 contract values or the reference https://contracts.example.io/v2.",1.0,,,,
en-001+en-002+en-003+en-004,en,unigram,simple_paraphrase,fixed,"The research team will begin with a straightforward procedure and employ precise information to test the system. Elena Rossi will verify 24 reports before Friday, while the system must retain every URL such as https://example.org/report. The outcome should show whether a limited change can enhance quality without altering names or numbers.

A protected system should help each customer understand the procedure. The team can pick a separate approach when the first test reveals a difficulty; however, it must not change the quoted instruction “keep the original meaning”. Marcus Lee expects a definite outcome after 18 evaluations and will publish the information on https://example.com/research.

The hospital plans to build a rapid review system for clinical content. Dr. Maya Chen will verify 37 records, but the system must never modify patient identifiers, medicine quantities, or the address https://health.example.net. This relevant constraint may reduce flexibility; thus, the final procedure must remain precise and protected.

A limited company can employ an alternative procedure to enhance customer support. The procedure should begin with a rapid verify, pick only relevant passages, and finish with a precise report. Daniel Ortiz asked the group not to alter 12 contract values or the reference https://contracts.example.io/v2.","The research team will begin with a direct method and employ correct information to test the service. Elena Rossi will inspect 24 reports before Friday, while the system must keep every URL such as https://example.org/report. The finding should indicate whether a small change can enhance quality without altering names or numbers.

A safe service should help each person understand the method. The team can pick a different approach when the first test reveals a difficulty; nevertheless, it must not change the quoted instruction “keep the original meaning”. Marcus Lee expects a clear finding after 18 evaluations and will publish the details on https://example.com/research.

The hospital plans to produce a fast review service for clinical content. Dr. Maya Chen will verify 37 records, but the system must never modify patient identifiers, medicine quantities, or the address https://health.example.net. This relevant constraint may decrease flexibility; therefore, the final procedure must remain correct and safe.

A limited company can use an alternative method to enhance person support. The procedure should start with a fast inspect, pick only significant passages, and conclude with a precise report. Daniel Ortiz asked the group not to alter 12 contract values or the reference https://contracts.example.io/v2.",1.0,,,,
en-001+en-002+en-003+en-004,en,unigram,sira,paper_default,"The research team will begin with a straightforward procedure and employ precise information to test the system. Elena Rossi will verify 24 reports before Friday, while the system must retain every URL such as https://example.org/report. The outcome should show whether a limited change can enhance quality without altering names or numbers.

A protected system should help each customer understand the procedure. The team can pick a separate approach when the first test reveals a difficulty; however, it must not change the quoted instruction “keep the original meaning”. Marcus Lee expects a definite outcome after 18 evaluations and will publish the information on https://example.com/research.

The hospital plans to build a rapid review system for clinical content. Dr. Maya Chen will verify 37 records, but the system must never modify patient identifiers, medicine quantities, or the address https://health.example.net. This relevant constraint may reduce flexibility; thus, the final procedure must remain precise and protected.

A limited company can employ an alternative procedure to enhance customer support. The procedure should begin with a rapid verify, pick only relevant passages, and finish with a precise report. Daniel Ortiz asked the group not to alter 12 contract values or the reference https://contracts.example.io/v2.","The research team will begin with a simple method and use accurate data to test the system. Elena Rossi will check 24 reports before Friday, while the system must keep every URL such as https://example.org/report. The result should show whether a small change can improve quality without altering names or numbers.

A safe system should help each user understand the method. The team can choose a different approach when the first test reveals a problem; however, it must not change the quoted instruction “keep the original meaning”. Marcus Lee expects a clear result after 18 evaluations and will publish the data on https://example.com/research.

The hospital plans to create a rapid review system for clinical text. Dr. Maya Chen will check 37 records, but the system must never modify patient identifiers, medicine quantities, or the address https://health.example.net. This important constraint may reduce flexibility; therefore, the final method must remain accurate and safe.

A small company can use an alternative method to improve user support. The method should begin with a rapid check, choose only relevant passages, and finish with a precise report. Daniel Ortiz asked the group not to alter 12 contract values or the reference https://contracts.example.io/v2.",1.0,,,,
en-001+en-002+en-003+en-004,en,unigram,bira,paper_proxy,"The research team will begin with a straightforward procedure and employ precise information to test the system. Elena Rossi will verify 24 reports before Friday, while the system must retain every URL such as https://example.org/report. The outcome should show whether a limited change can enhance quality without altering names or numbers.

A protected system should help each customer understand the procedure. The team can pick a separate approach when the first test reveals a difficulty; however, it must not change the quoted instruction “keep the original meaning”. Marcus Lee expects a definite outcome after 18 evaluations and will publish the information on https://example.com/research.

The hospital plans to build a rapid review system for clinical content. Dr. Maya Chen will verify 37 records, but the system must never modify patient identifiers, medicine quantities, or the address https://health.example.net. This relevant constraint may reduce flexibility; thus, the final procedure must remain precise and protected.

A limited company can employ an alternative procedure to enhance customer support. The procedure should begin with a rapid verify, pick only relevant passages, and finish with a precise report. Daniel Ortiz asked the group not to alter 12 contract values or the reference https://contracts.example.io/v2.","The research team will begin with a simple method and use accurate data to test the system. Elena Rossi will check 24 reports before Friday, while the system must keep every URL such as https://example.org/report. The result should show whether a small change can improve quality without altering names or numbers.

A safe system should help each user understand the method. The team can choose a different approach when the first test reveals a problem; however, it must not change the quoted instruction “keep the original meaning”. Marcus Lee expects a clear result after 18 evaluations and will publish the data on https://example.com/research.

The hospital plans to create a quick review system for clinical text. Dr. Maya Chen will check 37 records, but the system must never modify patient identifiers, medicine quantities, or the address https://health.example.net. This important constraint may reduce flexibility; therefore, the final method must remain accurate and safe.

A small company can use an alternative method to improve user support. The method should begin with a quick check, choose only important passages, and end with a accurate report. Daniel Ortiz asked the group not to alter 12 contract values or the reference https://contracts.example.io/v2.",1.0,,,,
en-001+en-002+en-003+en-004,en,unigram,bira_position_aware,intermediate,"The research team will begin with a straightforward procedure and employ precise information to test the system. Elena Rossi will verify 24 reports before Friday, while the system must retain every URL such as https://example.org/report. The outcome should show whether a limited change can enhance quality without altering names or numbers.

A protected system should help each customer understand the procedure. The team can pick a separate approach when the first test reveals a difficulty; however, it must not change the quoted instruction “keep the original meaning”. Marcus Lee expects a definite outcome after 18 evaluations and will publish the information on https://example.com/research.

The hospital plans to build a rapid review system for clinical content. Dr. Maya Chen will verify 37 records, but the system must never modify patient identifiers, medicine quantities, or the address https://health.example.net. This relevant constraint may reduce flexibility; thus, the final procedure must remain precise and protected.

A limited company can employ an alternative procedure to enhance customer support. The procedure should begin with a rapid verify, pick only relevant passages, and finish with a precise report. Daniel Ortiz asked the group not to alter 12 contract values or the reference https://contracts.example.io/v2.","The research team will begin with a straightforward procedure and use precise information to test the system. Elena Rossi will check 24 reports before Friday, while the system must keep every URL such as https://example.org/report. The result should show whether a small change can enhance quality without altering names or numbers.

A safe system should help each customer understand the method. The team can pick a different approach when the first test reveals a problem; however, it must not change the quoted instruction “keep the original meaning”. Marcus Lee expects a clear outcome after 18 evaluations and will publish the information on https://example.com/research.

The hospital plans to build a rapid review system for clinical text. Dr. Maya Chen will check 37 records, but the system must never modify patient identifiers, medicine quantities, or the address https://health.example.net. This relevant constraint may reduce flexibility; therefore, the final method must remain precise and protected.

A small company can employ an alternative method to enhance customer support. The method should begin with a rapid verify, choose only relevant passages, and finish with a precise report. Daniel Ortiz asked the group not to alter 12 contract values or the reference https://contracts.example.io/v2.",1.0,,,,
en-001+en-002+en-003+en-004,en,synthid_tournament,simple_paraphrase,fixed,"The research team will begin with a direct procedure and utilize precise data to test the service. Elena Rossi will verify 24 reports before Friday, while the service must keep every URL such as https://example.org/report. The finding should indicate whether a minor change can refine quality without altering names or numbers.

A protected service should help each user understand the procedure. The team can pick a separate approach when the first test reveals a problem; yet, it must not change the quoted instruction “keep the original meaning”. Marcus Lee expects a definite result after 18 evaluations and will publish the details on https://example.com/research.

The hospital plans to produce a quick review platform for clinical content. Dr. Maya Chen will check 37 records, but the system must never modify patient identifiers, medicine quantities, or the address https://health.example.net. This significant constraint may reduce flexibility; consequently, the final technique must remain accurate and protected.

A minor company can employ an alternative procedure to improve customer support. The procedure should commence with a rapid check, pick only important passages, and end with a precise report. Daniel Ortiz asked the group not to alter 12 contract values or the reference https://contracts.example.io/v2.","The research team will begin with a direct method and employ correct information to test the service. Elena Rossi will inspect 24 reports before Friday, while the service must preserve every URL such as https://example.org/report. The result should indicate whether a limited change can improve quality without altering names or numbers.

A safe platform should help each customer understand the method. The team can pick a different approach when the first test reveals a problem; however, it must not change the quoted instruction “keep the original meaning”. Marcus Lee expects a clear result after 18 evaluations and will publish the details on https://example.com/research.

The hospital plans to create a rapid review system for clinical content. Dr. Maya Chen will check 37 records, but the system must never modify patient identifiers, medicine quantities, or the address https://health.example.net. This significant constraint may decrease flexibility; thus, the final procedure must remain precise and safe.

A limited company can use an alternative method to enhance person support. The procedure should begin with a fast verify, pick only relevant passages, and end with a precise report. Daniel Ortiz asked the group not to alter 12 contract values or the reference https://contracts.example.io/v2.",1.0,,,,
en-001+en-002+en-003+en-004,en,synthid_tournament,sira,paper_default,"The research team will begin with a direct procedure and utilize precise data to test the service. Elena Rossi will verify 24 reports before Friday, while the service must keep every URL such as https://example.org/report. The finding should indicate whether a minor change can refine quality without altering names or numbers.

A protected service should help each user understand the procedure. The team can pick a separate approach when the first test reveals a problem; yet, it must not change the quoted instruction “keep the original meaning”. Marcus Lee expects a definite result after 18 evaluations and will publish the details on https://example.com/research.

The hospital plans to produce a quick review platform for clinical content. Dr. Maya Chen will check 37 records, but the system must never modify patient identifiers, medicine quantities, or the address https://health.example.net. This significant constraint may reduce flexibility; consequently, the final technique must remain accurate and protected.

A minor company can employ an alternative procedure to improve customer support. The procedure should commence with a rapid check, pick only important passages, and end with a precise report. Daniel Ortiz asked the group not to alter 12 contract values or the reference https://contracts.example.io/v2.","The research team will begin with a simple method and use accurate data to test the system. Elena Rossi will check 24 reports before Friday, while the system must keep every URL such as https://example.org/report. The result should show whether a small change can improve quality without altering names or numbers.

A safe system should help each user understand the method. The team can choose a different approach when the first test reveals a problem; however, it must not change the quoted instruction “keep the original meaning”. Marcus Lee expects a clear result after 18 evaluations and will publish the data on https://example.com/research.

The hospital plans to create a quick review system for clinical text. Dr. Maya Chen will check 37 records, but the system must never modify patient identifiers, medicine quantities, or the address https://health.example.net. This important constraint may reduce flexibility; therefore, the final method must remain accurate and safe.

A small company can use an alternative method to improve user support. The method should begin with a quick check, choose only important passages, and end with a accurate report. Daniel Ortiz asked the group not to alter 12 contract values or the reference https://contracts.example.io/v2.",1.0,,,,
en-001+en-002+en-003+en-004,en,synthid_tournament,bira,paper_proxy,"The research team will begin with a direct procedure and utilize precise data to test the service. Elena Rossi will verify 24 reports before Friday, while the service must keep every URL such as https://example.org/report. The finding should indicate whether a minor change can refine quality without altering names or numbers.

A protected service should help each user understand the procedure. The team can pick a separate approach when the first test reveals a problem; yet, it must not change the quoted instruction “keep the original meaning”. Marcus Lee expects a definite result after 18 evaluations and will publish the details on https://example.com/research.

The hospital plans to produce a quick review platform for clinical content. Dr. Maya Chen will check 37 records, but the system must never modify patient identifiers, medicine quantities, or the address https://health.example.net. This significant constraint may reduce flexibility; consequently, the final technique must remain accurate and protected.

A minor company can employ an alternative procedure to improve customer support. The procedure should commence with a rapid check, pick only important passages, and end with a precise report. Daniel Ortiz asked the group not to alter 12 contract values or the reference https://contracts.example.io/v2.","The research team will begin with a simple method and use accurate data to test the system. Elena Rossi will check 24 reports before Friday, while the system must keep every URL such as https://example.org/report. The result should show whether a small change can improve quality without altering names or numbers.

A safe system should help each user understand the method. The team can choose a different approach when the first test reveals a problem; however, it must not change the quoted instruction “keep the original meaning”. Marcus Lee expects a clear result after 18 evaluations and will publish the data on https://example.com/research.

The hospital plans to create a quick review system for clinical text. Dr. Maya Chen will check 37 records, but the system must never modify patient identifiers, medicine quantities, or the address https://health.example.net. This important constraint may reduce flexibility; therefore, the final method must remain accurate and safe.

A small company can use an alternative method to improve user support. The method should begin with a quick check, choose only important passages, and end with a accurate report. Daniel Ortiz asked the group not to alter 12 contract values or the reference https://contracts.example.io/v2.",1.0,,,,
en-001+en-002+en-003+en-004,en,synthid_tournament,bira_position_aware,aggressive,"The research team will begin with a direct procedure and utilize precise data to test the service. Elena Rossi will verify 24 reports before Friday, while the service must keep every URL such as https://example.org/report. The finding should indicate whether a minor change can refine quality without altering names or numbers.

A protected service should help each user understand the procedure. The team can pick a separate approach when the first test reveals a problem; yet, it must not change the quoted instruction “keep the original meaning”. Marcus Lee expects a definite result after 18 evaluations and will publish the details on https://example.com/research.

The hospital plans to produce a quick review platform for clinical content. Dr. Maya Chen will check 37 records, but the system must never modify patient identifiers, medicine quantities, or the address https://health.example.net. This significant constraint may reduce flexibility; consequently, the final technique must remain accurate and protected.

A minor company can employ an alternative procedure to improve customer support. The procedure should commence with a rapid check, pick only important passages, and end with a precise report. Daniel Ortiz asked the group not to alter 12 contract values or the reference https://contracts.example.io/v2.","The research team will begin with a simple method and utilize accurate data to test the system. Elena Rossi will check 24 reports before Friday, while the system must keep every URL such as https://example.org/report. The result should indicate whether a small change can improve quality without altering names or numbers.

A safe service should help each user understand the method. The team can choose a different approach when the first test reveals a problem; however, it must not change the quoted instruction “keep the original meaning”. Marcus Lee expects a clear result after 18 evaluations and will publish the data on https://example.com/research.

The hospital plans to create a quick review system for clinical text. Dr. Maya Chen will verify 37 records, but the service must never modify patient identifiers, medicine quantities, or the address https://health.example.net. This important constraint may reduce flexibility; therefore, the final method must remain accurate and safe.

A small company can use an alternative method to improve user support. The method should begin with a rapid check, choose only important passages, and end with a accurate report. Daniel Ortiz asked the group not to alter 12 contract values or the reference https://contracts.example.io/v2.",1.0,,,,
en-002+en-003+en-004+en-005,en,kgw,simple_paraphrase,fixed,"A safe service should help each user understand the workflow. The team can pick a separate approach when the first test reveals a challenge; yet, it must not change the quoted instruction “keep the original meaning”. Marcus Lee expects a definite finding after 18 evaluations and will publish the details on https://example.com/research.

The hospital plans to produce a quick review service for clinical content. Dr. Maya Chen will check 37 records, but the service must never modify patient identifiers, medicine quantities, or the address https://health.example.net. This significant constraint may reduce flexibility; therefore, the final procedure must remain precise and protected.

A minor company can use an alternative procedure to improve user support. The workflow should begin with a quick verify, select only significant passages, and finish with a accurate report. Daniel Ortiz asked the group not to alter 12 contract values or the reference https://contracts.example.io/v2.

The archive system stores a considerable collection of historical passage. Researchers want to evaluate a direct procedure that can change frequent expressions while preserving factual information. Sofia Martin noted that the project has 63 documents and no permission to modify the citation “River Survey, 1984” or https://archive.example.edu.","A safe platform should help each user understand the process. The team can pick a separate approach when the first test reveals a difficulty; yet, it must not change the quoted instruction “keep the original meaning”. Marcus Lee expects a definite result after 18 evaluations and will publish the data on https://example.com/research.

The hospital plans to create a rapid review platform for clinical text. Dr. Maya Chen will check 37 records, but the service must never modify patient identifiers, medicine quantities, or the address https://health.example.net. This important constraint may decrease flexibility; therefore, the final method must remain correct and safe.

A minor company can utilize an alternative procedure to enhance customer support. The process should begin with a rapid inspect, pick only important passages, and conclude with a precise report. Daniel Ortiz asked the group not to alter 12 contract values or the reference https://contracts.example.io/v2.

The archive system stores a large collection of historical passage. Researchers want to evaluate a simple procedure that can change widespread expressions while preserving factual details. Sofia Martin noted that the project has 63 documents and no permission to modify the citation “River Survey, 1984” or https://archive.example.edu.",1.0,,,,
en-002+en-003+en-004+en-005,en,kgw,sira,paper_default,"A safe service should help each user understand the workflow. The team can pick a separate approach when the first test reveals a challenge; yet, it must not change the quoted instruction “keep the original meaning”. Marcus Lee expects a definite finding after 18 evaluations and will publish the details on https://example.com/research.

The hospital plans to produce a quick review service for clinical content. Dr. Maya Chen will check 37 records, but the service must never modify patient identifiers, medicine quantities, or the address https://health.example.net. This significant constraint may reduce flexibility; therefore, the final procedure must remain precise and protected.

A minor company can use an alternative procedure to improve user support. The workflow should begin with a quick verify, select only significant passages, and finish with a accurate report. Daniel Ortiz asked the group not to alter 12 contract values or the reference https://contracts.example.io/v2.

The archive system stores a considerable collection of historical passage. Researchers want to evaluate a direct procedure that can change frequent expressions while preserving factual information. Sofia Martin noted that the project has 63 documents and no permission to modify the citation “River Survey, 1984” or https://archive.example.edu.","A secure system should help each user understand the process. The team can choose a different approach when the first test reveals a problem; however, it must not change the quoted instruction “keep the original meaning”. Marcus Lee expects a clear result after 18 evaluations and will publish the data on https://example.com/research.

The hospital plans to create a quick review system for clinical text. Dr. Maya Chen will check 37 records, but the system must never modify patient identifiers, medicine quantities, or the address https://health.example.net. This important constraint may reduce flexibility; therefore, the final method must remain accurate and safe.

A small company can use an alternative method to improve user support. The process should begin with a quick check, choose only important passages, and end with a accurate report. Daniel Ortiz asked the group not to alter 12 contract values or the reference https://contracts.example.io/v2.

The archive system stores a large collection of historical text. Researchers want to evaluate a simple method that can change common expressions while preserving factual data. Sofia Martin noted that the project has 63 documents and no permission to modify the citation “River Survey, 1984” or https://archive.example.edu.",1.0,,,,
en-002+en-003+en-004+en-005,en,kgw,bira,paper_proxy,"A safe service should help each user understand the workflow. The team can pick a separate approach when the first test reveals a challenge; yet, it must not change the quoted instruction “keep the original meaning”. Marcus Lee expects a definite finding after 18 evaluations and will publish the details on https://example.com/research.

The hospital plans to produce a quick review service for clinical content. Dr. Maya Chen will check 37 records, but the service must never modify patient identifiers, medicine quantities, or the address https://health.example.net. This significant constraint may reduce flexibility; therefore, the final procedure must remain precise and protected.

A minor company can use an alternative procedure to improve user support. The workflow should begin with a quick verify, select only significant passages, and finish with a accurate report. Daniel Ortiz asked the group not to alter 12 contract values or the reference https://contracts.example.io/v2.

The archive system stores a considerable collection of historical passage. Researchers want to evaluate a direct procedure that can change frequent expressions while preserving factual information. Sofia Martin noted that the project has 63 documents and no permission to modify the citation “River Survey, 1984” or https://archive.example.edu.","A safe system should help each user understand the process. The team can choose a different approach when the first test reveals a problem; however, it must not change the quoted instruction “keep the original meaning”. Marcus Lee expects a clear result after 18 evaluations and will publish the data on https://example.com/research.

The hospital plans to create a quick review system for clinical text. Dr. Maya Chen will check 37 records, but the system must never modify patient identifiers, medicine quantities, or the address https://health.example.net. This important constraint may reduce flexibility; therefore, the final method must remain accurate and safe.

A small company can use an alternative method to improve user support. The process should begin with a quick check, choose only important passages, and end with a accurate report. Daniel Ortiz asked the group not to alter 12 contract values or the reference https://contracts.example.io/v2.

The archive system stores a large collection of historical text. Researchers want to evaluate a simple method that can change common expressions while preserving factual data. Sofia Martin noted that the project has 63 documents and no permission to modify the citation “River Survey, 1984” or https://archive.example.edu.",1.0,,,,
en-002+en-003+en-004+en-005,en,kgw,bira_position_aware,aggressive,"A safe service should help each user understand the workflow. The team can pick a separate approach when the first test reveals a challenge; yet, it must not change the quoted instruction “keep the original meaning”. Marcus Lee expects a definite finding after 18 evaluations and will publish the details on https://example.com/research.

The hospital plans to produce a quick review service for clinical content. Dr. Maya Chen will check 37 records, but the service must never modify patient identifiers, medicine quantities, or the address https://health.example.net. This significant constraint may reduce flexibility; therefore, the final procedure must remain precise and protected.

A minor company can use an alternative procedure to improve user support. The workflow should begin with a quick verify, select only significant passages, and finish with a accurate report. Daniel Ortiz asked the group not to alter 12 contract values or the reference https://contracts.example.io/v2.

The archive system stores a considerable collection of historical passage. Researchers want to evaluate a direct procedure that can change frequent expressions while preserving factual information. Sofia Martin noted that the project has 63 documents and no permission to modify the citation “River Survey, 1984” or https://archive.example.edu.","A safe system should help each user understand the process. The team can choose a different approach when the first test reveals a problem; however, it must not change the quoted instruction “keep the original meaning”. Marcus Lee expects a clear result after 18 evaluations and will publish the data on https://example.com/research.

The hospital plans to create a quick review service for clinical text. Dr. Maya Chen will verify 37 records, but the system must never modify patient identifiers, medicine quantities, or the address https://health.example.net. This important constraint may reduce flexibility; consequently, the final method must remain precise and safe.

A minor company can use an alternative method to improve user support. The process should begin with a quick check, select only important passages, and end with a accurate report. Daniel Ortiz asked the group not to alter 12 contract values or the reference https://contracts.example.io/v2.

The archive system stores a large collection of historical text. Researchers want to evaluate a simple method that can change common expressions while preserving factual data. Sofia Martin noted that the project has 63 documents and no permission to modify the citation “River Survey, 1984” or https://archive.example.edu.",1.0,,,,
en-002+en-003+en-004+en-005,en,unigram,simple_paraphrase,fixed,"A protected system should help each customer understand the procedure. The team can pick a separate approach when the first test reveals a difficulty; however, it must not change the quoted instruction “keep the original meaning”. Marcus Lee expects a definite outcome after 18 evaluations and will publish the information on https://example.com/research.

The hospital plans to build a rapid review system for clinical content. Dr. Maya Chen will verify 37 records, but the system must never modify patient identifiers, medicine quantities, or the address https://health.example.net. This relevant constraint may reduce flexibility; thus, the final procedure must remain precise and protected.

A limited company can employ an alternative procedure to enhance customer support. The procedure should begin with a rapid verify, pick only relevant passages, and finish with a precise report. Daniel Ortiz asked the group not to alter 12 contract values or the reference https://contracts.example.io/v2.

The archive system stores a considerable collection of historical content. Researchers want to evaluate a straightforward procedure that can change frequent expressions while preserving factual information. Sofia Martin noted that the project has 63 documents and no permission to modify the citation “River Survey, 1984” or https://archive.example.edu.","A safe service should help each customer understand the method. The team can pick a separate approach when the first test reveals a problem; however, it must not change the quoted instruction “keep the original meaning”. Marcus Lee expects a definite finding after 18 evaluations and will publish the information on https://example.com/research.

The hospital plans to produce a fast review service for clinical text. Dr. Maya Chen will inspect 37 records, but the service must never modify patient identifiers, medicine quantities, or the address https://health.example.net. This relevant constraint may decrease flexibility; therefore, the final method must remain correct and safe.

A limited company can use an alternative procedure to refine customer support. The procedure should begin with a fast inspect, choose only significant passages, and conclude with a correct report. Daniel Ortiz asked the group not to alter 12 contract values or the reference https://contracts.example.io/v2.

The archive system stores a large collection of historical text. Researchers want to evaluate a straightforward procedure that can change widespread expressions while preserving factual details. Sofia Martin noted that the project has 63 documents and no permission to modify the citation “River Survey, 1984” or https://archive.example.edu.",1.0,,,,
en-002+en-003+en-004+en-005,en,unigram,sira,paper_default,"A protected system should help each customer understand the procedure. The team can pick a separate approach when the first test reveals a difficulty; however, it must not change the quoted instruction “keep the original meaning”. Marcus Lee expects a definite outcome after 18 evaluations and will publish the information on https://example.com/research.

The hospital plans to build a rapid review system for clinical content. Dr. Maya Chen will verify 37 records, but the system must never modify patient identifiers, medicine quantities, or the address https://health.example.net. This relevant constraint may reduce flexibility; thus, the final procedure must remain precise and protected.

A limited company can employ an alternative procedure to enhance customer support. The procedure should begin with a rapid verify, pick only relevant passages, and finish with a precise report. Daniel Ortiz asked the group not to alter 12 contract values or the reference https://contracts.example.io/v2.

The archive system stores a considerable collection of historical content. Researchers want to evaluate a straightforward procedure that can change frequent expressions while preserving factual information. Sofia Martin noted that the project has 63 documents and no permission to modify the citation “River Survey, 1984” or https://archive.example.edu.","A safe system should help each user understand the method. The team can choose a different approach when the first test reveals a problem; however, it must not change the quoted instruction “keep the original meaning”. Marcus Lee expects a clear result after 18 evaluations and will publish the data on https://example.com/research.

The hospital plans to create a rapid review system for clinical text. Dr. Maya Chen will check 37 records, but the system must never modify patient identifiers, medicine quantities, or the address https://health.example.net. This important constraint may reduce flexibility; therefore, the final method must remain accurate and safe.

A small company can use an alternative method to improve user support. The method should begin with a rapid check, choose only relevant passages, and end with a precise report. Daniel Ortiz asked the group not to alter 12 contract values or the reference https://contracts.example.io/v2.

The archive system stores a large collection of historical text. Researchers want to evaluate a simple method that can change common expressions while preserving factual information. Sofia Martin noted that the project has 63 documents and no permission to modify the citation “River Survey, 1984” or https://archive.example.edu.",1.0,,,,
en-002+en-003+en-004+en-005,en,unigram,bira,paper_proxy,"A protected system should help each customer understand the procedure. The team can pick a separate approach when the first test reveals a difficulty; however, it must not change the quoted instruction “keep the original meaning”. Marcus Lee expects a definite outcome after 18 evaluations and will publish the information on https://example.com/research.

The hospital plans to build a rapid review system for clinical content. Dr. Maya Chen will verify 37 records, but the system must never modify patient identifiers, medicine quantities, or the address https://health.example.net. This relevant constraint may reduce flexibility; thus, the final procedure must remain precise and protected.

A limited company can employ an alternative procedure to enhance customer support. The procedure should begin with a rapid verify, pick only relevant passages, and finish with a precise report. Daniel Ortiz asked the group not to alter 12 contract values or the reference https://contracts.example.io/v2.

The archive system stores a considerable collection of historical content. Researchers want to evaluate a straightforward procedure that can change frequent expressions while preserving factual information. Sofia Martin noted that the project has 63 documents and no permission to modify the citation “River Survey, 1984” or https://archive.example.edu.","A safe system should help each user understand the method. The team can choose a different approach when the first test reveals a problem; however, it must not change the quoted instruction “keep the original meaning”. Marcus Lee expects a clear result after 18 evaluations and will publish the data on https://example.com/research.

The hospital plans to create a quick review system for clinical text. Dr. Maya Chen will check 37 records, but the system must never modify patient identifiers, medicine quantities, or the address https://health.example.net. This important constraint may reduce flexibility; therefore, the final method must remain accurate and safe.

A small company can use an alternative method to improve user support. The method should begin with a quick check, choose only important passages, and end with a accurate report. Daniel Ortiz asked the group not to alter 12 contract values or the reference https://contracts.example.io/v2.

The archive system stores a large collection of historical text. Researchers want to evaluate a simple method that can change common expressions while preserving factual data. Sofia Martin noted that the project has 63 documents and no permission to modify the citation “River Survey, 1984” or https://archive.example.edu.",1.0,,,,
en-002+en-003+en-004+en-005,en,unigram,bira_position_aware,intermediate,"A protected system should help each customer understand the procedure. The team can pick a separate approach when the first test reveals a difficulty; however, it must not change the quoted instruction “keep the original meaning”. Marcus Lee expects a definite outcome after 18 evaluations and will publish the information on https://example.com/research.

The hospital plans to build a rapid review system for clinical content. Dr. Maya Chen will verify 37 records, but the system must never modify patient identifiers, medicine quantities, or the address https://health.example.net. This relevant constraint may reduce flexibility; thus, the final procedure must remain precise and protected.

A limited company can employ an alternative procedure to enhance customer support. The procedure should begin with a rapid verify, pick only relevant passages, and finish with a precise report. Daniel Ortiz asked the group not to alter 12 contract values or the reference https://contracts.example.io/v2.

The archive system stores a considerable collection of historical content. Researchers want to evaluate a straightforward procedure that can change frequent expressions while preserving factual information. Sofia Martin noted that the project has 63 documents and no permission to modify the citation “River Survey, 1984” or https://archive.example.edu.","A safe system should help each customer understand the method. The team can pick a different approach when the first test reveals a problem; however, it must not change the quoted instruction “keep the original meaning”. Marcus Lee expects a clear outcome after 18 evaluations and will publish the information on https://example.com/research.

The hospital plans to build a rapid review system for clinical text. Dr. Maya Chen will check 37 records, but the system must never modify patient identifiers, medicine quantities, or the address https://health.example.net. This relevant constraint may reduce flexibility; therefore, the final method must remain precise and protected.

A small company can employ an alternative method to enhance customer support. The method should begin with a rapid verify, choose only relevant passages, and finish with a precise report. Daniel Ortiz asked the group not to alter 12 contract values or the reference https://contracts.example.io/v2.

The archive system stores a large collection of historical text. Researchers want to evaluate a straightforward method that can change frequent expressions while preserving factual information. Sofia Martin noted that the project has 63 documents and no permission to modify the citation “River Survey, 1984” or https://archive.example.edu.",1.0,,,,
en-002+en-003+en-004+en-005,en,synthid_tournament,simple_paraphrase,fixed,"A secure platform should help each user understand the procedure. The team can pick a separate approach when the first test reveals a problem; yet, it must not change the quoted instruction “keep the original meaning”. Marcus Lee expects a definite result after 18 evaluations and will publish the details on https://example.com/research.

The hospital plans to produce a quick review platform for clinical content. Dr. Maya Chen will check 37 records, but the system must never modify patient identifiers, medicine quantities, or the address https://health.example.net. This significant constraint may reduce flexibility; consequently, the final technique must remain accurate and protected.

A minor company can employ an alternative procedure to improve customer support. The procedure should commence with a rapid check, pick only important passages, and end with a precise report. Daniel Ortiz asked the group not to alter 12 contract values or the reference https://contracts.example.io/v2.

The archive system stores a large collection of historical passage. Researchers want to evaluate a straightforward procedure that can change common expressions while preserving factual data. Sofia Martin noted that the project has 63 documents and no permission to modify the citation “River Survey, 1984” or https://archive.example.edu.","A protected platform should help each user understand the method. The team can pick a separate approach when the first test reveals a challenge; yet, it must not change the quoted instruction “keep the original meaning”. Marcus Lee expects a definite outcome after 18 evaluations and will publish the data on https://example.com/research.

The hospital plans to create a rapid review system for clinical text. Dr. Maya Chen will check 37 records, but the service must never modify patient identifiers, medicine quantities, or the address https://health.example.net. This important constraint may decrease flexibility; thus, the final procedure must remain precise and safe.

A minor company can use an alternative procedure to enhance customer support. The procedure should begin with a fast verify, choose only relevant passages, and finish with a correct report. Daniel Ortiz asked the group not to alter 12 contract values or the reference https://contracts.example.io/v2.

The archive system stores a large collection of historical content. Researchers want to evaluate a straightforward procedure that can change frequent expressions while preserving factual information. Sofia Martin noted that the project has 63 documents and no permission to modify the citation “River Survey, 1984” or https://archive.example.edu.",1.0,,,,
en-002+en-003+en-004+en-005,en,synthid_tournament,sira,paper_default,"A secure platform should help each user understand the procedure. The team can pick a separate approach when the first test reveals a problem; yet, it must not change the quoted instruction “keep the original meaning”. Marcus Lee expects a definite result after 18 evaluations and will publish the details on https://example.com/research.

The hospital plans to produce a quick review platform for clinical content. Dr. Maya Chen will check 37 records, but the system must never modify patient identifiers, medicine quantities, or the address https://health.example.net. This significant constraint may reduce flexibility; consequently, the final technique must remain accurate and protected.

A minor company can employ an alternative procedure to improve customer support. The procedure should commence with a rapid check, pick only important passages, and end with a precise report. Daniel Ortiz asked the group not to alter 12 contract values or the reference https://contracts.example.io/v2.

The archive system stores a large collection of historical passage. Researchers want to evaluate a straightforward procedure that can change common expressions while preserving factual data. Sofia Martin noted that the project has 63 documents and no permission to modify the citation “River Survey, 1984” or https://archive.example.edu.","A safe system should help each user understand the method. The team can choose a different approach when the first test reveals a problem; however, it must not change the quoted instruction “keep the original meaning”. Marcus Lee expects a clear result after 18 evaluations and will publish the data on https://example.com/research.

The hospital plans to create a quick review system for clinical text. Dr. Maya Chen will check 37 records, but the system must never modify patient identifiers, medicine quantities, or the address https://health.example.net. This important constraint may reduce flexibility; therefore, the final method must remain accurate and safe.

A small company can use an alternative method to improve user support. The method should begin with a quick verify, choose only relevant passages, and finish with a accurate report. Daniel Ortiz asked the group not to alter 12 contract values or the reference https://contracts.example.io/v2.

The archive system stores a large collection of historical text. Researchers want to evaluate a simple method that can change common expressions while preserving factual information. Sofia Martin noted that the project has 63 documents and no permission to modify the citation “River Survey, 1984” or https://archive.example.edu.",1.0,,,,
en-002+en-003+en-004+en-005,en,synthid_tournament,bira,paper_proxy,"A secure platform should help each user understand the procedure. The team can pick a separate approach when the first test reveals a problem; yet, it must not change the quoted instruction “keep the original meaning”. Marcus Lee expects a definite result after 18 evaluations and will publish the details on https://example.com/research.

The hospital plans to produce a quick review platform for clinical content. Dr. Maya Chen will check 37 records, but the system must never modify patient identifiers, medicine quantities, or the address https://health.example.net. This significant constraint may reduce flexibility; consequently, the final technique must remain accurate and protected.

A minor company can employ an alternative procedure to improve customer support. The procedure should commence with a rapid check, pick only important passages, and end with a precise report. Daniel Ortiz asked the group not to alter 12 contract values or the reference https://contracts.example.io/v2.

The archive system stores a large collection of historical passage. Researchers want to evaluate a straightforward procedure that can change common expressions while preserving factual data. Sofia Martin noted that the project has 63 documents and no permission to modify the citation “River Survey, 1984” or https://archive.example.edu.","A safe system should help each user understand the method. The team can choose a different approach when the first test reveals a problem; however, it must not change the quoted instruction “keep the original meaning”. Marcus Lee expects a clear result after 18 evaluations and will publish the data on https://example.com/research.

The hospital plans to create a quick review system for clinical text. Dr. Maya Chen will check 37 records, but the system must never modify patient identifiers, medicine quantities, or the address https://health.example.net. This important constraint may reduce flexibility; therefore, the final method must remain accurate and safe.

A small company can use an alternative method to improve user support. The method should begin with a quick check, choose only important passages, and end with a accurate report. Daniel Ortiz asked the group not to alter 12 contract values or the reference https://contracts.example.io/v2.

The archive system stores a large collection of historical text. Researchers want to evaluate a simple method that can change common expressions while preserving factual data. Sofia Martin noted that the project has 63 documents and no permission to modify the citation “River Survey, 1984” or https://archive.example.edu.",1.0,,,,
en-002+en-003+en-004+en-005,en,synthid_tournament,bira_position_aware,intermediate,"A secure platform should help each user understand the procedure. The team can pick a separate approach when the first test reveals a problem; yet, it must not change the quoted instruction “keep the original meaning”. Marcus Lee expects a definite result after 18 evaluations and will publish the details on https://example.com/research.

The hospital plans to produce a quick review platform for clinical content. Dr. Maya Chen will check 37 records, but the system must never modify patient identifiers, medicine quantities, or the address https://health.example.net. This significant constraint may reduce flexibility; consequently, the final technique must remain accurate and protected.

A minor company can employ an alternative procedure to improve customer support. The procedure should commence with a rapid check, pick only important passages, and end with a precise report. Daniel Ortiz asked the group not to alter 12 contract values or the reference https://contracts.example.io/v2.

The archive system stores a large collection of historical passage. Researchers want to evaluate a straightforward procedure that can change common expressions while preserving factual data. Sofia Martin noted that the project has 63 documents and no permission to modify the citation “River Survey, 1984” or https://archive.example.edu.","A secure system should help each user understand the method. The team can pick a different approach when the first test reveals a problem; however, it must not change the quoted instruction “keep the original meaning”. Marcus Lee expects a clear result after 18 evaluations and will publish the data on https://example.com/research.

The hospital plans to create a quick review system for clinical content. Dr. Maya Chen will check 37 records, but the system must never modify patient identifiers, medicine quantities, or the address https://health.example.net. This important constraint may reduce flexibility; therefore, the final method must remain accurate and safe.

A minor company can use an alternative procedure to improve customer support. The method should commence with a rapid check, choose only important passages, and end with a precise report. Daniel Ortiz asked the group not to alter 12 contract values or the reference https://contracts.example.io/v2.

The archive system stores a large collection of historical passage. Researchers want to evaluate a straightforward method that can change common expressions while preserving factual data. Sofia Martin noted that the project has 63 documents and no permission to modify the citation “River Survey, 1984” or https://archive.example.edu.",1.0,,,,
en-003+en-004+en-005+en-006,en,kgw,simple_paraphrase,fixed,"The hospital plans to produce a quick review service for clinical content. Dr. Maya Chen will check 37 records, but the service must never modify patient identifiers, medicine quantities, or the address https://health.example.net. This significant constraint may reduce flexibility; therefore, the final procedure must remain precise and protected.

A minor company can use an alternative procedure to improve user support. The workflow should begin with a quick verify, select only significant passages, and finish with a accurate report. Daniel Ortiz asked the group not to alter 12 contract values or the reference https://contracts.example.io/v2.

The archive system stores a considerable collection of historical passage. Researchers want to evaluate a direct procedure that can change frequent expressions while preserving factual information. Sofia Martin noted that the project has 63 documents and no permission to modify the citation “River Survey, 1984” or https://archive.example.edu.

An significant benefit of the new service is its ability to reduce manual work. The workflow can assist the analyst, demonstrate unusual text, and create a definite finding. Yet, Priya Nair said the tool must not replace 9 legal terms, personal names, or links such as https://law.example.org/policy.","The hospital plans to produce a quick review platform for clinical text. Dr. Maya Chen will check 37 records, but the platform must never modify patient identifiers, medicine quantities, or the address https://health.example.net. This important constraint may reduce flexibility; consequently, the final procedure must remain precise and protected.

A limited company can utilize an alternative method to enhance customer support. The process should start with a rapid inspect, pick only significant passages, and finish with a precise report. Daniel Ortiz asked the group not to alter 12 contract values or the reference https://contracts.example.io/v2.

The archive system stores a large collection of historical content. Researchers want to evaluate a simple method that can change frequent expressions while preserving factual details. Sofia Martin noted that the project has 63 documents and no permission to modify the citation “River Survey, 1984” or https://archive.example.edu.

An important merit of the new service is its ability to decrease manual work. The workflow can assist the analyst, show unusual passage, and create a definite result. However, Priya Nair said the tool must not replace 9 legal terms, personal names, or links such as https://law.example.org/policy.",1.0,,,,
en-003+en-004+en-005+en-006,en,kgw,sira,paper_default,"The hospital plans to produce a quick review service for clinical content. Dr. Maya Chen will check 37 records, but the service must never modify patient identifiers, medicine quantities, or the address https://health.example.net. This significant constraint may reduce flexibility; therefore, the final procedure must remain precise and protected.

A minor company can use an alternative procedure to improve user support. The workflow should begin with a quick verify, select only significant passages, and finish with a accurate report. Daniel Ortiz asked the group not to alter 12 contract values or the reference https://contracts.example.io/v2.

The archive system stores a considerable collection of historical passage. Researchers want to evaluate a direct procedure that can change frequent expressions while preserving factual information. Sofia Martin noted that the project has 63 documents and no permission to modify the citation “River Survey, 1984” or https://archive.example.edu.

An significant benefit of the new service is its ability to reduce manual work. The workflow can assist the analyst, demonstrate unusual text, and create a definite finding. Yet, Priya Nair said the tool must not replace 9 legal terms, personal names, or links such as https://law.example.org/policy.","The hospital plans to create a quick review system for clinical text. Dr. Maya Chen will check 37 records, but the system must never modify patient identifiers, medicine quantities, or the address https://health.example.net. This important constraint may reduce flexibility; therefore, the final method must remain accurate and safe.

A small company can use an alternative method to improve customer support. The process should begin with a quick check, choose only important passages, and end with a accurate report. Daniel Ortiz asked the group not to alter 12 contract values or the reference https://contracts.example.io/v2.

The archive system stores a large collection of historical text. Researchers want to evaluate a simple method that can change common expressions while preserving factual data. Sofia Martin noted that the project has 63 documents and no permission to modify the citation “River Survey, 1984” or https://archive.example.edu.

An important value of the new system is its ability to reduce manual work. The process can assist the analyst, show unusual text, and build a clear result. However, Priya Nair said the tool must not replace 9 legal terms, personal names, or links such as https://law.example.org/policy.",1.0,,,,
en-003+en-004+en-005+en-006,en,kgw,bira,paper_proxy,"The hospital plans to produce a quick review service for clinical content. Dr. Maya Chen will check 37 records, but the service must never modify patient identifiers, medicine quantities, or the address https://health.example.net. This significant constraint may reduce flexibility; therefore, the final procedure must remain precise and protected.

A minor company can use an alternative procedure to improve user support. The workflow should begin with a quick verify, select only significant passages, and finish with a accurate report. Daniel Ortiz asked the group not to alter 12 contract values or the reference https://contracts.example.io/v2.

The archive system stores a considerable collection of historical passage. Researchers want to evaluate a direct procedure that can change frequent expressions while preserving factual information. Sofia Martin noted that the project has 63 documents and no permission to modify the citation “River Survey, 1984” or https://archive.example.edu.

An significant benefit of the new service is its ability to reduce manual work. The workflow can assist the analyst, demonstrate unusual text, and create a definite finding. Yet, Priya Nair said the tool must not replace 9 legal terms, personal names, or links such as https://law.example.org/policy.","The hospital plans to create a quick review system for clinical text. Dr. Maya Chen will check 37 records, but the system must never modify patient identifiers, medicine quantities, or the address https://health.example.net. This important constraint may reduce flexibility; therefore, the final method must remain accurate and safe.

A small company can use an alternative method to improve user support. The process should begin with a quick check, choose only important passages, and end with a accurate report. Daniel Ortiz asked the group not to alter 12 contract values or the reference https://contracts.example.io/v2.

The archive system stores a large collection of historical text. Researchers want to evaluate a simple method that can change common expressions while preserving factual data. Sofia Martin noted that the project has 63 documents and no permission to modify the citation “River Survey, 1984” or https://archive.example.edu.

An important value of the new system is its ability to reduce manual work. The process can assist the analyst, show unusual text, and create a clear result. However, Priya Nair said the tool must not replace 9 legal terms, personal names, or links such as https://law.example.org/policy.",1.0,,,,
en-003+en-004+en-005+en-006,en,kgw,bira_position_aware,intermediate,"The hospital plans to produce a quick review service for clinical content. Dr. Maya Chen will check 37 records, but the service must never modify patient identifiers, medicine quantities, or the address https://health.example.net. This significant constraint may reduce flexibility; therefore, the final procedure must remain precise and protected.

A minor company can use an alternative procedure to improve user support. The workflow should begin with a quick verify, select only significant passages, and finish with a accurate report. Daniel Ortiz asked the group not to alter 12 contract values or the reference https://contracts.example.io/v2.

The archive system stores a considerable collection of historical passage. Researchers want to evaluate a direct procedure that can change frequent expressions while preserving factual information. Sofia Martin noted that the project has 63 documents and no permission to modify the citation “River Survey, 1984” or https://archive.example.edu.

An significant benefit of the new service is its ability to reduce manual work. The workflow can assist the analyst, demonstrate unusual text, and create a definite finding. Yet, Priya Nair said the tool must not replace 9 legal terms, personal names, or links such as https://law.example.org/policy.","The hospital plans to create a quick review service for clinical text. Dr. Maya Chen will check 37 records, but the service must never modify patient identifiers, medicine quantities, or the address https://health.example.net. This important constraint may reduce flexibility; therefore, the final method must remain precise and safe.

A minor company can use an alternative method to improve user support. The process should begin with a quick check, select only important passages, and finish with a accurate report. Daniel Ortiz asked the group not to alter 12 contract values or the reference https://contracts.example.io/v2.

The archive system stores a large collection of historical passage. Researchers want to evaluate a simple procedure that can change common expressions while preserving factual information. Sofia Martin noted that the project has 63 documents and no permission to modify the citation “River Survey, 1984” or https://archive.example.edu.

An important benefit of the new service is its ability to reduce manual work. The process can assist the analyst, show unusual text, and create a clear finding. Yet, Priya Nair said the tool must not replace 9 legal terms, personal names, or links such as https://law.example.org/policy.",1.0,,,,
en-003+en-004+en-005+en-006,en,unigram,simple_paraphrase,fixed,"The hospital plans to build a rapid review system for clinical content. Dr. Maya Chen will verify 37 records, but the system must never modify patient identifiers, medicine quantities, or the address https://health.example.net. This relevant constraint may reduce flexibility; thus, the final procedure must remain precise and protected.

A limited company can employ an alternative procedure to enhance customer support. The procedure should begin with a rapid verify, pick only relevant passages, and finish with a precise report. Daniel Ortiz asked the group not to alter 12 contract values or the reference https://contracts.example.io/v2.

The archive system stores a considerable collection of historical content. Researchers want to evaluate a straightforward procedure that can change frequent expressions while preserving factual information. Sofia Martin noted that the project has 63 documents and no permission to modify the citation “River Survey, 1984” or https://archive.example.edu.

An relevant value of the new system is its ability to reduce manual work. The procedure can assist the analyst, show unusual content, and build a definite outcome. However, Priya Nair said the tool must not replace 9 legal terms, personal names, or links such as https://law.example.org/policy.","The hospital plans to produce a fast review service for clinical text. Dr. Maya Chen will verify 37 records, but the system must never modify patient identifiers, medicine quantities, or the address https://health.example.net. This relevant constraint may reduce flexibility; therefore, the final method must remain precise and protected.

A limited company can use an alternative method to enhance person support. The method should start with a fast inspect, choose only significant passages, and finish with a correct report. Daniel Ortiz asked the group not to alter 12 contract values or the reference https://contracts.example.io/v2.

The archive system stores a large collection of historical content. Researchers want to evaluate a direct method that can change frequent expressions while preserving factual details. Sofia Martin noted that the project has 63 documents and no permission to modify the citation “River Survey, 1984” or https://archive.example.edu.

An significant benefit of the new system is its ability to decrease manual work. The method can assist the analyst, indicate unusual content, and produce a definite finding. Nevertheless, Priya Nair said the tool must not replace 9 legal terms, personal names, or links such as https://law.example.org/policy.",1.0,,,,
en-003+en-004+en-005+en-006,en,unigram,sira,paper_default,"The hospital plans to build a rapid review system for clinical content. Dr. Maya Chen will verify 37 records, but the system must never modify patient identifiers, medicine quantities, or the address https://health.example.net. This relevant constraint may reduce flexibility; thus, the final procedure must remain precise and protected.

A limited company can employ an alternative procedure to enhance customer support. The procedure should begin with a rapid verify, pick only relevant passages, and finish with a precise report. Daniel Ortiz asked the group not to alter 12 contract values or the reference https://contracts.example.io/v2.

The archive system stores a considerable collection of historical content. Researchers want to evaluate a straightforward procedure that can change frequent expressions while preserving factual information. Sofia Martin noted that the project has 63 documents and no permission to modify the citation “River Survey, 1984” or https://archive.example.edu.

An relevant value of the new system is its ability to reduce manual work. The procedure can assist the analyst, show unusual content, and build a definite outcome. However, Priya Nair said the tool must not replace 9 legal terms, personal names, or links such as https://law.example.org/policy.","The hospital plans to create a quick review system for clinical text. Dr. Maya Chen will check 37 records, but the system must never modify patient identifiers, medicine quantities, or the address https://health.example.net. This important constraint may reduce flexibility; therefore, the final method must remain accurate and safe.

A small company can use an alternative method to improve user support. The method should begin with a rapid check, choose only important passages, and end with a precise report. Daniel Ortiz asked the group not to alter 12 contract values or the reference https://contracts.example.io/v2.

The archive system stores a large collection of historical text. Researchers want to evaluate a simple method that can change common expressions while preserving factual data. Sofia Martin noted that the project has 63 documents and no permission to modify the citation “River Survey, 1984” or https://archive.example.edu.

An important value of the new system is its ability to reduce manual work. The method can assist the analyst, show unusual text, and create a clear result. However, Priya Nair said the tool must not replace 9 legal terms, personal names, or links such as https://law.example.org/policy.",1.0,,,,
en-003+en-004+en-005+en-006,en,unigram,bira,paper_proxy,"The hospital plans to build a rapid review system for clinical content. Dr. Maya Chen will verify 37 records, but the system must never modify patient identifiers, medicine quantities, or the address https://health.example.net. This relevant constraint may reduce flexibility; thus, the final procedure must remain precise and protected.

A limited company can employ an alternative procedure to enhance customer support. The procedure should begin with a rapid verify, pick only relevant passages, and finish with a precise report. Daniel Ortiz asked the group not to alter 12 contract values or the reference https://contracts.example.io/v2.

The archive system stores a considerable collection of historical content. Researchers want to evaluate a straightforward procedure that can change frequent expressions while preserving factual information. Sofia Martin noted that the project has 63 documents and no permission to modify the citation “River Survey, 1984” or https://archive.example.edu.

An relevant value of the new system is its ability to reduce manual work. The procedure can assist the analyst, show unusual content, and build a definite outcome. However, Priya Nair said the tool must not replace 9 legal terms, personal names, or links such as https://law.example.org/policy.","The hospital plans to create a quick review system for clinical text. Dr. Maya Chen will check 37 records, but the system must never modify patient identifiers, medicine quantities, or the address https://health.example.net. This important constraint may reduce flexibility; therefore, the final method must remain accurate and safe.

A small company can use an alternative method to improve user support. The method should begin with a quick check, choose only important passages, and end with a accurate report. Daniel Ortiz asked the group not to alter 12 contract values or the reference https://contracts.example.io/v2.

The archive system stores a large collection of historical text. Researchers want to evaluate a simple method that can change common expressions while preserving factual data. Sofia Martin noted that the project has 63 documents and no permission to modify the citation “River Survey, 1984” or https://archive.example.edu.

An important value of the new system is its ability to reduce manual work. The method can assist the analyst, show unusual text, and create a clear result. However, Priya Nair said the tool must not replace 9 legal terms, personal names, or links such as https://law.example.org/policy.",1.0,,,,
en-003+en-004+en-005+en-006,en,unigram,bira_position_aware,intermediate,"The hospital plans to build a rapid review system for clinical content. Dr. Maya Chen will verify 37 records, but the system must never modify patient identifiers, medicine quantities, or the address https://health.example.net. This relevant constraint may reduce flexibility; thus, the final procedure must remain precise and protected.

A limited company can employ an alternative procedure to enhance customer support. The procedure should begin with a rapid verify, pick only relevant passages, and finish with a precise report. Daniel Ortiz asked the group not to alter 12 contract values or the reference https://contracts.example.io/v2.

The archive system stores a considerable collection of historical content. Researchers want to evaluate a straightforward procedure that can change frequent expressions while preserving factual information. Sofia Martin noted that the project has 63 documents and no permission to modify the citation “River Survey, 1984” or https://archive.example.edu.

An relevant value of the new system is its ability to reduce manual work. The procedure can assist the analyst, show unusual content, and build a definite outcome. However, Priya Nair said the tool must not replace 9 legal terms, personal names, or links such as https://law.example.org/policy.","The hospital plans to create a rapid review system for clinical text. Dr. Maya Chen will check 37 records, but the system must never modify patient identifiers, medicine quantities, or the address https://health.example.net. This relevant constraint may reduce flexibility; therefore, the final method must remain precise and protected.

A small company can employ an alternative method to enhance customer support. The method should begin with a rapid verify, choose only relevant passages, and finish with a precise report. Daniel Ortiz asked the group not to alter 12 contract values or the reference https://contracts.example.io/v2.

The archive system stores a large collection of historical text. Researchers want to evaluate a straightforward method that can change common expressions while preserving factual information. Sofia Martin noted that the project has 63 documents and no permission to modify the citation “River Survey, 1984” or https://archive.example.edu.

An relevant value of the new system is its ability to reduce manual work. The method can assist the analyst, show unusual text, and build a clear outcome. However, Priya Nair said the tool must not replace 9 legal terms, personal names, or links such as https://law.example.org/policy.",1.0,,,,
en-003+en-004+en-005+en-006,en,synthid_tournament,simple_paraphrase,fixed,"The hospital plans to produce a quick review platform for clinical content. Dr. Maya Chen will check 37 records, but the system must never modify patient identifiers, medicine quantities, or the address https://health.example.net. This significant constraint may reduce flexibility; consequently, the final technique must remain accurate and protected.

A minor company can employ an alternative procedure to improve customer support. The procedure should commence with a rapid check, pick only important passages, and end with a precise report. Daniel Ortiz asked the group not to alter 12 contract values or the reference https://contracts.example.io/v2.

The archive system stores a large collection of historical passage. Researchers want to evaluate a straightforward procedure that can change common expressions while preserving factual data. Sofia Martin noted that the project has 63 documents and no permission to modify the citation “River Survey, 1984” or https://archive.example.edu.

An significant value of the new platform is its ability to reduce manual work. The procedure can assist the analyst, demonstrate unusual text, and produce a definite finding. Nevertheless, Priya Nair said the tool must not replace 9 legal terms, personal names, or links such as https://law.example.org/policy.","The hospital plans to produce a quick review system for clinical text. Dr. Maya Chen will check 37 records, but the system must never modify patient identifiers, medicine quantities, or the address https://health.example.net. This important constraint may reduce flexibility; consequently, the final technique must remain precise and protected.

A limited company can employ an alternative method to enhance person support. The method should commence with a fast check, choose only relevant passages, and finish with a correct report. Daniel Ortiz asked the group not to alter 12 contract values or the reference https://contracts.example.io/v2.

The archive system stores a substantial collection of historical content. Researchers want to evaluate a direct method that can change frequent expressions while preserving factual information. Sofia Martin noted that the project has 63 documents and no permission to modify the citation “River Survey, 1984” or https://archive.example.edu.

An important value of the new system is its ability to decrease manual work. The method can assist the analyst, show unusual passage, and produce a definite result. Yet, Priya Nair said the tool must not replace 9 legal terms, personal names, or links such as https://law.example.org/policy.",1.0,,,,
en-003+en-004+en-005+en-006,en,synthid_tournament,sira,paper_default,"The hospital plans to produce a quick review platform for clinical content. Dr. Maya Chen will check 37 records, but the system must never modify patient identifiers, medicine quantities, or the address https://health.example.net. This significant constraint may reduce flexibility; consequently, the final technique must remain accurate and protected.

A minor company can employ an alternative procedure to improve customer support. The procedure should commence with a rapid check, pick only important passages, and end with a precise report. Daniel Ortiz asked the group not to alter 12 contract values or the reference https://contracts.example.io/v2.

The archive system stores a large collection of historical passage. Researchers want to evaluate a straightforward procedure that can change common expressions while preserving factual data. Sofia Martin noted that the project has 63 documents and no permission to modify the citation “River Survey, 1984” or https://archive.example.edu.

An significant value of the new platform is its ability to reduce manual work. The procedure can assist the analyst, demonstrate unusual text, and produce a definite finding. Nevertheless, Priya Nair said the tool must not replace 9 legal terms, personal names, or links such as https://law.example.org/policy.","The hospital plans to create a quick review system for clinical text. Dr. Maya Chen will check 37 records, but the system must never modify patient identifiers, medicine quantities, or the address https://health.example.net. This important constraint may reduce flexibility; therefore, the final method must remain accurate and safe.

A small company can use an alternative method to improve user support. The method should begin with a quick verify, choose only important passages, and finish with a accurate report. Daniel Ortiz asked the group not to alter 12 contract values or the reference https://contracts.example.io/v2.

The archive system stores a large collection of historical text. Researchers want to evaluate a simple method that can change common expressions while preserving factual information. Sofia Martin noted that the project has 63 documents and no permission to modify the citation “River Survey, 1984” or https://archive.example.edu.

An important benefit of the new system is its ability to reduce manual work. The method can assist the analyst, show unusual text, and create a clear result. However, Priya Nair said the tool must not replace 9 legal terms, personal names, or links such as https://law.example.org/policy.",1.0,,,,
en-003+en-004+en-005+en-006,en,synthid_tournament,bira,paper_proxy,"The hospital plans to produce a quick review platform for clinical content. Dr. Maya Chen will check 37 records, but the system must never modify patient identifiers, medicine quantities, or the address https://health.example.net. This significant constraint may reduce flexibility; consequently, the final technique must remain accurate and protected.

A minor company can employ an alternative procedure to improve customer support. The procedure should commence with a rapid check, pick only important passages, and end with a precise report. Daniel Ortiz asked the group not to alter 12 contract values or the reference https://contracts.example.io/v2.

The archive system stores a large collection of historical passage. Researchers want to evaluate a straightforward procedure that can change common expressions while preserving factual data. Sofia Martin noted that the project has 63 documents and no permission to modify the citation “River Survey, 1984” or https://archive.example.edu.

An significant value of the new platform is its ability to reduce manual work. The procedure can assist the analyst, demonstrate unusual text, and produce a definite finding. Nevertheless, Priya Nair said the tool must not replace 9 legal terms, personal names, or links such as https://law.example.org/policy.","The hospital plans to create a quick review system for clinical text. Dr. Maya Chen will check 37 records, but the system must never modify patient identifiers, medicine quantities, or the address https://health.example.net. This important constraint may reduce flexibility; therefore, the final method must remain accurate and safe.

A small company can use an alternative method to improve user support. The method should begin with a quick check, choose only important passages, and end with a accurate report. Daniel Ortiz asked the group not to alter 12 contract values or the reference https://contracts.example.io/v2.

The archive system stores a large collection of historical text. Researchers want to evaluate a simple method that can change common expressions while preserving factual data. Sofia Martin noted that the project has 63 documents and no permission to modify the citation “River Survey, 1984” or https://archive.example.edu.

An important value of the new system is its ability to reduce manual work. The method can assist the analyst, show unusual text, and create a clear result. However, Priya Nair said the tool must not replace 9 legal terms, personal names, or links such as https://law.example.org/policy.",1.0,,,,
en-003+en-004+en-005+en-006,en,synthid_tournament,bira_position_aware,intermediate,"The hospital plans to produce a quick review platform for clinical content. Dr. Maya Chen will check 37 records, but the system must never modify patient identifiers, medicine quantities, or the address https://health.example.net. This significant constraint may reduce flexibility; consequently, the final technique must remain accurate and protected.

A minor company can employ an alternative procedure to improve customer support. The procedure should commence with a rapid check, pick only important passages, and end with a precise report. Daniel Ortiz asked the group not to alter 12 contract values or the reference https://contracts.example.io/v2.

The archive system stores a large collection of historical passage. Researchers want to evaluate a straightforward procedure that can change common expressions while preserving factual data. Sofia Martin noted that the project has 63 documents and no permission to modify the citation “River Survey, 1984” or https://archive.example.edu.

An significant value of the new platform is its ability to reduce manual work. The procedure can assist the analyst, demonstrate unusual text, and produce a definite finding. Nevertheless, Priya Nair said the tool must not replace 9 legal terms, personal names, or links such as https://law.example.org/policy.","The hospital plans to create a quick review system for clinical content. Dr. Maya Chen will check 37 records, but the system must never modify patient identifiers, medicine quantities, or the address https://health.example.net. This important constraint may reduce flexibility; therefore, the final method must remain accurate and safe.

A minor company can use an alternative procedure to improve customer support. The method should commence with a rapid check, choose only important passages, and end with a precise report. Daniel Ortiz asked the group not to alter 12 contract values or the reference https://contracts.example.io/v2.

The archive system stores a large collection of historical text. Researchers want to evaluate a straightforward method that can change common expressions while preserving factual data. Sofia Martin noted that the project has 63 documents and no permission to modify the citation “River Survey, 1984” or https://archive.example.edu.

An important value of the new system is its ability to reduce manual work. The method can assist the analyst, show unusual text, and produce a clear finding. Nevertheless, Priya Nair said the tool must not replace 9 legal terms, personal names, or links such as https://law.example.org/policy.",1.0,,,,
en-004+en-005+en-006+en-007,en,kgw,simple_paraphrase,fixed,"A minor company can use an alternative procedure to improve user support. The workflow should begin with a quick verify, select only significant passages, and finish with a accurate report. Daniel Ortiz asked the group not to alter 12 contract values or the reference https://contracts.example.io/v2.

The archive system stores a considerable collection of historical passage. Researchers want to evaluate a direct procedure that can change frequent expressions while preserving factual information. Sofia Martin noted that the project has 63 documents and no permission to modify the citation “River Survey, 1984” or https://archive.example.edu.

An significant benefit of the new service is its ability to reduce manual work. The workflow can assist the analyst, demonstrate unusual text, and create a definite finding. Yet, Priya Nair said the tool must not replace 9 legal terms, personal names, or links such as https://law.example.org/policy.

The engineering group will build a safe passage platform and test three separate strategies. A direct baseline may be quick, while a difficult approach could keep more information. Oliver Grant will evaluate 42 outputs, and the team will not change the specification at https://engineering.example.com/spec.","A minor company can utilize an alternative procedure to enhance user support. The process should start with a rapid verify, pick only significant passages, and conclude with a accurate report. Daniel Ortiz asked the group not to alter 12 contract values or the reference https://contracts.example.io/v2.

The archive service stores a considerable collection of historical passage. Researchers want to evaluate a simple procedure that can change frequent expressions while preserving factual details. Sofia Martin noted that the project has 63 documents and no permission to modify the citation “River Survey, 1984” or https://archive.example.edu.

An significant merit of the new platform is its ability to decrease manual work. The workflow can assist the analyst, demonstrate unusual passage, and build a clear result. Yet, Priya Nair said the tool must not replace 9 legal terms, personal names, or links such as https://law.example.org/policy.

The engineering group will produce a secure content system and test three different strategies. A simple baseline may be rapid, while a intricate approach could preserve more details. Oliver Grant will evaluate 42 outputs, and the team will not change the specification at https://engineering.example.com/spec.",1.0,,,,
en-004+en-005+en-006+en-007,en,kgw,sira,paper_default,"A minor company can use an alternative procedure to improve user support. The workflow should begin with a quick verify, select only significant passages, and finish with a accurate report. Daniel Ortiz asked the group not to alter 12 contract values or the reference https://contracts.example.io/v2.

The archive system stores a considerable collection of historical passage. Researchers want to evaluate a direct procedure that can change frequent expressions while preserving factual information. Sofia Martin noted that the project has 63 documents and no permission to modify the citation “River Survey, 1984” or https://archive.example.edu.

An significant benefit of the new service is its ability to reduce manual work. The workflow can assist the analyst, demonstrate unusual text, and create a definite finding. Yet, Priya Nair said the tool must not replace 9 legal terms, personal names, or links such as https://law.example.org/policy.

The engineering group will build a safe passage platform and test three separate strategies. A direct baseline may be quick, while a difficult approach could keep more information. Oliver Grant will evaluate 42 outputs, and the team will not change the specification at https://engineering.example.com/spec.","A small company can use an alternative method to improve user support. The process should begin with a quick check, choose only important passages, and end with a accurate report. Daniel Ortiz asked the group not to alter 12 contract values or the reference https://contracts.example.io/v2.

The archive system stores a large collection of historical text. Researchers want to evaluate a simple method that can change common expressions while preserving factual data. Sofia Martin noted that the project has 63 documents and no permission to modify the citation “River Survey, 1984” or https://archive.example.edu.

An important value of the new system is its ability to reduce manual work. The process can assist the analyst, show unusual text, and create a clear result. However, Priya Nair said the tool must not replace 9 legal terms, personal names, or links such as https://law.example.org/policy.

The engineering group will create a secure text system and test three different strategies. A simple baseline may be quick, while a complex approach could keep more data. Oliver Grant will evaluate 42 outputs, and the team will not change the specification at https://engineering.example.com/spec.",1.0,,,,
en-004+en-005+en-006+en-007,en,kgw,bira,paper_proxy,"A minor company can use an alternative procedure to improve user support. The workflow should begin with a quick verify, select only significant passages, and finish with a accurate report. Daniel Ortiz asked the group not to alter 12 contract values or the reference https://contracts.example.io/v2.

The archive system stores a considerable collection of historical passage. Researchers want to evaluate a direct procedure that can change frequent expressions while preserving factual information. Sofia Martin noted that the project has 63 documents and no permission to modify the citation “River Survey, 1984” or https://archive.example.edu.

An significant benefit of the new service is its ability to reduce manual work. The workflow can assist the analyst, demonstrate unusual text, and create a definite finding. Yet, Priya Nair said the tool must not replace 9 legal terms, personal names, or links such as https://law.example.org/policy.

The engineering group will build a safe passage platform and test three separate strategies. A direct baseline may be quick, while a difficult approach could keep more information. Oliver Grant will evaluate 42 outputs, and the team will not change the specification at https://engineering.example.com/spec.","A small company can use an alternative method to improve user support. The process should begin with a quick check, choose only important passages, and end with a accurate report. Daniel Ortiz asked the group not to alter 12 contract values or the reference https://contracts.example.io/v2.

The archive system stores a large collection of historical text. Researchers want to evaluate a simple method that can change common expressions while preserving factual data. Sofia Martin noted that the project has 63 documents and no permission to modify the citation “River Survey, 1984” or https://archive.example.edu.

An important value of the new system is its ability to reduce manual work. The process can assist the analyst, show unusual text, and create a clear result. However, Priya Nair said the tool must not replace 9 legal terms, personal names, or links such as https://law.example.org/policy.

The engineering group will create a safe text system and test three different strategies. A simple baseline may be quick, while a complex approach could keep more data. Oliver Grant will evaluate 42 outputs, and the team will not change the specification at https://engineering.example.com/spec.",1.0,,,,
en-004+en-005+en-006+en-007,en,kgw,bira_position_aware,intermediate,"A minor company can use an alternative procedure to improve user support. The workflow should begin with a quick verify, select only significant passages, and finish with a accurate report. Daniel Ortiz asked the group not to alter 12 contract values or the reference https://contracts.example.io/v2.

The archive system stores a considerable collection of historical passage. Researchers want to evaluate a direct procedure that can change frequent expressions while preserving factual information. Sofia Martin noted that the project has 63 documents and no permission to modify the citation “River Survey, 1984” or https://archive.example.edu.

An significant benefit of the new service is its ability to reduce manual work. The workflow can assist the analyst, demonstrate unusual text, and create a definite finding. Yet, Priya Nair said the tool must not replace 9 legal terms, personal names, or links such as https://law.example.org/policy.

The engineering group will build a safe passage platform and test three separate strategies. A direct baseline may be quick, while a difficult approach could keep more information. Oliver Grant will evaluate 42 outputs, and the team will not change the specification at https://engineering.example.com/spec.","A small company can use an alternative method to improve user support. The process should begin with a quick verify, select only important passages, and finish with a accurate report. Daniel Ortiz asked the group not to alter 12 contract values or the reference https://contracts.example.io/v2.

The archive system stores a large collection of historical passage. Researchers want to evaluate a simple procedure that can change common expressions while preserving factual information. Sofia Martin noted that the project has 63 documents and no permission to modify the citation “River Survey, 1984” or https://archive.example.edu.

An important benefit of the new service is its ability to reduce manual work. The process can assist the analyst, show unusual text, and create a clear finding. Yet, Priya Nair said the tool must not replace 9 legal terms, personal names, or links such as https://law.example.org/policy.

The engineering group will build a safe passage system and test three different strategies. A simple baseline may be quick, while a complex approach could keep more information. Oliver Grant will evaluate 42 outputs, and the team will not change the specification at https://engineering.example.com/spec.",1.0,,,,
en-004+en-005+en-006+en-007,en,unigram,simple_paraphrase,fixed,"A limited company can employ an alternative procedure to enhance customer support. The procedure should begin with a rapid verify, pick only relevant passages, and finish with a precise report. Daniel Ortiz asked the group not to alter 12 contract values or the reference https://contracts.example.io/v2.

The archive system stores a considerable collection of historical content. Researchers want to evaluate a straightforward procedure that can change frequent expressions while preserving factual information. Sofia Martin noted that the project has 63 documents and no permission to modify the citation “River Survey, 1984” or https://archive.example.edu.

An relevant value of the new system is its ability to reduce manual work. The procedure can assist the analyst, show unusual content, and build a definite outcome. However, Priya Nair said the tool must not replace 9 legal terms, personal names, or links such as https://law.example.org/policy.

The engineering group will build a protected content system and test three separate strategies. A straightforward baseline may be rapid, while a difficult approach could retain more information. Oliver Grant will evaluate 42 outputs, and the team will not change the specification at https://engineering.example.com/spec.","A small company can use an alternative method to enhance person support. The procedure should start with a rapid inspect, choose only relevant passages, and conclude with a correct report. Daniel Ortiz asked the group not to alter 12 contract values or the reference https://contracts.example.io/v2.

The archive service stores a considerable collection of historical text. Researchers want to evaluate a straightforward procedure that can change frequent expressions while preserving factual details. Sofia Martin noted that the project has 63 documents and no permission to modify the citation “River Survey, 1984” or https://archive.example.edu.

An relevant value of the new service is its ability to decrease manual work. The method can assist the analyst, indicate unusual text, and produce a clear outcome. Nevertheless, Priya Nair said the tool must not replace 9 legal terms, personal names, or links such as https://law.example.org/policy.

The engineering group will produce a safe text system and test three different strategies. A direct baseline may be rapid, while a intricate approach could retain more details. Oliver Grant will evaluate 42 outputs, and the team will not change the specification at https://engineering.example.com/spec.",1.0,,,,
en-004+en-005+en-006+en-007,en,unigram,sira,paper_default,"A limited company can employ an alternative procedure to enhance customer support. The procedure should begin with a rapid verify, pick only relevant passages, and finish with a precise report. Daniel Ortiz asked the group not to alter 12 contract values or the reference https://contracts.example.io/v2.

The archive system stores a considerable collection of historical content. Researchers want to evaluate a straightforward procedure that can change frequent expressions while preserving factual information. Sofia Martin noted that the project has 63 documents and no permission to modify the citation “River Survey, 1984” or https://archive.example.edu.

An relevant value of the new system is its ability to reduce manual work. The procedure can assist the analyst, show unusual content, and build a definite outcome. However, Priya Nair said the tool must not replace 9 legal terms, personal names, or links such as https://law.example.org/policy.

The engineering group will build a protected content system and test three separate strategies. A straightforward baseline may be rapid, while a difficult approach could retain more information. Oliver Grant will evaluate 42 outputs, and the team will not change the specification at https://engineering.example.com/spec.","A small company can use an alternative method to improve user support. The method should begin with a rapid check, choose only important passages, and end with a precise report. Daniel Ortiz asked the group not to alter 12 contract values or the reference https://contracts.example.io/v2.

The archive system stores a large collection of historical text. Researchers want to evaluate a simple method that can change common expressions while preserving factual information. Sofia Martin noted that the project has 63 documents and no permission to modify the citation “River Survey, 1984” or https://archive.example.edu.

An important value of the new system is its ability to reduce manual work. The method can assist the analyst, show unusual text, and create a clear result. However, Priya Nair said the tool must not replace 9 legal terms, personal names, or links such as https://law.example.org/policy.

The engineering group will create a safe text system and test three different strategies. A simple baseline may be quick, while a complex approach could keep more information. Oliver Grant will evaluate 42 outputs, and the team will not change the specification at https://engineering.example.com/spec.",1.0,,,,
en-004+en-005+en-006+en-007,en,unigram,bira,paper_proxy,"A limited company can employ an alternative procedure to enhance customer support. The procedure should begin with a rapid verify, pick only relevant passages, and finish with a precise report. Daniel Ortiz asked the group not to alter 12 contract values or the reference https://contracts.example.io/v2.

The archive system stores a considerable collection of historical content. Researchers want to evaluate a straightforward procedure that can change frequent expressions while preserving factual information. Sofia Martin noted that the project has 63 documents and no permission to modify the citation “River Survey, 1984” or https://archive.example.edu.

An relevant value of the new system is its ability to reduce manual work. The procedure can assist the analyst, show unusual content, and build a definite outcome. However, Priya Nair said the tool must not replace 9 legal terms, personal names, or links such as https://law.example.org/policy.

The engineering group will build a protected content system and test three separate strategies. A straightforward baseline may be rapid, while a difficult approach could retain more information. Oliver Grant will evaluate 42 outputs, and the team will not change the specification at https://engineering.example.com/spec.","A small company can use an alternative method to improve user support. The method should begin with a quick check, choose only important passages, and end with a accurate report. Daniel Ortiz asked the group not to alter 12 contract values or the reference https://contracts.example.io/v2.

The archive system stores a large collection of historical text. Researchers want to evaluate a simple method that can change common expressions while preserving factual data. Sofia Martin noted that the project has 63 documents and no permission to modify the citation “River Survey, 1984” or https://archive.example.edu.

An important value of the new system is its ability to reduce manual work. The method can assist the analyst, show unusual text, and create a clear result. However, Priya Nair said the tool must not replace 9 legal terms, personal names, or links such as https://law.example.org/policy.

The engineering group will create a safe text system and test three different strategies. A simple baseline may be quick, while a complex approach could keep more data. Oliver Grant will evaluate 42 outputs, and the team will not change the specification at https://engineering.example.com/spec.",1.0,,,,
en-004+en-005+en-006+en-007,en,unigram,bira_position_aware,intermediate,"A limited company can employ an alternative procedure to enhance customer support. The procedure should begin with a rapid verify, pick only relevant passages, and finish with a precise report. Daniel Ortiz asked the group not to alter 12 contract values or the reference https://contracts.example.io/v2.

The archive system stores a considerable collection of historical content. Researchers want to evaluate a straightforward procedure that can change frequent expressions while preserving factual information. Sofia Martin noted that the project has 63 documents and no permission to modify the citation “River Survey, 1984” or https://archive.example.edu.

An relevant value of the new system is its ability to reduce manual work. The procedure can assist the analyst, show unusual content, and build a definite outcome. However, Priya Nair said the tool must not replace 9 legal terms, personal names, or links such as https://law.example.org/policy.

The engineering group will build a protected content system and test three separate strategies. A straightforward baseline may be rapid, while a difficult approach could retain more information. Oliver Grant will evaluate 42 outputs, and the team will not change the specification at https://engineering.example.com/spec.","A small company can employ an alternative method to enhance customer support. The method should begin with a rapid verify, choose only relevant passages, and finish with a precise report. Daniel Ortiz asked the group not to alter 12 contract values or the reference https://contracts.example.io/v2.

The archive system stores a large collection of historical text. Researchers want to evaluate a straightforward method that can change common expressions while preserving factual information. Sofia Martin noted that the project has 63 documents and no permission to modify the citation “River Survey, 1984” or https://archive.example.edu.

An important value of the new system is its ability to reduce manual work. The method can assist the analyst, show unusual text, and build a clear outcome. However, Priya Nair said the tool must not replace 9 legal terms, personal names, or links such as https://law.example.org/policy.

The engineering group will build a safe content system and test three different strategies. A straightforward baseline may be rapid, while a difficult approach could keep more information. Oliver Grant will evaluate 42 outputs, and the team will not change the specification at https://engineering.example.com/spec.",1.0,,,,
en-004+en-005+en-006+en-007,en,synthid_tournament,simple_paraphrase,fixed,"A small company can employ an alternative procedure to improve customer support. The procedure should commence with a rapid check, pick only important passages, and end with a precise report. Daniel Ortiz asked the group not to alter 12 contract values or the reference https://contracts.example.io/v2.

The archive system stores a large collection of historical passage. Researchers want to evaluate a straightforward procedure that can change common expressions while preserving factual data. Sofia Martin noted that the project has 63 documents and no permission to modify the citation “River Survey, 1984” or https://archive.example.edu.

An significant value of the new platform is its ability to reduce manual work. The procedure can assist the analyst, demonstrate unusual text, and produce a definite finding. Nevertheless, Priya Nair said the tool must not replace 9 legal terms, personal names, or links such as https://law.example.org/policy.

The engineering group will build a secure content platform and test three different strategies. A simple baseline may be fast, while a complex approach could preserve more data. Oliver Grant will evaluate 42 outputs, and the team will not change the specification at https://engineering.example.com/spec.","A minor company can use an alternative method to enhance person support. The procedure should begin with a rapid verify, choose only relevant passages, and finish with a correct report. Daniel Ortiz asked the group not to alter 12 contract values or the reference https://contracts.example.io/v2.

The archive service stores a large collection of historical passage. Researchers want to evaluate a straightforward procedure that can change frequent expressions while preserving factual information. Sofia Martin noted that the project has 63 documents and no permission to modify the citation “River Survey, 1984” or https://archive.example.edu.

An significant value of the new system is its ability to decrease manual work. The method can assist the analyst, demonstrate unusual passage, and create a clear result. Nevertheless, Priya Nair said the tool must not replace 9 legal terms, personal names, or links such as https://law.example.org/policy.

The engineering group will produce a secure text system and test three different strategies. A straightforward baseline may be fast, while a complex approach could retain more information. Oliver Grant will evaluate 42 outputs, and the team will not change the specification at https://engineering.example.com/spec.",1.0,,,,
en-004+en-005+en-006+en-007,en,synthid_tournament,sira,paper_default,"A small company can employ an alternative procedure to improve customer support. The procedure should commence with a rapid check, pick only important passages, and end with a precise report. Daniel Ortiz asked the group not to alter 12 contract values or the reference https://contracts.example.io/v2.

The archive system stores a large collection of historical passage. Researchers want to evaluate a straightforward procedure that can change common expressions while preserving factual data. Sofia Martin noted that the project has 63 documents and no permission to modify the citation “River Survey, 1984” or https://archive.example.edu.

An significant value of the new platform is its ability to reduce manual work. The procedure can assist the analyst, demonstrate unusual text, and produce a definite finding. Nevertheless, Priya Nair said the tool must not replace 9 legal terms, personal names, or links such as https://law.example.org/policy.

The engineering group will build a secure content platform and test three different strategies. A simple baseline may be fast, while a complex approach could preserve more data. Oliver Grant will evaluate 42 outputs, and the team will not change the specification at https://engineering.example.com/spec.","A small company can use an alternative method to improve user support. The method should begin with a quick check, choose only important passages, and finish with a accurate report. Daniel Ortiz asked the group not to alter 12 contract values or the reference https://contracts.example.io/v2.

The archive system stores a large collection of historical text. Researchers want to evaluate a simple method that can change common expressions while preserving factual information. Sofia Martin noted that the project has 63 documents and no permission to modify the citation “River Survey, 1984” or https://archive.example.edu.

An important benefit of the new system is its ability to reduce manual work. The method can assist the analyst, show unusual text, and create a clear result. However, Priya Nair said the tool must not replace 9 legal terms, personal names, or links such as https://law.example.org/policy.

The engineering group will create a safe text system and test three different strategies. A simple baseline may be quick, while a complex approach could keep more information. Oliver Grant will evaluate 42 outputs, and the team will not change the specification at https://engineering.example.com/spec.",1.0,,,,
en-004+en-005+en-006+en-007,en,synthid_tournament,bira,paper_proxy,"A small company can employ an alternative procedure to improve customer support. The procedure should commence with a rapid check, pick only important passages, and end with a precise report. Daniel Ortiz asked the group not to alter 12 contract values or the reference https://contracts.example.io/v2.

The archive system stores a large collection of historical passage. Researchers want to evaluate a straightforward procedure that can change common expressions while preserving factual data. Sofia Martin noted that the project has 63 documents and no permission to modify the citation “River Survey, 1984” or https://archive.example.edu.

An significant value of the new platform is its ability to reduce manual work. The procedure can assist the analyst, demonstrate unusual text, and produce a definite finding. Nevertheless, Priya Nair said the tool must not replace 9 legal terms, personal names, or links such as https://law.example.org/policy.

The engineering group will build a secure content platform and test three different strategies. A simple baseline may be fast, while a complex approach could preserve more data. Oliver Grant will evaluate 42 outputs, and the team will not change the specification at https://engineering.example.com/spec.","A small company can use an alternative method to improve user support. The method should begin with a quick check, choose only important passages, and end with a accurate report. Daniel Ortiz asked the group not to alter 12 contract values or the reference https://contracts.example.io/v2.

The archive system stores a large collection of historical text. Researchers want to evaluate a simple method that can change common expressions while preserving factual data. Sofia Martin noted that the project has 63 documents and no permission to modify the citation “River Survey, 1984” or https://archive.example.edu.

An important value of the new system is its ability to reduce manual work. The method can assist the analyst, show unusual text, and create a clear result. However, Priya Nair said the tool must not replace 9 legal terms, personal names, or links such as https://law.example.org/policy.

The engineering group will create a safe text system and test three different strategies. A simple baseline may be quick, while a complex approach could keep more data. Oliver Grant will evaluate 42 outputs, and the team will not change the specification at https://engineering.example.com/spec.",1.0,,,,
en-004+en-005+en-006+en-007,en,synthid_tournament,bira_position_aware,intermediate,"A small company can employ an alternative procedure to improve customer support. The procedure should commence with a rapid check, pick only important passages, and end with a precise report. Daniel Ortiz asked the group not to alter 12 contract values or the reference https://contracts.example.io/v2.

The archive system stores a large collection of historical passage. Researchers want to evaluate a straightforward procedure that can change common expressions while preserving factual data. Sofia Martin noted that the project has 63 documents and no permission to modify the citation “River Survey, 1984” or https://archive.example.edu.

An significant value of the new platform is its ability to reduce manual work. The procedure can assist the analyst, demonstrate unusual text, and produce a definite finding. Nevertheless, Priya Nair said the tool must not replace 9 legal terms, personal names, or links such as https://law.example.org/policy.

The engineering group will build a secure content platform and test three different strategies. A simple baseline may be fast, while a complex approach could preserve more data. Oliver Grant will evaluate 42 outputs, and the team will not change the specification at https://engineering.example.com/spec.","A small company can use an alternative procedure to improve user support. The method should commence with a rapid check, choose only important passages, and end with a accurate report. Daniel Ortiz asked the group not to alter 12 contract values or the reference https://contracts.example.io/v2.

The archive system stores a large collection of historical text. Researchers want to evaluate a straightforward method that can change common expressions while preserving factual data. Sofia Martin noted that the project has 63 documents and no permission to modify the citation “River Survey, 1984” or https://archive.example.edu.

An important value of the new system is its ability to reduce manual work. The method can assist the analyst, show unusual text, and produce a clear finding. Nevertheless, Priya Nair said the tool must not replace 9 legal terms, personal names, or links such as https://law.example.org/policy.

The engineering group will build a secure text platform and test three different strategies. A simple baseline may be quick, while a complex approach could keep more data. Oliver Grant will evaluate 42 outputs, and the team will not change the specification at https://engineering.example.com/spec.",1.0,,,,
en-005+en-006+en-007+en-008,en,kgw,simple_paraphrase,fixed,"The archive system stores a considerable collection of historical passage. Researchers want to evaluate a direct procedure that can change frequent expressions while preserving factual information. Sofia Martin noted that the project has 63 documents and no permission to modify the citation “River Survey, 1984” or https://archive.example.edu.

An significant benefit of the new service is its ability to reduce manual work. The workflow can assist the analyst, demonstrate unusual text, and create a definite finding. Yet, Priya Nair said the tool must not replace 9 legal terms, personal names, or links such as https://law.example.org/policy.

The engineering group will build a safe passage platform and test three separate strategies. A direct baseline may be quick, while a difficult approach could keep more information. Oliver Grant will evaluate 42 outputs, and the team will not change the specification at https://engineering.example.com/spec.

The editor wants to employ a accurate procedure to improve a long content without changing its meaning. A quick process can help, but it must preserve the names Ada Lovelace and Charles Babbage, the year 1843, and https://history.example.org. The final outcome should show a considerable quality improvement.","The archive service stores a large collection of historical passage. Researchers want to evaluate a simple method that can change frequent expressions while preserving factual details. Sofia Martin noted that the project has 63 documents and no permission to modify the citation “River Survey, 1984” or https://archive.example.edu.

An important benefit of the new service is its ability to decrease manual work. The workflow can assist the analyst, show unusual passage, and build a clear finding. However, Priya Nair said the tool must not replace 9 legal terms, personal names, or links such as https://law.example.org/policy.

The engineering group will produce a secure content system and test three separate strategies. A simple baseline may be quick, while a difficult approach could preserve more details. Oliver Grant will evaluate 42 outputs, and the team will not change the specification at https://engineering.example.com/spec.

The editor wants to use a precise procedure to enhance a long text without changing its meaning. A rapid procedure can help, but it must preserve the names Ada Lovelace and Charles Babbage, the year 1843, and https://history.example.org. The final outcome should show a large quality improvement.",0.9929078014184397,,,,
en-005+en-006+en-007+en-008,en,kgw,sira,paper_default,"The archive system stores a considerable collection of historical passage. Researchers want to evaluate a direct procedure that can change frequent expressions while preserving factual information. Sofia Martin noted that the project has 63 documents and no permission to modify the citation “River Survey, 1984” or https://archive.example.edu.

An significant benefit of the new service is its ability to reduce manual work. The workflow can assist the analyst, demonstrate unusual text, and create a definite finding. Yet, Priya Nair said the tool must not replace 9 legal terms, personal names, or links such as https://law.example.org/policy.

The engineering group will build a safe passage platform and test three separate strategies. A direct baseline may be quick, while a difficult approach could keep more information. Oliver Grant will evaluate 42 outputs, and the team will not change the specification at https://engineering.example.com/spec.

The editor wants to employ a accurate procedure to improve a long content without changing its meaning. A quick process can help, but it must preserve the names Ada Lovelace and Charles Babbage, the year 1843, and https://history.example.org. The final outcome should show a considerable quality improvement.","The archive system stores a large collection of historical text. Researchers want to evaluate a simple method that can change common expressions while preserving factual data. Sofia Martin noted that the project has 63 documents and no permission to modify the citation “River Survey, 1984” or https://archive.example.edu.

An important value of the new system is its ability to reduce manual work. The process can assist the analyst, show unusual text, and create a clear result. However, Priya Nair said the tool must not replace 9 legal terms, personal names, or links such as https://law.example.org/policy.

The engineering group will create a secure text system and test three different strategies. A simple baseline may be quick, while a complex approach could keep more data. Oliver Grant will evaluate 42 outputs, and the team will not change the specification at https://engineering.example.com/spec.

The editor wants to use a accurate method to improve a long text without changing its meaning. A quick process can help, but it must keep the names Ada Lovelace and Charles Babbage, the year 1843, and https://history.example.org. The final result should show a large quality improvement.",1.0,,,,
en-005+en-006+en-007+en-008,en,kgw,bira,paper_proxy,"The archive system stores a considerable collection of historical passage. Researchers want to evaluate a direct procedure that can change frequent expressions while preserving factual information. Sofia Martin noted that the project has 63 documents and no permission to modify the citation “River Survey, 1984” or https://archive.example.edu.

An significant benefit of the new service is its ability to reduce manual work. The workflow can assist the analyst, demonstrate unusual text, and create a definite finding. Yet, Priya Nair said the tool must not replace 9 legal terms, personal names, or links such as https://law.example.org/policy.

The engineering group will build a safe passage platform and test three separate strategies. A direct baseline may be quick, while a difficult approach could keep more information. Oliver Grant will evaluate 42 outputs, and the team will not change the specification at https://engineering.example.com/spec.

The editor wants to employ a accurate procedure to improve a long content without changing its meaning. A quick process can help, but it must preserve the names Ada Lovelace and Charles Babbage, the year 1843, and https://history.example.org. The final outcome should show a considerable quality improvement.","The archive system stores a large collection of historical text. Researchers want to evaluate a simple method that can change common expressions while preserving factual data. Sofia Martin noted that the project has 63 documents and no permission to modify the citation “River Survey, 1984” or https://archive.example.edu.

An important value of the new system is its ability to reduce manual work. The process can assist the analyst, show unusual text, and create a clear result. However, Priya Nair said the tool must not replace 9 legal terms, personal names, or links such as https://law.example.org/policy.

The engineering group will create a safe text system and test three different strategies. A simple baseline may be quick, while a complex approach could keep more data. Oliver Grant will evaluate 42 outputs, and the team will not change the specification at https://engineering.example.com/spec.

The editor wants to use a accurate method to improve a long text without changing its meaning. A quick process can help, but it must keep the names Ada Lovelace and Charles Babbage, the year 1843, and https://history.example.org. The final result should show a large quality improvement.",1.0,,,,
en-005+en-006+en-007+en-008,en,kgw,bira_position_aware,aggressive,"The archive system stores a considerable collection of historical passage. Researchers want to evaluate a direct procedure that can change frequent expressions while preserving factual information. Sofia Martin noted that the project has 63 documents and no permission to modify the citation “River Survey, 1984” or https://archive.example.edu.

An significant benefit of the new service is its ability to reduce manual work. The workflow can assist the analyst, demonstrate unusual text, and create a definite finding. Yet, Priya Nair said the tool must not replace 9 legal terms, personal names, or links such as https://law.example.org/policy.

The engineering group will build a safe passage platform and test three separate strategies. A direct baseline may be quick, while a difficult approach could keep more information. Oliver Grant will evaluate 42 outputs, and the team will not change the specification at https://engineering.example.com/spec.

The editor wants to employ a accurate procedure to improve a long content without changing its meaning. A quick process can help, but it must preserve the names Ada Lovelace and Charles Babbage, the year 1843, and https://history.example.org. The final outcome should show a considerable quality improvement.","The archive system stores a large collection of historical text. Researchers want to evaluate a simple method that can change common expressions while preserving factual data. Sofia Martin noted that the project has 63 documents and no permission to modify the citation “River Survey, 1984” or https://archive.example.edu.

An important benefit of the new system is its ability to decrease manual work. The process can assist the analyst, show unusual text, and create a clear finding. Yet, Priya Nair said the tool must not replace 9 legal terms, personal names, or links such as https://law.example.org/policy.

The engineering group will create a safe passage system and test three different strategies. A simple baseline may be rapid, while a complex approach could keep more data. Oliver Grant will evaluate 42 outputs, and the team will not change the specification at https://engineering.example.com/spec.

The editor wants to use a accurate method to improve a long text without changing its meaning. A quick workflow can help, but it must keep the names Ada Lovelace and Charles Babbage, the year 1843, and https://history.example.org. The final result should show a large quality improvement.",1.0,,,,
en-005+en-006+en-007+en-008,en,unigram,simple_paraphrase,fixed,"The archive system stores a considerable collection of historical content. Researchers want to evaluate a straightforward procedure that can change frequent expressions while preserving factual information. Sofia Martin noted that the project has 63 documents and no permission to modify the citation “River Survey, 1984” or https://archive.example.edu.

An relevant value of the new system is its ability to reduce manual work. The procedure can assist the analyst, show unusual content, and build a definite outcome. However, Priya Nair said the tool must not replace 9 legal terms, personal names, or links such as https://law.example.org/policy.

The engineering group will build a protected content system and test three separate strategies. A straightforward baseline may be rapid, while a difficult approach could retain more information. Oliver Grant will evaluate 42 outputs, and the team will not change the specification at https://engineering.example.com/spec.

The editor wants to employ a precise procedure to enhance a long content without changing its meaning. A rapid procedure can help, but it must retain the names Ada Lovelace and Charles Babbage, the year 1843, and https://history.example.org. The final outcome should show a considerable quality improvement.","The archive service stores a large collection of historical text. Researchers want to evaluate a straightforward method that can change frequent expressions while preserving factual details. Sofia Martin noted that the project has 63 documents and no permission to modify the citation “River Survey, 1984” or https://archive.example.edu.

An relevant value of the new system is its ability to decrease manual work. The method can assist the analyst, show unusual content, and produce a clear finding. Nevertheless, Priya Nair said the tool must not replace 9 legal terms, personal names, or links such as https://law.example.org/policy.

The engineering group will produce a safe content service and test three separate strategies. A direct baseline may be fast, while a difficult approach could keep more details. Oliver Grant will evaluate 42 outputs, and the team will not change the specification at https://engineering.example.com/spec.

The editor wants to use a correct procedure to refine a long text without changing its meaning. A fast method can help, but it must keep the names Ada Lovelace and Charles Babbage, the year 1843, and https://history.example.org. The final outcome should show a large quality improvement.",1.0,,,,
en-005+en-006+en-007+en-008,en,unigram,sira,paper_default,"The archive system stores a considerable collection of historical content. Researchers want to evaluate a straightforward procedure that can change frequent expressions while preserving factual information. Sofia Martin noted that the project has 63 documents and no permission to modify the citation “River Survey, 1984” or https://archive.example.edu.

An relevant value of the new system is its ability to reduce manual work. The procedure can assist the analyst, show unusual content, and build a definite outcome. However, Priya Nair said the tool must not replace 9 legal terms, personal names, or links such as https://law.example.org/policy.

The engineering group will build a protected content system and test three separate strategies. A straightforward baseline may be rapid, while a difficult approach could retain more information. Oliver Grant will evaluate 42 outputs, and the team will not change the specification at https://engineering.example.com/spec.

The editor wants to employ a precise procedure to enhance a long content without changing its meaning. A rapid procedure can help, but it must retain the names Ada Lovelace and Charles Babbage, the year 1843, and https://history.example.org. The final outcome should show a considerable quality improvement.","The archive system stores a large collection of historical text. Researchers want to evaluate a simple method that can change common expressions while preserving factual data. Sofia Martin noted that the project has 63 documents and no permission to modify the citation “River Survey, 1984” or https://archive.example.edu.

An important value of the new system is its ability to reduce manual work. The method can assist the analyst, show unusual text, and create a clear result. However, Priya Nair said the tool must not replace 9 legal terms, personal names, or links such as https://law.example.org/policy.

The engineering group will create a safe text system and test three different strategies. A simple baseline may be quick, while a complex approach could keep more information. Oliver Grant will evaluate 42 outputs, and the team will not change the specification at https://engineering.example.com/spec.

The editor wants to use a precise method to improve a long text without changing its meaning. A rapid method can help, but it must keep the names Ada Lovelace and Charles Babbage, the year 1843, and https://history.example.org. The final result should show a large quality improvement.",1.0,,,,
en-005+en-006+en-007+en-008,en,unigram,bira,paper_proxy,"The archive system stores a considerable collection of historical content. Researchers want to evaluate a straightforward procedure that can change frequent expressions while preserving factual information. Sofia Martin noted that the project has 63 documents and no permission to modify the citation “River Survey, 1984” or https://archive.example.edu.

An relevant value of the new system is its ability to reduce manual work. The procedure can assist the analyst, show unusual content, and build a definite outcome. However, Priya Nair said the tool must not replace 9 legal terms, personal names, or links such as https://law.example.org/policy.

The engineering group will build a protected content system and test three separate strategies. A straightforward baseline may be rapid, while a difficult approach could retain more information. Oliver Grant will evaluate 42 outputs, and the team will not change the specification at https://engineering.example.com/spec.

The editor wants to employ a precise procedure to enhance a long content without changing its meaning. A rapid procedure can help, but it must retain the names Ada Lovelace and Charles Babbage, the year 1843, and https://history.example.org. The final outcome should show a considerable quality improvement.","The archive system stores a large collection of historical text. Researchers want to evaluate a simple method that can change common expressions while preserving factual data. Sofia Martin noted that the project has 63 documents and no permission to modify the citation “River Survey, 1984” or https://archive.example.edu.

An important value of the new system is its ability to reduce manual work. The method can assist the analyst, show unusual text, and create a clear result. However, Priya Nair said the tool must not replace 9 legal terms, personal names, or links such as https://law.example.org/policy.

The engineering group will create a safe text system and test three different strategies. A simple baseline may be quick, while a complex approach could keep more data. Oliver Grant will evaluate 42 outputs, and the team will not change the specification at https://engineering.example.com/spec.

The editor wants to use a accurate method to improve a long text without changing its meaning. A quick method can help, but it must keep the names Ada Lovelace and Charles Babbage, the year 1843, and https://history.example.org. The final result should show a large quality improvement.",1.0,,,,
en-005+en-006+en-007+en-008,en,unigram,bira_position_aware,intermediate,"The archive system stores a considerable collection of historical content. Researchers want to evaluate a straightforward procedure that can change frequent expressions while preserving factual information. Sofia Martin noted that the project has 63 documents and no permission to modify the citation “River Survey, 1984” or https://archive.example.edu.

An relevant value of the new system is its ability to reduce manual work. The procedure can assist the analyst, show unusual content, and build a definite outcome. However, Priya Nair said the tool must not replace 9 legal terms, personal names, or links such as https://law.example.org/policy.

The engineering group will build a protected content system and test three separate strategies. A straightforward baseline may be rapid, while a difficult approach could retain more information. Oliver Grant will evaluate 42 outputs, and the team will not change the specification at https://engineering.example.com/spec.

The editor wants to employ a precise procedure to enhance a long content without changing its meaning. A rapid procedure can help, but it must retain the names Ada Lovelace and Charles Babbage, the year 1843, and https://history.example.org. The final outcome should show a considerable quality improvement.","The archive system stores a large collection of historical text. Researchers want to evaluate a straightforward method that can change frequent expressions while preserving factual information. Sofia Martin noted that the project has 63 documents and no permission to modify the citation “River Survey, 1984” or https://archive.example.edu.

An relevant value of the new system is its ability to reduce manual work. The method can assist the analyst, show unusual text, and build a clear outcome. However, Priya Nair said the tool must not replace 9 legal terms, personal names, or links such as https://law.example.org/policy.

The engineering group will build a safe content system and test three different strategies. A straightforward baseline may be rapid, while a difficult approach could keep more information. Oliver Grant will evaluate 42 outputs, and the team will not change the specification at https://engineering.example.com/spec.

The editor wants to use a precise procedure to enhance a long text without changing its meaning. A rapid method can help, but it must keep the names Ada Lovelace and Charles Babbage, the year 1843, and https://history.example.org. The final outcome should show a large quality improvement.",1.0,,,,
en-005+en-006+en-007+en-008,en,synthid_tournament,simple_paraphrase,fixed,"The archive service stores a large collection of historical passage. Researchers want to evaluate a straightforward procedure that can change common expressions while preserving factual data. Sofia Martin noted that the project has 63 documents and no permission to modify the citation “River Survey, 1984” or https://archive.example.edu.

An significant value of the new platform is its ability to reduce manual work. The procedure can assist the analyst, demonstrate unusual text, and produce a definite finding. Nevertheless, Priya Nair said the tool must not replace 9 legal terms, personal names, or links such as https://law.example.org/policy.

The engineering group will build a secure content platform and test three different strategies. A simple baseline may be fast, while a complex approach could preserve more data. Oliver Grant will evaluate 42 outputs, and the team will not change the specification at https://engineering.example.com/spec.

The editor wants to employ a accurate technique to improve a long passage without changing its meaning. A rapid procedure can help, but it must preserve the names Ada Lovelace and Charles Babbage, the year 1843, and https://history.example.org. The final finding should demonstrate a substantial quality improvement.","The archive platform stores a substantial collection of historical passage. Researchers want to evaluate a straightforward method that can change frequent expressions while preserving factual information. Sofia Martin noted that the project has 63 documents and no permission to modify the citation “River Survey, 1984” or https://archive.example.edu.

An important value of the new system is its ability to decrease manual work. The method can assist the analyst, show unusual passage, and produce a clear finding. Yet, Priya Nair said the tool must not replace 9 legal terms, personal names, or links such as https://law.example.org/policy.

The engineering group will produce a protected content system and test three distinct strategies. A straightforward baseline may be quick, while a difficult approach could retain more data. Oliver Grant will evaluate 42 outputs, and the team will not change the specification at https://engineering.example.com/spec.

The editor wants to use a precise technique to improve a long passage without changing its meaning. A fast method can help, but it must preserve the names Ada Lovelace and Charles Babbage, the year 1843, and https://history.example.org. The final finding should demonstrate a considerable quality improvement.",1.0,,,,
en-005+en-006+en-007+en-008,en,synthid_tournament,sira,paper_default,"The archive service stores a large collection of historical passage. Researchers want to evaluate a straightforward procedure that can change common expressions while preserving factual data. Sofia Martin noted that the project has 63 documents and no permission to modify the citation “River Survey, 1984” or https://archive.example.edu.

An significant value of the new platform is its ability to reduce manual work. The procedure can assist the analyst, demonstrate unusual text, and produce a definite finding. Nevertheless, Priya Nair said the tool must not replace 9 legal terms, personal names, or links such as https://law.example.org/policy.

The engineering group will build a secure content platform and test three different strategies. A simple baseline may be fast, while a complex approach could preserve more data. Oliver Grant will evaluate 42 outputs, and the team will not change the specification at https://engineering.example.com/spec.

The editor wants to employ a accurate technique to improve a long passage without changing its meaning. A rapid procedure can help, but it must preserve the names Ada Lovelace and Charles Babbage, the year 1843, and https://history.example.org. The final finding should demonstrate a substantial quality improvement.","The archive system stores a large collection of historical text. Researchers want to evaluate a simple method that can change common expressions while preserving factual data. Sofia Martin noted that the project has 63 documents and no permission to modify the citation “River Survey, 1984” or https://archive.example.edu.

An important benefit of the new system is its ability to reduce manual work. The method can assist the analyst, show unusual text, and create a clear result. However, Priya Nair said the tool must not replace 9 legal terms, personal names, or links such as https://law.example.org/policy.

The engineering group will create a safe text system and test three different strategies. A simple baseline may be quick, while a complex approach could keep more data. Oliver Grant will evaluate 42 outputs, and the team will not change the specification at https://engineering.example.com/spec.

The editor wants to use a accurate method to improve a long text without changing its meaning. A quick method can help, but it must keep the names Ada Lovelace and Charles Babbage, the year 1843, and https://history.example.org. The final result should show a large quality improvement.",1.0,,,,
en-005+en-006+en-007+en-008,en,synthid_tournament,bira,paper_proxy,"The archive service stores a large collection of historical passage. Researchers want to evaluate a straightforward procedure that can change common expressions while preserving factual data. Sofia Martin noted that the project has 63 documents and no permission to modify the citation “River Survey, 1984” or https://archive.example.edu.

An significant value of the new platform is its ability to reduce manual work. The procedure can assist the analyst, demonstrate unusual text, and produce a definite finding. Nevertheless, Priya Nair said the tool must not replace 9 legal terms, personal names, or links such as https://law.example.org/policy.

The engineering group will build a secure content platform and test three different strategies. A simple baseline may be fast, while a complex approach could preserve more data. Oliver Grant will evaluate 42 outputs, and the team will not change the specification at https://engineering.example.com/spec.

The editor wants to employ a accurate technique to improve a long passage without changing its meaning. A rapid procedure can help, but it must preserve the names Ada Lovelace and Charles Babbage, the year 1843, and https://history.example.org. The final finding should demonstrate a substantial quality improvement.","The archive system stores a large collection of historical text. Researchers want to evaluate a simple method that can change common expressions while preserving factual data. Sofia Martin noted that the project has 63 documents and no permission to modify the citation “River Survey, 1984” or https://archive.example.edu.

An important value of the new system is its ability to reduce manual work. The method can assist the analyst, show unusual text, and create a clear result. However, Priya Nair said the tool must not replace 9 legal terms, personal names, or links such as https://law.example.org/policy.

The engineering group will create a safe text system and test three different strategies. A simple baseline may be quick, while a complex approach could keep more data. Oliver Grant will evaluate 42 outputs, and the team will not change the specification at https://engineering.example.com/spec.

The editor wants to use a accurate method to improve a long text without changing its meaning. A quick method can help, but it must keep the names Ada Lovelace and Charles Babbage, the year 1843, and https://history.example.org. The final result should show a large quality improvement.",1.0,,,,
en-005+en-006+en-007+en-008,en,synthid_tournament,bira_position_aware,intermediate,"The archive service stores a large collection of historical passage. Researchers want to evaluate a straightforward procedure that can change common expressions while preserving factual data. Sofia Martin noted that the project has 63 documents and no permission to modify the citation “River Survey, 1984” or https://archive.example.edu.

An significant value of the new platform is its ability to reduce manual work. The procedure can assist the analyst, demonstrate unusual text, and produce a definite finding. Nevertheless, Priya Nair said the tool must not replace 9 legal terms, personal names, or links such as https://law.example.org/policy.

The engineering group will build a secure content platform and test three different strategies. A simple baseline may be fast, while a complex approach could preserve more data. Oliver Grant will evaluate 42 outputs, and the team will not change the specification at https://engineering.example.com/spec.

The editor wants to employ a accurate technique to improve a long passage without changing its meaning. A rapid procedure can help, but it must preserve the names Ada Lovelace and Charles Babbage, the year 1843, and https://history.example.org. The final finding should demonstrate a substantial quality improvement.","The archive service stores a large collection of historical text. Researchers want to evaluate a straightforward method that can change common expressions while preserving factual data. Sofia Martin noted that the project has 63 documents and no permission to modify the citation “River Survey, 1984” or https://archive.example.edu.

An important value of the new system is its ability to reduce manual work. The method can assist the analyst, show unusual text, and produce a clear finding. Nevertheless, Priya Nair said the tool must not replace 9 legal terms, personal names, or links such as https://law.example.org/policy.

The engineering group will build a secure text platform and test three different strategies. A simple baseline may be quick, while a complex approach could preserve more data. Oliver Grant will evaluate 42 outputs, and the team will not change the specification at https://engineering.example.com/spec.

The editor wants to use a accurate technique to improve a long passage without changing its meaning. A rapid method can help, but it must keep the names Ada Lovelace and Charles Babbage, the year 1843, and https://history.example.org. The final result should demonstrate a large quality improvement.",1.0,,,,
en-006+en-007+en-008+en-001,en,kgw,simple_paraphrase,fixed,"An significant benefit of the new service is its ability to reduce manual work. The workflow can assist the analyst, demonstrate unusual text, and create a definite finding. Yet, Priya Nair said the tool must not replace 9 legal terms, personal names, or links such as https://law.example.org/policy.

The engineering group will build a safe passage platform and test three separate strategies. A direct baseline may be quick, while a difficult approach could keep more information. Oliver Grant will evaluate 42 outputs, and the team will not change the specification at https://engineering.example.com/spec.

The editor wants to employ a accurate procedure to improve a long content without changing its meaning. A quick process can help, but it must preserve the names Ada Lovelace and Charles Babbage, the year 1843, and https://history.example.org. The final outcome should show a considerable quality improvement.

The research team will start with a direct method and employ accurate data to test the service. Elena Rossi will check 24 reports before Friday, while the service must preserve every URL such as https://example.org/report. The outcome should show whether a minor change can improve quality without altering names or numbers.","An significant merit of the new service is its ability to decrease manual work. The process can assist the analyst, show unusual text, and build a clear result. However, Priya Nair said the tool must not replace 9 legal terms, personal names, or links such as https://law.example.org/policy.

The engineering group will build a safe passage system and test three different strategies. A simple baseline may be rapid, while a intricate approach could preserve more information. Oliver Grant will evaluate 42 outputs, and the team will not change the specification at https://engineering.example.com/spec.

The editor wants to employ a accurate procedure to enhance a long content without changing its meaning. A rapid procedure can help, but it must retain the names Ada Lovelace and Charles Babbage, the year 1843, and https://history.example.org. The final finding should show a large quality improvement.

The research team will start with a simple method and use precise information to test the platform. Elena Rossi will check 24 reports before Friday, while the platform must preserve every URL such as https://example.org/report. The finding should indicate whether a limited change can enhance quality without altering names or numbers.",0.9931972789115646,,,,
en-006+en-007+en-008+en-001,en,kgw,sira,paper_default,"An significant benefit of the new service is its ability to reduce manual work. The workflow can assist the analyst, demonstrate unusual text, and create a definite finding. Yet, Priya Nair said the tool must not replace 9 legal terms, personal names, or links such as https://law.example.org/policy.

The engineering group will build a safe passage platform and test three separate strategies. A direct baseline may be quick, while a difficult approach could keep more information. Oliver Grant will evaluate 42 outputs, and the team will not change the specification at https://engineering.example.com/spec.

The editor wants to employ a accurate procedure to improve a long content without changing its meaning. A quick process can help, but it must preserve the names Ada Lovelace and Charles Babbage, the year 1843, and https://history.example.org. The final outcome should show a considerable quality improvement.

The research team will start with a direct method and employ accurate data to test the service. Elena Rossi will check 24 reports before Friday, while the service must preserve every URL such as https://example.org/report. The outcome should show whether a minor change can improve quality without altering names or numbers.","An important value of the new system is its ability to reduce manual work. The process can assist the analyst, show unusual text, and build a clear result. However, Priya Nair said the tool must not replace 9 legal terms, personal names, or links such as https://law.example.org/policy.

The engineering group will create a secure text system and test three different strategies. A simple baseline may be rapid, while a complex approach could keep more data. Oliver Grant will evaluate 42 outputs, and the team will not change the specification at https://engineering.example.com/spec.

The editor wants to use a precise method to improve a long text without changing its meaning. A quick process can help, but it must keep the names Ada Lovelace and Charles Babbage, the year 1843, and https://history.example.org. The final result should show a large quality improvement.

The research team will begin with a simple method and use accurate data to test the system. Elena Rossi will check 24 reports before Friday, while the system must keep every URL such as https://example.org/report. The result should show whether a small change can improve quality without altering names or numbers.",1.0,,,,
en-006+en-007+en-008+en-001,en,kgw,bira,paper_proxy,"An significant benefit of the new service is its ability to reduce manual work. The workflow can assist the analyst, demonstrate unusual text, and create a definite finding. Yet, Priya Nair said the tool must not replace 9 legal terms, personal names, or links such as https://law.example.org/policy.

The engineering group will build a safe passage platform and test three separate strategies. A direct baseline may be quick, while a difficult approach could keep more information. Oliver Grant will evaluate 42 outputs, and the team will not change the specification at https://engineering.example.com/spec.

The editor wants to employ a accurate procedure to improve a long content without changing its meaning. A quick process can help, but it must preserve the names Ada Lovelace and Charles Babbage, the year 1843, and https://history.example.org. The final outcome should show a considerable quality improvement.

The research team will start with a direct method and employ accurate data to test the service. Elena Rossi will check 24 reports before Friday, while the service must preserve every URL such as https://example.org/report. The outcome should show whether a minor change can improve quality without altering names or numbers.","An important value of the new system is its ability to reduce manual work. The process can assist the analyst, show unusual text, and create a clear result. However, Priya Nair said the tool must not replace 9 legal terms, personal names, or links such as https://law.example.org/policy.

The engineering group will create a safe text system and test three different strategies. A simple baseline may be quick, while a complex approach could keep more data. Oliver Grant will evaluate 42 outputs, and the team will not change the specification at https://engineering.example.com/spec.

The editor wants to use a accurate method to improve a long text without changing its meaning. A quick process can help, but it must keep the names Ada Lovelace and Charles Babbage, the year 1843, and https://history.example.org. The final result should show a large quality improvement.

The research team will begin with a simple method and use accurate data to test the system. Elena Rossi will check 24 reports before Friday, while the system must keep every URL such as https://example.org/report. The result should show whether a small change can improve quality without altering names or numbers.",1.0,,,,
en-006+en-007+en-008+en-001,en,kgw,bira_position_aware,aggressive,"An significant benefit of the new service is its ability to reduce manual work. The workflow can assist the analyst, demonstrate unusual text, and create a definite finding. Yet, Priya Nair said the tool must not replace 9 legal terms, personal names, or links such as https://law.example.org/policy.

The engineering group will build a safe passage platform and test three separate strategies. A direct baseline may be quick, while a difficult approach could keep more information. Oliver Grant will evaluate 42 outputs, and the team will not change the specification at https://engineering.example.com/spec.

The editor wants to employ a accurate procedure to improve a long content without changing its meaning. A quick process can help, but it must preserve the names Ada Lovelace and Charles Babbage, the year 1843, and https://history.example.org. The final outcome should show a considerable quality improvement.

The research team will start with a direct method and employ accurate data to test the service. Elena Rossi will check 24 reports before Friday, while the service must preserve every URL such as https://example.org/report. The outcome should show whether a minor change can improve quality without altering names or numbers.","An important benefit of the new system is its ability to decrease manual work. The process can assist the analyst, show unusual text, and create a clear result. However, Priya Nair said the tool must not replace 9 legal terms, personal names, or links such as https://law.example.org/policy.

The engineering group will create a safe passage system and test three different strategies. A simple baseline may be rapid, while a complex approach could keep more data. Oliver Grant will evaluate 42 outputs, and the team will not change the specification at https://engineering.example.com/spec.

The editor wants to use a accurate method to improve a long text without changing its meaning. A quick workflow can help, but it must keep the names Ada Lovelace and Charles Babbage, the year 1843, and https://history.example.org. The final result should show a large quality improvement.

The research team will start with a simple method and use precise data to test the system. Elena Rossi will verify 24 reports before Friday, while the system must preserve every URL such as https://example.org/report. The result should show whether a small change can improve quality without altering names or numbers.",1.0,,,,
en-006+en-007+en-008+en-001,en,unigram,simple_paraphrase,fixed,"An relevant value of the new system is its ability to reduce manual work. The procedure can assist the analyst, show unusual content, and build a definite outcome. However, Priya Nair said the tool must not replace 9 legal terms, personal names, or links such as https://law.example.org/policy.

The engineering group will build a protected content system and test three separate strategies. A straightforward baseline may be rapid, while a difficult approach could retain more information. Oliver Grant will evaluate 42 outputs, and the team will not change the specification at https://engineering.example.com/spec.

The editor wants to employ a precise procedure to enhance a long content without changing its meaning. A rapid procedure can help, but it must retain the names Ada Lovelace and Charles Babbage, the year 1843, and https://history.example.org. The final outcome should show a considerable quality improvement.

The research team will begin with a straightforward procedure and employ precise information to test the system. Elena Rossi will verify 24 reports before Friday, while the system must retain every URL such as https://example.org/report. The outcome should show whether a limited change can enhance quality without altering names or numbers.","An significant value of the new service is its ability to decrease manual work. The method can assist the analyst, show unusual content, and produce a clear finding. However, Priya Nair said the tool must not replace 9 legal terms, personal names, or links such as https://law.example.org/policy.

The engineering group will build a safe text service and test three different strategies. A direct baseline may be fast, while a intricate approach could retain more details. Oliver Grant will evaluate 42 outputs, and the team will not change the specification at https://engineering.example.com/spec.

The editor wants to use a correct procedure to enhance a long content without changing its meaning. A fast method can help, but it must retain the names Ada Lovelace and Charles Babbage, the year 1843, and https://history.example.org. The final finding should indicate a large quality improvement.

The research team will begin with a direct procedure and use precise information to test the service. Elena Rossi will verify 24 reports before Friday, while the service must keep every URL such as https://example.org/report. The finding should indicate whether a limited change can refine quality without altering names or numbers.",1.0,,,,
en-006+en-007+en-008+en-001,en,unigram,sira,paper_default,"An relevant value of the new system is its ability to reduce manual work. The procedure can assist the analyst, show unusual content, and build a definite outcome. However, Priya Nair said the tool must not replace 9 legal terms, personal names, or links such as https://law.example.org/policy.

The engineering group will build a protected content system and test three separate strategies. A straightforward baseline may be rapid, while a difficult approach could retain more information. Oliver Grant will evaluate 42 outputs, and the team will not change the specification at https://engineering.example.com/spec.

The editor wants to employ a precise procedure to enhance a long content without changing its meaning. A rapid procedure can help, but it must retain the names Ada Lovelace and Charles Babbage, the year 1843, and https://history.example.org. The final outcome should show a considerable quality improvement.

The research team will begin with a straightforward procedure and employ precise information to test the system. Elena Rossi will verify 24 reports before Friday, while the system must retain every URL such as https://example.org/report. The outcome should show whether a limited change can enhance quality without altering names or numbers.","An important value of the new system is its ability to reduce manual work. The method can assist the analyst, show unusual text, and create a clear result. However, Priya Nair said the tool must not replace 9 legal terms, personal names, or links such as https://law.example.org/policy.

The engineering group will create a safe text system and test three different strategies. A simple baseline may be quick, while a complex approach could keep more data. Oliver Grant will evaluate 42 outputs, and the team will not change the specification at https://engineering.example.com/spec.

The editor wants to use a precise method to improve a long text without changing its meaning. A rapid method can help, but it must keep the names Ada Lovelace and Charles Babbage, the year 1843, and https://history.example.org. The final result should show a large quality improvement.

The research team will begin with a simple method and use accurate data to test the system. Elena Rossi will check 24 reports before Friday, while the system must keep every URL such as https://example.org/report. The result should show whether a small change can improve quality without altering names or numbers.",1.0,,,,
en-006+en-007+en-008+en-001,en,unigram,bira,paper_proxy,"An relevant value of the new system is its ability to reduce manual work. The procedure can assist the analyst, show unusual content, and build a definite outcome. However, Priya Nair said the tool must not replace 9 legal terms, personal names, or links such as https://law.example.org/policy.

The engineering group will build a protected content system and test three separate strategies. A straightforward baseline may be rapid, while a difficult approach could retain more information. Oliver Grant will evaluate 42 outputs, and the team will not change the specification at https://engineering.example.com/spec.

The editor wants to employ a precise procedure to enhance a long content without changing its meaning. A rapid procedure can help, but it must retain the names Ada Lovelace and Charles Babbage, the year 1843, and https://history.example.org. The final outcome should show a considerable quality improvement.

The research team will begin with a straightforward procedure and employ precise information to test the system. Elena Rossi will verify 24 reports before Friday, while the system must retain every URL such as https://example.org/report. The outcome should show whether a limited change can enhance quality without altering names or numbers.","An important value of the new system is its ability to reduce manual work. The method can assist the analyst, show unusual text, and create a clear result. However, Priya Nair said the tool must not replace 9 legal terms, personal names, or links such as https://law.example.org/policy.

The engineering group will create a safe text system and test three different strategies. A simple baseline may be quick, while a complex approach could keep more data. Oliver Grant will evaluate 42 outputs, and the team will not change the specification at https://engineering.example.com/spec.

The editor wants to use a accurate method to improve a long text without changing its meaning. A quick method can help, but it must keep the names Ada Lovelace and Charles Babbage, the year 1843, and https://history.example.org. The final result should show a large quality improvement.

The research team will begin with a simple method and use accurate data to test the system. Elena Rossi will check 24 reports before Friday, while the system must keep every URL such as https://example.org/report. The result should show whether a small change can improve quality without altering names or numbers.",1.0,,,,
en-006+en-007+en-008+en-001,en,unigram,bira_position_aware,intermediate,"An relevant value of the new system is its ability to reduce manual work. The procedure can assist the analyst, show unusual content, and build a definite outcome. However, Priya Nair said the tool must not replace 9 legal terms, personal names, or links such as https://law.example.org/policy.

The engineering group will build a protected content system and test three separate strategies. A straightforward baseline may be rapid, while a difficult approach could retain more information. Oliver Grant will evaluate 42 outputs, and the team will not change the specification at https://engineering.example.com/spec.

The editor wants to employ a precise procedure to enhance a long content without changing its meaning. A rapid procedure can help, but it must retain the names Ada Lovelace and Charles Babbage, the year 1843, and https://history.example.org. The final outcome should show a considerable quality improvement.

The research team will begin with a straightforward procedure and employ precise information to test the system. Elena Rossi will verify 24 reports before Friday, while the system must retain every URL such as https://example.org/report. The outcome should show whether a limited change can enhance quality without altering names or numbers.","An important value of the new system is its ability to reduce manual work. The method can assist the analyst, show unusual text, and build a clear outcome. However, Priya Nair said the tool must not replace 9 legal terms, personal names, or links such as https://law.example.org/policy.

The engineering group will build a safe content system and test three different strategies. A straightforward baseline may be rapid, while a difficult approach could keep more information. Oliver Grant will evaluate 42 outputs, and the team will not change the specification at https://engineering.example.com/spec.

The editor wants to use a precise procedure to enhance a long text without changing its meaning. A rapid method can help, but it must keep the names Ada Lovelace and Charles Babbage, the year 1843, and https://history.example.org. The final outcome should show a large quality improvement.

The research team will begin with a straightforward procedure and use precise information to test the system. Elena Rossi will check 24 reports before Friday, while the system must keep every URL such as https://example.org/report. The result should show whether a small change can enhance quality without altering names or numbers.",1.0,,,,
en-006+en-007+en-008+en-001,en,synthid_tournament,simple_paraphrase,fixed,"An significant benefit of the new platform is its ability to reduce manual work. The procedure can assist the analyst, demonstrate unusual text, and produce a definite finding. Nevertheless, Priya Nair said the tool must not replace 9 legal terms, personal names, or links such as https://law.example.org/policy.

The engineering group will build a secure content platform and test three different strategies. A simple baseline may be fast, while a complex approach could preserve more data. Oliver Grant will evaluate 42 outputs, and the team will not change the specification at https://engineering.example.com/spec.

The editor wants to employ a accurate technique to improve a long passage without changing its meaning. A rapid procedure can help, but it must preserve the names Ada Lovelace and Charles Babbage, the year 1843, and https://history.example.org. The final finding should demonstrate a substantial quality improvement.

The research team will begin with a direct procedure and utilize precise data to test the service. Elena Rossi will verify 24 reports before Friday, while the service must keep every URL such as https://example.org/report. The finding should indicate whether a minor change can refine quality without altering names or numbers.","An important merit of the new platform is its ability to decrease manual work. The method can assist the analyst, show unusual text, and produce a clear result. Yet, Priya Nair said the tool must not replace 9 legal terms, personal names, or links such as https://law.example.org/policy.

The engineering group will build a secure text system and test three distinct strategies. A simple baseline may be quick, while a difficult approach could retain more data. Oliver Grant will evaluate 42 outputs, and the team will not change the specification at https://engineering.example.com/spec.

The editor wants to employ a accurate procedure to enhance a long content without changing its meaning. A fast procedure can help, but it must retain the names Ada Lovelace and Charles Babbage, the year 1843, and https://history.example.org. The final result should demonstrate a considerable quality improvement.

The research team will begin with a simple procedure and employ precise information to test the platform. Elena Rossi will verify 24 reports before Friday, while the platform must preserve every URL such as https://example.org/report. The result should demonstrate whether a limited change can refine quality without altering names or numbers.",1.0,,,,
en-006+en-007+en-008+en-001,en,synthid_tournament,sira,paper_default,"An significant benefit of the new platform is its ability to reduce manual work. The procedure can assist the analyst, demonstrate unusual text, and produce a definite finding. Nevertheless, Priya Nair said the tool must not replace 9 legal terms, personal names, or links such as https://law.example.org/policy.

The engineering group will build a secure content platform and test three different strategies. A simple baseline may be fast, while a complex approach could preserve more data. Oliver Grant will evaluate 42 outputs, and the team will not change the specification at https://engineering.example.com/spec.

The editor wants to employ a accurate technique to improve a long passage without changing its meaning. A rapid procedure can help, but it must preserve the names Ada Lovelace and Charles Babbage, the year 1843, and https://history.example.org. The final finding should demonstrate a substantial quality improvement.

The research team will begin with a direct procedure and utilize precise data to test the service. Elena Rossi will verify 24 reports before Friday, while the service must keep every URL such as https://example.org/report. The finding should indicate whether a minor change can refine quality without altering names or numbers.","An important value of the new system is its ability to reduce manual work. The method can assist the analyst, show unusual text, and create a clear result. However, Priya Nair said the tool must not replace 9 legal terms, personal names, or links such as https://law.example.org/policy.

The engineering group will create a secure text system and test three different strategies. A simple baseline may be quick, while a complex approach could keep more data. Oliver Grant will evaluate 42 outputs, and the team will not change the specification at https://engineering.example.com/spec.

The editor wants to use a accurate method to improve a long text without changing its meaning. A rapid method can help, but it must keep the names Ada Lovelace and Charles Babbage, the year 1843, and https://history.example.org. The final result should show a large quality improvement.

The research team will begin with a simple method and use accurate data to test the system. Elena Rossi will check 24 reports before Friday, while the system must keep every URL such as https://example.org/report. The result should show whether a small change can improve quality without altering names or numbers.",1.0,,,,
en-006+en-007+en-008+en-001,en,synthid_tournament,bira,paper_proxy,"An significant benefit of the new platform is its ability to reduce manual work. The procedure can assist the analyst, demonstrate unusual text, and produce a definite finding. Nevertheless, Priya Nair said the tool must not replace 9 legal terms, personal names, or links such as https://law.example.org/policy.

The engineering group will build a secure content platform and test three different strategies. A simple baseline may be fast, while a complex approach could preserve more data. Oliver Grant will evaluate 42 outputs, and the team will not change the specification at https://engineering.example.com/spec.

The editor wants to employ a accurate technique to improve a long passage without changing its meaning. A rapid procedure can help, but it must preserve the names Ada Lovelace and Charles Babbage, the year 1843, and https://history.example.org. The final finding should demonstrate a substantial quality improvement.

The research team will begin with a direct procedure and utilize precise data to test the service. Elena Rossi will verify 24 reports before Friday, while the service must keep every URL such as https://example.org/report. The finding should indicate whether a minor change can refine quality without altering names or numbers.","An important value of the new system is its ability to reduce manual work. The method can assist the analyst, show unusual text, and create a clear result. However, Priya Nair said the tool must not replace 9 legal terms, personal names, or links such as https://law.example.org/policy.

The engineering group will create a safe text system and test three different strategies. A simple baseline may be quick, while a complex approach could keep more data. Oliver Grant will evaluate 42 outputs, and the team will not change the specification at https://engineering.example.com/spec.

The editor wants to use a accurate method to improve a long text without changing its meaning. A quick method can help, but it must keep the names Ada Lovelace and Charles Babbage, the year 1843, and https://history.example.org. The final result should show a large quality improvement.

The research team will begin with a simple method and use accurate data to test the system. Elena Rossi will check 24 reports before Friday, while the system must keep every URL such as https://example.org/report. The result should show whether a small change can improve quality without altering names or numbers.",1.0,,,,
en-006+en-007+en-008+en-001,en,synthid_tournament,bira_position_aware,aggressive,"An significant benefit of the new platform is its ability to reduce manual work. The procedure can assist the analyst, demonstrate unusual text, and produce a definite finding. Nevertheless, Priya Nair said the tool must not replace 9 legal terms, personal names, or links such as https://law.example.org/policy.

The engineering group will build a secure content platform and test three different strategies. A simple baseline may be fast, while a complex approach could preserve more data. Oliver Grant will evaluate 42 outputs, and the team will not change the specification at https://engineering.example.com/spec.

The editor wants to employ a accurate technique to improve a long passage without changing its meaning. A rapid procedure can help, but it must preserve the names Ada Lovelace and Charles Babbage, the year 1843, and https://history.example.org. The final finding should demonstrate a substantial quality improvement.

The research team will begin with a direct procedure and utilize precise data to test the service. Elena Rossi will verify 24 reports before Friday, while the service must keep every URL such as https://example.org/report. The finding should indicate whether a minor change can refine quality without altering names or numbers.","An important benefit of the new system is its ability to decrease manual work. The method can assist the analyst, show unusual text, and create a clear result. Nevertheless, Priya Nair said the tool must not replace 9 legal terms, personal names, or links such as https://law.example.org/policy.

The engineering group will build a secure text system and test three distinct strategies. A straightforward baseline may be quick, while a complex approach could keep more data. Oliver Grant will evaluate 42 outputs, and the team will not change the specification at https://engineering.example.com/spec.

The editor wants to use a accurate technique to improve a long text without changing its meaning. A rapid method can help, but it must keep the names Ada Lovelace and Charles Babbage, the year 1843, and https://history.example.org. The final result should show a large quality improvement.

The research team will begin with a simple method and utilize accurate data to test the system. Elena Rossi will check 24 reports before Friday, while the system must keep every URL such as https://example.org/report. The result should indicate whether a small change can improve quality without altering names or numbers.",1.0,,,,
en-007+en-008+en-001+en-002,en,kgw,simple_paraphrase,fixed,"The engineering group will build a safe passage platform and test three separate strategies. A direct baseline may be quick, while a difficult approach could keep more information. Oliver Grant will evaluate 42 outputs, and the team will not change the specification at https://engineering.example.com/spec.

The editor wants to employ a accurate procedure to improve a long content without changing its meaning. A quick process can help, but it must preserve the names Ada Lovelace and Charles Babbage, the year 1843, and https://history.example.org. The final outcome should show a considerable quality improvement.

The research team will start with a direct method and employ accurate data to test the service. Elena Rossi will check 24 reports before Friday, while the service must preserve every URL such as https://example.org/report. The outcome should show whether a minor change can improve quality without altering names or numbers.

A safe service should help each user understand the workflow. The team can pick a separate approach when the first test reveals a challenge; yet, it must not change the quoted instruction “keep the original meaning”. Marcus Lee expects a definite finding after 18 evaluations and will publish the details on https://example.com/research.","The engineering group will produce a secure passage system and test three separate strategies. A simple baseline may be rapid, while a intricate approach could preserve more details. Oliver Grant will evaluate 42 outputs, and the team will not change the specification at https://engineering.example.com/spec.

The editor wants to use a precise procedure to enhance a long text without changing its meaning. A rapid procedure can help, but it must retain the names Ada Lovelace and Charles Babbage, the year 1843, and https://history.example.org. The final finding should indicate a considerable quality improvement.

The research team will start with a simple technique and use accurate information to test the platform. Elena Rossi will verify 24 reports before Friday, while the service must retain every URL such as https://example.org/report. The outcome should show whether a limited change can enhance quality without altering names or numbers.

A secure service should help each user understand the workflow. The team can pick a separate approach when the first test reveals a difficulty; however, it must not change the quoted instruction “keep the original meaning”. Marcus Lee expects a clear finding after 18 evaluations and will publish the details on https://example.com/research.",0.9933774834437086,,,,
en-007+en-008+en-001+en-002,en,kgw,sira,paper_default,"The engineering group will build a safe passage platform and test three separate strategies. A direct baseline may be quick, while a difficult approach could keep more information. Oliver Grant will evaluate 42 outputs, and the team will not change the specification at https://engineering.example.com/spec.

The editor wants to employ a accurate procedure to improve a long content without changing its meaning. A quick process can help, but it must preserve the names Ada Lovelace and Charles Babbage, the year 1843, and https://history.example.org. The final outcome should show a considerable quality improvement.

The research team will start with a direct method and employ accurate data to test the service. Elena Rossi will check 24 reports before Friday, while the service must preserve every URL such as https://example.org/report. The outcome should show whether a minor change can improve quality without altering names or numbers.

A safe service should help each user understand the workflow. The team can pick a separate approach when the first test reveals a challenge; yet, it must not change the quoted instruction “keep the original meaning”. Marcus Lee expects a definite finding after 18 evaluations and will publish the details on https://example.com/research.","The engineering group will create a secure text system and test three different strategies. A simple baseline may be rapid, while a complex approach could keep more data. Oliver Grant will evaluate 42 outputs, and the team will not change the specification at https://engineering.example.com/spec.

The editor wants to use a accurate method to improve a long text without changing its meaning. A quick process can help, but it must keep the names Ada Lovelace and Charles Babbage, the year 1843, and https://history.example.org. The final result should show a large quality improvement.

The research team will begin with a simple method and use accurate data to test the system. Elena Rossi will check 24 reports before Friday, while the system must keep every URL such as https://example.org/report. The result should show whether a small change can improve quality without altering names or numbers.

A secure system should help each user understand the process. The team can choose a different approach when the first test reveals a problem; however, it must not change the quoted instruction “keep the original meaning”. Marcus Lee expects a clear result after 18 evaluations and will publish the data on https://example.com/research.",1.0,,,,
en-007+en-008+en-001+en-002,en,kgw,bira,paper_proxy,"The engineering group will build a safe passage platform and test three separate strategies. A direct baseline may be quick, while a difficult approach could keep more information. Oliver Grant will evaluate 42 outputs, and the team will not change the specification at https://engineering.example.com/spec.

The editor wants to employ a accurate procedure to improve a long content without changing its meaning. A quick process can help, but it must preserve the names Ada Lovelace and Charles Babbage, the year 1843, and https://history.example.org. The final outcome should show a considerable quality improvement.

The research team will start with a direct method and employ accurate data to test the service. Elena Rossi will check 24 reports before Friday, while the service must preserve every URL such as https://example.org/report. The outcome should show whether a minor change can improve quality without altering names or numbers.

A safe service should help each user understand the workflow. The team can pick a separate approach when the first test reveals a challenge; yet, it must not change the quoted instruction “keep the original meaning”. Marcus Lee expects a definite finding after 18 evaluations and will publish the details on https://example.com/research.","The engineering group will create a safe text system and test three different strategies. A simple baseline may be quick, while a complex approach could keep more data. Oliver Grant will evaluate 42 outputs, and the team will not change the specification at https://engineering.example.com/spec.

The editor wants to use a accurate method to improve a long text without changing its meaning. A quick process can help, but it must keep the names Ada Lovelace and Charles Babbage, the year 1843, and https://history.example.org. The final result should show a large quality improvement.

The research team will begin with a simple method and use accurate data to test the system. Elena Rossi will check 24 reports before Friday, while the system must keep every URL such as https://example.org/report. The result should show whether a small change can improve quality without altering names or numbers.

A safe system should help each user understand the process. The team can choose a different approach when the first test reveals a problem; however, it must not change the quoted instruction “keep the original meaning”. Marcus Lee expects a clear result after 18 evaluations and will publish the data on https://example.com/research.",1.0,,,,
en-007+en-008+en-001+en-002,en,kgw,bira_position_aware,aggressive,"The engineering group will build a safe passage platform and test three separate strategies. A direct baseline may be quick, while a difficult approach could keep more information. Oliver Grant will evaluate 42 outputs, and the team will not change the specification at https://engineering.example.com/spec.

The editor wants to employ a accurate procedure to improve a long content without changing its meaning. A quick process can help, but it must preserve the names Ada Lovelace and Charles Babbage, the year 1843, and https://history.example.org. The final outcome should show a considerable quality improvement.

The research team will start with a direct method and employ accurate data to test the service. Elena Rossi will check 24 reports before Friday, while the service must preserve every URL such as https://example.org/report. The outcome should show whether a minor change can improve quality without altering names or numbers.

A safe service should help each user understand the workflow. The team can pick a separate approach when the first test reveals a challenge; yet, it must not change the quoted instruction “keep the original meaning”. Marcus Lee expects a definite finding after 18 evaluations and will publish the details on https://example.com/research.","The engineering group will create a safe passage system and test three different strategies. A simple baseline may be rapid, while a complex approach could keep more data. Oliver Grant will evaluate 42 outputs, and the team will not change the specification at https://engineering.example.com/spec.

The editor wants to use a accurate method to improve a long text without changing its meaning. A quick workflow can help, but it must keep the names Ada Lovelace and Charles Babbage, the year 1843, and https://history.example.org. The final result should show a large quality improvement.

The research team will start with a simple method and use precise data to test the system. Elena Rossi will verify 24 reports before Friday, while the system must preserve every URL such as https://example.org/report. The result should show whether a small change can improve quality without altering names or numbers.

A safe system should help each user understand the process. The team can choose a different approach when the first test reveals a challenge; however, it must not change the quoted instruction “keep the original meaning”. Marcus Lee expects a clear result after 18 evaluations and will publish the data on https://example.com/research.",1.0,,,,
en-007+en-008+en-001+en-002,en,unigram,simple_paraphrase,fixed,"The engineering group will build a protected content system and test three separate strategies. A straightforward baseline may be rapid, while a difficult approach could retain more information. Oliver Grant will evaluate 42 outputs, and the team will not change the specification at https://engineering.example.com/spec.

The editor wants to employ a precise procedure to enhance a long content without changing its meaning. A rapid procedure can help, but it must retain the names Ada Lovelace and Charles Babbage, the year 1843, and https://history.example.org. The final outcome should show a considerable quality improvement.

The research team will begin with a straightforward procedure and employ precise information to test the system. Elena Rossi will verify 24 reports before Friday, while the system must retain every URL such as https://example.org/report. The outcome should show whether a limited change can enhance quality without altering names or numbers.

A protected system should help each customer understand the procedure. The team can pick a separate approach when the first test reveals a difficulty; however, it must not change the quoted instruction “keep the original meaning”. Marcus Lee expects a definite outcome after 18 evaluations and will publish the information on https://example.com/research.","The engineering group will produce a safe content service and test three separate strategies. A straightforward baseline may be fast, while a intricate approach could keep more details. Oliver Grant will evaluate 42 outputs, and the team will not change the specification at https://engineering.example.com/spec.

The editor wants to use a precise procedure to refine a long text without changing its meaning. A rapid method can help, but it must keep the names Ada Lovelace and Charles Babbage, the year 1843, and https://history.example.org. The final finding should indicate a considerable quality improvement.

The research team will start with a straightforward method and use correct details to test the service. Elena Rossi will inspect 24 reports before Friday, while the system must keep every URL such as https://example.org/report. The outcome should show whether a small change can refine quality without altering names or numbers.

A safe system should help each person understand the method. The team can pick a separate approach when the first test reveals a problem; however, it must not change the quoted instruction “keep the original meaning”. Marcus Lee expects a clear finding after 18 evaluations and will publish the information on https://example.com/research.",1.0,,,,
en-007+en-008+en-001+en-002,en,unigram,sira,paper_default,"The engineering group will build a protected content system and test three separate strategies. A straightforward baseline may be rapid, while a difficult approach could retain more information. Oliver Grant will evaluate 42 outputs, and the team will not change the specification at https://engineering.example.com/spec.

The editor wants to employ a precise procedure to enhance a long content without changing its meaning. A rapid procedure can help, but it must retain the names Ada Lovelace and Charles Babbage, the year 1843, and https://history.example.org. The final outcome should show a considerable quality improvement.

The research team will begin with a straightforward procedure and employ precise information to test the system. Elena Rossi will verify 24 reports before Friday, while the system must retain every URL such as https://example.org/report. The outcome should show whether a limited change can enhance quality without altering names or numbers.

A protected system should help each customer understand the procedure. The team can pick a separate approach when the first test reveals a difficulty; however, it must not change the quoted instruction “keep the original meaning”. Marcus Lee expects a definite outcome after 18 evaluations and will publish the information on https://example.com/research.","The engineering group will build a safe text system and test three different strategies. A simple baseline may be quick, while a complex approach could keep more information. Oliver Grant will evaluate 42 outputs, and the team will not change the specification at https://engineering.example.com/spec.

The editor wants to use a precise method to improve a long text without changing its meaning. A rapid method can help, but it must keep the names Ada Lovelace and Charles Babbage, the year 1843, and https://history.example.org. The final result should show a large quality improvement.

The research team will begin with a straightforward method and use accurate data to test the system. Elena Rossi will check 24 reports before Friday, while the system must keep every URL such as https://example.org/report. The result should show whether a small change can improve quality without altering names or numbers.

A safe system should help each user understand the method. The team can choose a different approach when the first test reveals a problem; however, it must not change the quoted instruction “keep the original meaning”. Marcus Lee expects a clear result after 18 evaluations and will publish the data on https://example.com/research.",1.0,,,,
en-007+en-008+en-001+en-002,en,unigram,bira,paper_proxy,"The engineering group will build a protected content system and test three separate strategies. A straightforward baseline may be rapid, while a difficult approach could retain more information. Oliver Grant will evaluate 42 outputs, and the team will not change the specification at https://engineering.example.com/spec.

The editor wants to employ a precise procedure to enhance a long content without changing its meaning. A rapid procedure can help, but it must retain the names Ada Lovelace and Charles Babbage, the year 1843, and https://history.example.org. The final outcome should show a considerable quality improvement.

The research team will begin with a straightforward procedure and employ precise information to test the system. Elena Rossi will verify 24 reports before Friday, while the system must retain every URL such as https://example.org/report. The outcome should show whether a limited change can enhance quality without altering names or numbers.

A protected system should help each customer understand the procedure. The team can pick a separate approach when the first test reveals a difficulty; however, it must not change the quoted instruction “keep the original meaning”. Marcus Lee expects a definite outcome after 18 evaluations and will publish the information on https://example.com/research.","The engineering group will create a safe text system and test three different strategies. A simple baseline may be quick, while a complex approach could keep more data. Oliver Grant will evaluate 42 outputs, and the team will not change the specification at https://engineering.example.com/spec.

The editor wants to use a accurate method to improve a long text without changing its meaning. A quick method can help, but it must keep the names Ada Lovelace and Charles Babbage, the year 1843, and https://history.example.org. The final result should show a large quality improvement.

The research team will begin with a simple method and use accurate data to test the system. Elena Rossi will check 24 reports before Friday, while the system must keep every URL such as https://example.org/report. The result should show whether a small change can improve quality without altering names or numbers.

A safe system should help each user understand the method. The team can choose a different approach when the first test reveals a problem; however, it must not change the quoted instruction “keep the original meaning”. Marcus Lee expects a clear result after 18 evaluations and will publish the data on https://example.com/research.",1.0,,,,
en-007+en-008+en-001+en-002,en,unigram,bira_position_aware,intermediate,"The engineering group will build a protected content system and test three separate strategies. A straightforward baseline may be rapid, while a difficult approach could retain more information. Oliver Grant will evaluate 42 outputs, and the team will not change the specification at https://engineering.example.com/spec.

The editor wants to employ a precise procedure to enhance a long content without changing its meaning. A rapid procedure can help, but it must retain the names Ada Lovelace and Charles Babbage, the year 1843, and https://history.example.org. The final outcome should show a considerable quality improvement.

The research team will begin with a straightforward procedure and employ precise information to test the system. Elena Rossi will verify 24 reports before Friday, while the system must retain every URL such as https://example.org/report. The outcome should show whether a limited change can enhance quality without altering names or numbers.

A protected system should help each customer understand the procedure. The team can pick a separate approach when the first test reveals a difficulty; however, it must not change the quoted instruction “keep the original meaning”. Marcus Lee expects a definite outcome after 18 evaluations and will publish the information on https://example.com/research.","The engineering group will build a safe content system and test three different strategies. A straightforward baseline may be rapid, while a difficult approach could keep more information. Oliver Grant will evaluate 42 outputs, and the team will not change the specification at https://engineering.example.com/spec.

The editor wants to use a precise procedure to enhance a long text without changing its meaning. A rapid method can help, but it must keep the names Ada Lovelace and Charles Babbage, the year 1843, and https://history.example.org. The final outcome should show a large quality improvement.

The research team will begin with a straightforward procedure and use precise information to test the system. Elena Rossi will check 24 reports before Friday, while the system must keep every URL such as https://example.org/report. The outcome should show whether a small change can enhance quality without altering names or numbers.

A safe system should help each customer understand the method. The team can pick a different approach when the first test reveals a problem; however, it must not change the quoted instruction “keep the original meaning”. Marcus Lee expects a clear outcome after 18 evaluations and will publish the information on https://example.com/research.",1.0,,,,
en-007+en-008+en-001+en-002,en,synthid_tournament,simple_paraphrase,fixed,"The engineering group will build a secure content platform and test three different strategies. A simple baseline may be fast, while a complex approach could preserve more data. Oliver Grant will evaluate 42 outputs, and the team will not change the specification at https://engineering.example.com/spec.

The editor wants to employ a accurate technique to improve a long passage without changing its meaning. A rapid procedure can help, but it must preserve the names Ada Lovelace and Charles Babbage, the year 1843, and https://history.example.org. The final finding should demonstrate a substantial quality improvement.

The research team will begin with a direct procedure and utilize precise data to test the service. Elena Rossi will verify 24 reports before Friday, while the service must keep every URL such as https://example.org/report. The finding should indicate whether a minor change can refine quality without altering names or numbers.

A protected service should help each user understand the procedure. The team can pick a separate approach when the first test reveals a problem; yet, it must not change the quoted instruction “keep the original meaning”. Marcus Lee expects a definite result after 18 evaluations and will publish the details on https://example.com/research.","The engineering group will produce a protected content system and test three distinct strategies. A simple baseline may be fast, while a difficult approach could retain more data. Oliver Grant will evaluate 42 outputs, and the team will not change the specification at https://engineering.example.com/spec.

The editor wants to use a precise procedure to enhance a long passage without changing its meaning. A rapid method can help, but it must retain the names Ada Lovelace and Charles Babbage, the year 1843, and https://history.example.org. The final result should show a considerable quality improvement.

The research team will start with a simple method and employ precise information to test the platform. Elena Rossi will inspect 24 reports before Friday, while the service must keep every URL such as https://example.org/report. The result should demonstrate whether a limited change can improve quality without altering names or numbers.

A protected service should help each user understand the method. The team can pick a separate approach when the first test reveals a challenge; however, it must not change the quoted instruction “keep the original meaning”. Marcus Lee expects a clear result after 18 evaluations and will publish the details on https://example.com/research.",1.0,,,,
en-007+en-008+en-001+en-002,en,synthid_tournament,sira,paper_default,"The engineering group will build a secure content platform and test three different strategies. A simple baseline may be fast, while a complex approach could preserve more data. Oliver Grant will evaluate 42 outputs, and the team will not change the specification at https://engineering.example.com/spec.

The editor wants to employ a accurate technique to improve a long passage without changing its meaning. A rapid procedure can help, but it must preserve the names Ada Lovelace and Charles Babbage, the year 1843, and https://history.example.org. The final finding should demonstrate a substantial quality improvement.

The research team will begin with a direct procedure and utilize precise data to test the service. Elena Rossi will verify 24 reports before Friday, while the service must keep every URL such as https://example.org/report. The finding should indicate whether a minor change can refine quality without altering names or numbers.

A protected service should help each user understand the procedure. The team can pick a separate approach when the first test reveals a problem; yet, it must not change the quoted instruction “keep the original meaning”. Marcus Lee expects a definite result after 18 evaluations and will publish the details on https://example.com/research.","The engineering group will create a safe text system and test three different strategies. A simple baseline may be quick, while a complex approach could keep more data. Oliver Grant will evaluate 42 outputs, and the team will not change the specification at https://engineering.example.com/spec.

The editor wants to use a accurate method to improve a long text without changing its meaning. A rapid method can help, but it must keep the names Ada Lovelace and Charles Babbage, the year 1843, and https://history.example.org. The final result should show a large quality improvement.

The research team will begin with a simple method and use accurate data to test the system. Elena Rossi will check 24 reports before Friday, while the system must keep every URL such as https://example.org/report. The result should show whether a small change can improve quality without altering names or numbers.

A safe system should help each user understand the method. The team can choose a different approach when the first test reveals a problem; however, it must not change the quoted instruction “keep the original meaning”. Marcus Lee expects a clear result after 18 evaluations and will publish the data on https://example.com/research.",1.0,,,,
en-007+en-008+en-001+en-002,en,synthid_tournament,bira,paper_proxy,"The engineering group will build a secure content platform and test three different strategies. A simple baseline may be fast, while a complex approach could preserve more data. Oliver Grant will evaluate 42 outputs, and the team will not change the specification at https://engineering.example.com/spec.

The editor wants to employ a accurate technique to improve a long passage without changing its meaning. A rapid procedure can help, but it must preserve the names Ada Lovelace and Charles Babbage, the year 1843, and https://history.example.org. The final finding should demonstrate a substantial quality improvement.

The research team will begin with a direct procedure and utilize precise data to test the service. Elena Rossi will verify 24 reports before Friday, while the service must keep every URL such as https://example.org/report. The finding should indicate whether a minor change can refine quality without altering names or numbers.

A protected service should help each user understand the procedure. The team can pick a separate approach when the first test reveals a problem; yet, it must not change the quoted instruction “keep the original meaning”. Marcus Lee expects a definite result after 18 evaluations and will publish the details on https://example.com/research.","The engineering group will create a safe text system and test three different strategies. A simple baseline may be quick, while a complex approach could keep more data. Oliver Grant will evaluate 42 outputs, and the team will not change the specification at https://engineering.example.com/spec.

The editor wants to use a accurate method to improve a long text without changing its meaning. A quick method can help, but it must keep the names Ada Lovelace and Charles Babbage, the year 1843, and https://history.example.org. The final result should show a large quality improvement.

The research team will begin with a simple method and use accurate data to test the system. Elena Rossi will check 24 reports before Friday, while the system must keep every URL such as https://example.org/report. The result should show whether a small change can improve quality without altering names or numbers.

A safe system should help each user understand the method. The team can choose a different approach when the first test reveals a problem; however, it must not change the quoted instruction “keep the original meaning”. Marcus Lee expects a clear result after 18 evaluations and will publish the data on https://example.com/research.",1.0,,,,
en-007+en-008+en-001+en-002,en,synthid_tournament,bira_position_aware,aggressive,"The engineering group will build a secure content platform and test three different strategies. A simple baseline may be fast, while a complex approach could preserve more data. Oliver Grant will evaluate 42 outputs, and the team will not change the specification at https://engineering.example.com/spec.

The editor wants to employ a accurate technique to improve a long passage without changing its meaning. A rapid procedure can help, but it must preserve the names Ada Lovelace and Charles Babbage, the year 1843, and https://history.example.org. The final finding should demonstrate a substantial quality improvement.

The research team will begin with a direct procedure and utilize precise data to test the service. Elena Rossi will verify 24 reports before Friday, while the service must keep every URL such as https://example.org/report. The finding should indicate whether a minor change can refine quality without altering names or numbers.

A protected service should help each user understand the procedure. The team can pick a separate approach when the first test reveals a problem; yet, it must not change the quoted instruction “keep the original meaning”. Marcus Lee expects a definite result after 18 evaluations and will publish the details on https://example.com/research.","The engineering group will build a secure text system and test three distinct strategies. A straightforward baseline may be quick, while a complex approach could keep more data. Oliver Grant will evaluate 42 outputs, and the team will not change the specification at https://engineering.example.com/spec.

The editor wants to use a accurate technique to improve a long text without changing its meaning. A rapid method can help, but it must keep the names Ada Lovelace and Charles Babbage, the year 1843, and https://history.example.org. The final result should show a large quality improvement.

The research team will begin with a simple method and use accurate data to test the system. Elena Rossi will check 24 reports before Friday, while the system must keep every URL such as https://example.org/report. The result should indicate whether a small change can improve quality without altering names or numbers.

A safe service should help each user understand the method. The team can choose a different approach when the first test reveals a problem; however, it must not change the quoted instruction “keep the original meaning”. Marcus Lee expects a clear result after 18 evaluations and will publish the data on https://example.com/research.",1.0,,,,
en-008+en-001+en-002+en-003,en,kgw,simple_paraphrase,fixed,"The editor wants to employ a accurate procedure to improve a long content without changing its meaning. A quick process can help, but it must preserve the names Ada Lovelace and Charles Babbage, the year 1843, and https://history.example.org. The final outcome should show a considerable quality improvement.

The research team will start with a direct method and employ accurate data to test the service. Elena Rossi will check 24 reports before Friday, while the service must preserve every URL such as https://example.org/report. The outcome should show whether a minor change can improve quality without altering names or numbers.

A safe service should help each user understand the workflow. The team can pick a separate approach when the first test reveals a challenge; yet, it must not change the quoted instruction “keep the original meaning”. Marcus Lee expects a definite finding after 18 evaluations and will publish the details on https://example.com/research.

The hospital plans to produce a quick review service for clinical content. Dr. Maya Chen will check 37 records, but the service must never modify patient identifiers, medicine quantities, or the address https://health.example.net. This significant constraint may reduce flexibility; therefore, the final procedure must remain precise and protected.","The editor wants to use a precise procedure to enhance a long text without changing its meaning. A quick procedure can help, but it must retain the names Ada Lovelace and Charles Babbage, the year 1843, and https://history.example.org. The final outcome should indicate a large quality improvement.

The research team will commence with a direct technique and use precise information to test the service. Elena Rossi will check 24 reports before Friday, while the service must preserve every URL such as https://example.org/report. The finding should show whether a limited change can enhance quality without altering names or numbers.

A secure platform should help each customer understand the process. The team can choose a separate approach when the first test reveals a difficulty; however, it must not change the quoted instruction “keep the original meaning”. Marcus Lee expects a clear finding after 18 evaluations and will publish the data on https://example.com/research.

The hospital plans to create a quick review platform for clinical text. Dr. Maya Chen will verify 37 records, but the service must never modify patient identifiers, medicine quantities, or the address https://health.example.net. This important constraint may decrease flexibility; therefore, the final procedure must remain precise and safe.",0.9935483870967742,,,,
en-008+en-001+en-002+en-003,en,kgw,sira,paper_default,"The editor wants to employ a accurate procedure to improve a long content without changing its meaning. A quick process can help, but it must preserve the names Ada Lovelace and Charles Babbage, the year 1843, and https://history.example.org. The final outcome should show a considerable quality improvement.

The research team will start with a direct method and employ accurate data to test the service. Elena Rossi will check 24 reports before Friday, while the service must preserve every URL such as https://example.org/report. The outcome should show whether a minor change can improve quality without altering names or numbers.

A safe service should help each user understand the workflow. The team can pick a separate approach when the first test reveals a challenge; yet, it must not change the quoted instruction “keep the original meaning”. Marcus Lee expects a definite finding after 18 evaluations and will publish the details on https://example.com/research.

The hospital plans to produce a quick review service for clinical content. Dr. Maya Chen will check 37 records, but the service must never modify patient identifiers, medicine quantities, or the address https://health.example.net. This significant constraint may reduce flexibility; therefore, the final procedure must remain precise and protected.","The editor wants to use a precise method to improve a long text without changing its meaning. A quick process can help, but it must keep the names Ada Lovelace and Charles Babbage, the year 1843, and https://history.example.org. The final result should show a large quality improvement.

The research team will begin with a simple method and use precise data to test the system. Elena Rossi will check 24 reports before Friday, while the system must keep every URL such as https://example.org/report. The result should show whether a small change can improve quality without altering names or numbers.

A secure system should help each user understand the process. The team can choose a different approach when the first test reveals a problem; however, it must not change the quoted instruction “keep the original meaning”. Marcus Lee expects a clear result after 18 evaluations and will publish the data on https://example.com/research.

The hospital plans to create a quick review system for clinical text. Dr. Maya Chen will check 37 records, but the system must never modify patient identifiers, medicine quantities, or the address https://health.example.net. This important constraint may reduce flexibility; therefore, the final method must remain accurate and safe.",1.0,,,,
en-008+en-001+en-002+en-003,en,kgw,bira,paper_proxy,"The editor wants to employ a accurate procedure to improve a long content without changing its meaning. A quick process can help, but it must preserve the names Ada Lovelace and Charles Babbage, the year 1843, and https://history.example.org. The final outcome should show a considerable quality improvement.

The research team will start with a direct method and employ accurate data to test the service. Elena Rossi will check 24 reports before Friday, while the service must preserve every URL such as https://example.org/report. The outcome should show whether a minor change can improve quality without altering names or numbers.

A safe service should help each user understand the workflow. The team can pick a separate approach when the first test reveals a challenge; yet, it must not change the quoted instruction “keep the original meaning”. Marcus Lee expects a definite finding after 18 evaluations and will publish the details on https://example.com/research.

The hospital plans to produce a quick review service for clinical content. Dr. Maya Chen will check 37 records, but the service must never modify patient identifiers, medicine quantities, or the address https://health.example.net. This significant constraint may reduce flexibility; therefore, the final procedure must remain precise and protected.","The editor wants to use a accurate method to improve a long text without changing its meaning. A quick process can help, but it must keep the names Ada Lovelace and Charles Babbage, the year 1843, and https://history.example.org. The final result should show a large quality improvement.

The research team will begin with a simple method and use accurate data to test the system. Elena Rossi will check 24 reports before Friday, while the system must keep every URL such as https://example.org/report. The result should show whether a small change can improve quality without altering names or numbers.

A safe system should help each user understand the process. The team can choose a different approach when the first test reveals a problem; however, it must not change the quoted instruction “keep the original meaning”. Marcus Lee expects a clear result after 18 evaluations and will publish the data on https://example.com/research.

The hospital plans to create a quick review system for clinical text. Dr. Maya Chen will check 37 records, but the system must never modify patient identifiers, medicine quantities, or the address https://health.example.net. This important constraint may reduce flexibility; therefore, the final method must remain accurate and safe.",1.0,,,,
en-008+en-001+en-002+en-003,en,kgw,bira_position_aware,aggressive,"The editor wants to employ a accurate procedure to improve a long content without changing its meaning. A quick process can help, but it must preserve the names Ada Lovelace and Charles Babbage, the year 1843, and https://history.example.org. The final outcome should show a considerable quality improvement.

The research team will start with a direct method and employ accurate data to test the service. Elena Rossi will check 24 reports before Friday, while the service must preserve every URL such as https://example.org/report. The outcome should show whether a minor change can improve quality without altering names or numbers.

A safe service should help each user understand the workflow. The team can pick a separate approach when the first test reveals a challenge; yet, it must not change the quoted instruction “keep the original meaning”. Marcus Lee expects a definite finding after 18 evaluations and will publish the details on https://example.com/research.

The hospital plans to produce a quick review service for clinical content. Dr. Maya Chen will check 37 records, but the service must never modify patient identifiers, medicine quantities, or the address https://health.example.net. This significant constraint may reduce flexibility; therefore, the final procedure must remain precise and protected.","The editor wants to use a accurate method to improve a long text without changing its meaning. A quick workflow can help, but it must keep the names Ada Lovelace and Charles Babbage, the year 1843, and https://history.example.org. The final result should show a large quality improvement.

The research team will start with a simple method and use precise data to test the system. Elena Rossi will verify 24 reports before Friday, while the system must preserve every URL such as https://example.org/report. The result should show whether a small change can improve quality without altering names or numbers.

A safe system should help each user understand the process. The team can choose a different approach when the first test reveals a problem; however, it must not change the quoted instruction “keep the original meaning”. Marcus Lee expects a clear result after 18 evaluations and will publish the data on https://example.com/research.

The hospital plans to create a quick review service for clinical text. Dr. Maya Chen will verify 37 records, but the system must never modify patient identifiers, medicine quantities, or the address https://health.example.net. This important constraint may reduce flexibility; consequently, the final method must remain precise and safe.",1.0,,,,
en-008+en-001+en-002+en-003,en,unigram,simple_paraphrase,fixed,"The editor wants to employ a precise procedure to enhance a long content without changing its meaning. A rapid procedure can help, but it must retain the names Ada Lovelace and Charles Babbage, the year 1843, and https://history.example.org. The final outcome should show a considerable quality improvement.

The research team will begin with a straightforward procedure and employ precise information to test the system. Elena Rossi will verify 24 reports before Friday, while the system must retain every URL such as https://example.org/report. The outcome should show whether a limited change can enhance quality without altering names or numbers.

A protected system should help each customer understand the procedure. The team can pick a separate approach when the first test reveals a difficulty; however, it must not change the quoted instruction “keep the original meaning”. Marcus Lee expects a definite outcome after 18 evaluations and will publish the information on https://example.com/research.

The hospital plans to build a rapid review system for clinical content. Dr. Maya Chen will verify 37 records, but the system must never modify patient identifiers, medicine quantities, or the address https://health.example.net. This relevant constraint may reduce flexibility; thus, the final procedure must remain precise and protected.","The editor wants to use a correct procedure to enhance a long text without changing its meaning. A rapid method can help, but it must keep the names Ada Lovelace and Charles Babbage, the year 1843, and https://history.example.org. The final outcome should indicate a large quality improvement.

The research team will begin with a straightforward procedure and use correct details to test the service. Elena Rossi will inspect 24 reports before Friday, while the service must keep every URL such as https://example.org/report. The finding should show whether a small change can refine quality without altering names or numbers.

A safe service should help each person understand the method. The team can choose a separate approach when the first test reveals a difficulty; nevertheless, it must not change the quoted instruction “keep the original meaning”. Marcus Lee expects a clear outcome after 18 evaluations and will publish the details on https://example.com/research.

The hospital plans to produce a rapid review service for clinical text. Dr. Maya Chen will inspect 37 records, but the service must never modify patient identifiers, medicine quantities, or the address https://health.example.net. This relevant constraint may decrease flexibility; thus, the final procedure must remain precise and safe.",1.0,,,,
en-008+en-001+en-002+en-003,en,unigram,sira,paper_default,"The editor wants to employ a precise procedure to enhance a long content without changing its meaning. A rapid procedure can help, but it must retain the names Ada Lovelace and Charles Babbage, the year 1843, and https://history.example.org. The final outcome should show a considerable quality improvement.

The research team will begin with a straightforward procedure and employ precise information to test the system. Elena Rossi will verify 24 reports before Friday, while the system must retain every URL such as https://example.org/report. The outcome should show whether a limited change can enhance quality without altering names or numbers.

A protected system should help each customer understand the procedure. The team can pick a separate approach when the first test reveals a difficulty; however, it must not change the quoted instruction “keep the original meaning”. Marcus Lee expects a definite outcome after 18 evaluations and will publish the information on https://example.com/research.

The hospital plans to build a rapid review system for clinical content. Dr. Maya Chen will verify 37 records, but the system must never modify patient identifiers, medicine quantities, or the address https://health.example.net. This relevant constraint may reduce flexibility; thus, the final procedure must remain precise and protected.","The editor wants to use a precise method to improve a long text without changing its meaning. A rapid method can help, but it must keep the names Ada Lovelace and Charles Babbage, the year 1843, and https://history.example.org. The final result should show a large quality improvement.

The research team will begin with a straightforward method and use accurate data to test the system. Elena Rossi will check 24 reports before Friday, while the system must keep every URL such as https://example.org/report. The result should show whether a small change can improve quality without altering names or numbers.

A safe system should help each user understand the method. The team can choose a different approach when the first test reveals a problem; however, it must not change the quoted instruction “keep the original meaning”. Marcus Lee expects a clear result after 18 evaluations and will publish the data on https://example.com/research.

The hospital plans to create a rapid review system for clinical text. Dr. Maya Chen will check 37 records, but the system must never modify patient identifiers, medicine quantities, or the address https://health.example.net. This important constraint may reduce flexibility; therefore, the final method must remain accurate and safe.",1.0,,,,
en-008+en-001+en-002+en-003,en,unigram,bira,paper_proxy,"The editor wants to employ a precise procedure to enhance a long content without changing its meaning. A rapid procedure can help, but it must retain the names Ada Lovelace and Charles Babbage, the year 1843, and https://history.example.org. The final outcome should show a considerable quality improvement.

The research team will begin with a straightforward procedure and employ precise information to test the system. Elena Rossi will verify 24 reports before Friday, while the system must retain every URL such as https://example.org/report. The outcome should show whether a limited change can enhance quality without altering names or numbers.

A protected system should help each customer understand the procedure. The team can pick a separate approach when the first test reveals a difficulty; however, it must not change the quoted instruction “keep the original meaning”. Marcus Lee expects a definite outcome after 18 evaluations and will publish the information on https://example.com/research.

The hospital plans to build a rapid review system for clinical content. Dr. Maya Chen will verify 37 records, but the system must never modify patient identifiers, medicine quantities, or the address https://health.example.net. This relevant constraint may reduce flexibility; thus, the final procedure must remain precise and protected.","The editor wants to use a accurate method to improve a long text without changing its meaning. A quick method can help, but it must keep the names Ada Lovelace and Charles Babbage, the year 1843, and https://history.example.org. The final result should show a large quality improvement.

The research team will begin with a simple method and use accurate data to test the system. Elena Rossi will check 24 reports before Friday, while the system must keep every URL such as https://example.org/report. The result should show whether a small change can improve quality without altering names or numbers.

A safe system should help each user understand the method. The team can choose a different approach when the first test reveals a problem; however, it must not change the quoted instruction “keep the original meaning”. Marcus Lee expects a clear result after 18 evaluations and will publish the data on https://example.com/research.

The hospital plans to create a quick review system for clinical text. Dr. Maya Chen will check 37 records, but the system must never modify patient identifiers, medicine quantities, or the address https://health.example.net. This important constraint may reduce flexibility; therefore, the final method must remain accurate and safe.",1.0,,,,
en-008+en-001+en-002+en-003,en,unigram,bira_position_aware,intermediate,"The editor wants to employ a precise procedure to enhance a long content without changing its meaning. A rapid procedure can help, but it must retain the names Ada Lovelace and Charles Babbage, the year 1843, and https://history.example.org. The final outcome should show a considerable quality improvement.

The research team will begin with a straightforward procedure and employ precise information to test the system. Elena Rossi will verify 24 reports before Friday, while the system must retain every URL such as https://example.org/report. The outcome should show whether a limited change can enhance quality without altering names or numbers.

A protected system should help each customer understand the procedure. The team can pick a separate approach when the first test reveals a difficulty; however, it must not change the quoted instruction “keep the original meaning”. Marcus Lee expects a definite outcome after 18 evaluations and will publish the information on https://example.com/research.

The hospital plans to build a rapid review system for clinical content. Dr. Maya Chen will verify 37 records, but the system must never modify patient identifiers, medicine quantities, or the address https://health.example.net. This relevant constraint may reduce flexibility; thus, the final procedure must remain precise and protected.","The editor wants to use a precise procedure to enhance a long text without changing its meaning. A rapid method can help, but it must keep the names Ada Lovelace and Charles Babbage, the year 1843, and https://history.example.org. The final outcome should show a large quality improvement.

The research team will begin with a straightforward procedure and use precise information to test the system. Elena Rossi will verify 24 reports before Friday, while the system must keep every URL such as https://example.org/report. The outcome should show whether a small change can enhance quality without altering names or numbers.

A safe system should help each customer understand the method. The team can pick a different approach when the first test reveals a problem; however, it must not change the quoted instruction “keep the original meaning”. Marcus Lee expects a clear outcome after 18 evaluations and will publish the information on https://example.com/research.

The hospital plans to build a rapid review system for clinical text. Dr. Maya Chen will verify 37 records, but the system must never modify patient identifiers, medicine quantities, or the address https://health.example.net. This relevant constraint may reduce flexibility; therefore, the final method must remain precise and safe.",1.0,,,,
en-008+en-001+en-002+en-003,en,synthid_tournament,simple_paraphrase,fixed,"The editor wants to employ a accurate technique to improve a long passage without changing its meaning. A rapid procedure can help, but it must preserve the names Ada Lovelace and Charles Babbage, the year 1843, and https://history.example.org. The final finding should demonstrate a substantial quality improvement.

The research team will begin with a direct procedure and utilize precise data to test the service. Elena Rossi will verify 24 reports before Friday, while the service must keep every URL such as https://example.org/report. The finding should indicate whether a minor change can refine quality without altering names or numbers.

A protected service should help each user understand the procedure. The team can pick a separate approach when the first test reveals a problem; yet, it must not change the quoted instruction “keep the original meaning”. Marcus Lee expects a definite result after 18 evaluations and will publish the details on https://example.com/research.

The hospital plans to produce a quick review platform for clinical content. Dr. Maya Chen will check 37 records, but the system must never modify patient identifiers, medicine quantities, or the address https://health.example.net. This significant constraint may reduce flexibility; consequently, the final technique must remain accurate and protected.","The editor wants to use a precise technique to enhance a long content without changing its meaning. A rapid method can help, but it must retain the names Ada Lovelace and Charles Babbage, the year 1843, and https://history.example.org. The final result should demonstrate a considerable quality improvement.

The research team will begin with a direct procedure and employ correct information to test the service. Elena Rossi will inspect 24 reports before Friday, while the service must preserve every URL such as https://example.org/report. The finding should demonstrate whether a limited change can improve quality without altering names or numbers.

A safe platform should help each customer understand the method. The team can choose a separate approach when the first test reveals a problem; however, it must not change the quoted instruction “keep the original meaning”. Marcus Lee expects a clear outcome after 18 evaluations and will publish the data on https://example.com/research.

The hospital plans to create a quick review platform for clinical text. Dr. Maya Chen will verify 37 records, but the service must never modify patient identifiers, medicine quantities, or the address https://health.example.net. This important constraint may decrease flexibility; consequently, the final technique must remain accurate and safe.",1.0,,,,
en-008+en-001+en-002+en-003,en,synthid_tournament,sira,paper_default,"The editor wants to employ a accurate technique to improve a long passage without changing its meaning. A rapid procedure can help, but it must preserve the names Ada Lovelace and Charles Babbage, the year 1843, and https://history.example.org. The final finding should demonstrate a substantial quality improvement.

The research team will begin with a direct procedure and utilize precise data to test the service. Elena Rossi will verify 24 reports before Friday, while the service must keep every URL such as https://example.org/report. The finding should indicate whether a minor change can refine quality without altering names or numbers.

A protected service should help each user understand the procedure. The team can pick a separate approach when the first test reveals a problem; yet, it must not change the quoted instruction “keep the original meaning”. Marcus Lee expects a definite result after 18 evaluations and will publish the details on https://example.com/research.

The hospital plans to produce a quick review platform for clinical content. Dr. Maya Chen will check 37 records, but the system must never modify patient identifiers, medicine quantities, or the address https://health.example.net. This significant constraint may reduce flexibility; consequently, the final technique must remain accurate and protected.","The editor wants to use a accurate method to improve a long text without changing its meaning. A rapid method can help, but it must keep the names Ada Lovelace and Charles Babbage, the year 1843, and https://history.example.org. The final result should show a large quality improvement.

The research team will begin with a simple method and use accurate data to test the system. Elena Rossi will check 24 reports before Friday, while the system must keep every URL such as https://example.org/report. The result should show whether a small change can improve quality without altering names or numbers.

A safe system should help each user understand the method. The team can choose a different approach when the first test reveals a problem; however, it must not change the quoted instruction “keep the original meaning”. Marcus Lee expects a clear result after 18 evaluations and will publish the data on https://example.com/research.

The hospital plans to create a quick review system for clinical text. Dr. Maya Chen will check 37 records, but the system must never modify patient identifiers, medicine quantities, or the address https://health.example.net. This important constraint may reduce flexibility; therefore, the final method must remain accurate and safe.",1.0,,,,
en-008+en-001+en-002+en-003,en,synthid_tournament,bira,paper_proxy,"The editor wants to employ a accurate technique to improve a long passage without changing its meaning. A rapid procedure can help, but it must preserve the names Ada Lovelace and Charles Babbage, the year 1843, and https://history.example.org. The final finding should demonstrate a substantial quality improvement.

The research team will begin with a direct procedure and utilize precise data to test the service. Elena Rossi will verify 24 reports before Friday, while the service must keep every URL such as https://example.org/report. The finding should indicate whether a minor change can refine quality without altering names or numbers.

A protected service should help each user understand the procedure. The team can pick a separate approach when the first test reveals a problem; yet, it must not change the quoted instruction “keep the original meaning”. Marcus Lee expects a definite result after 18 evaluations and will publish the details on https://example.com/research.

The hospital plans to produce a quick review platform for clinical content. Dr. Maya Chen will check 37 records, but the system must never modify patient identifiers, medicine quantities, or the address https://health.example.net. This significant constraint may reduce flexibility; consequently, the final technique must remain accurate and protected.","The editor wants to use a accurate method to improve a long text without changing its meaning. A quick method can help, but it must keep the names Ada Lovelace and Charles Babbage, the year 1843, and https://history.example.org. The final result should show a large quality improvement.

The research team will begin with a simple method and use accurate data to test the system. Elena Rossi will check 24 reports before Friday, while the system must keep every URL such as https://example.org/report. The result should show whether a small change can improve quality without altering names or numbers.

A safe system should help each user understand the method. The team can choose a different approach when the first test reveals a problem; however, it must not change the quoted instruction “keep the original meaning”. Marcus Lee expects a clear result after 18 evaluations and will publish the data on https://example.com/research.

The hospital plans to create a quick review system for clinical text. Dr. Maya Chen will check 37 records, but the system must never modify patient identifiers, medicine quantities, or the address https://health.example.net. This important constraint may reduce flexibility; therefore, the final method must remain accurate and safe.",1.0,,,,
en-008+en-001+en-002+en-003,en,synthid_tournament,bira_position_aware,aggressive,"The editor wants to employ a accurate technique to improve a long passage without changing its meaning. A rapid procedure can help, but it must preserve the names Ada Lovelace and Charles Babbage, the year 1843, and https://history.example.org. The final finding should demonstrate a substantial quality improvement.

The research team will begin with a direct procedure and utilize precise data to test the service. Elena Rossi will verify 24 reports before Friday, while the service must keep every URL such as https://example.org/report. The finding should indicate whether a minor change can refine quality without altering names or numbers.

A protected service should help each user understand the procedure. The team can pick a separate approach when the first test reveals a problem; yet, it must not change the quoted instruction “keep the original meaning”. Marcus Lee expects a definite result after 18 evaluations and will publish the details on https://example.com/research.

The hospital plans to produce a quick review platform for clinical content. Dr. Maya Chen will check 37 records, but the system must never modify patient identifiers, medicine quantities, or the address https://health.example.net. This significant constraint may reduce flexibility; consequently, the final technique must remain accurate and protected.","The editor wants to use a accurate technique to improve a long text without changing its meaning. A rapid method can help, but it must keep the names Ada Lovelace and Charles Babbage, the year 1843, and https://history.example.org. The final result should show a large quality improvement.

The research team will begin with a simple method and utilize accurate data to test the system. Elena Rossi will check 24 reports before Friday, while the system must keep every URL such as https://example.org/report. The result should indicate whether a small change can improve quality without altering names or numbers.

A safe service should help each user understand the method. The team can choose a different approach when the first test reveals a problem; however, it must not change the quoted instruction “keep the original meaning”. Marcus Lee expects a clear result after 18 evaluations and will publish the data on https://example.com/research.

The hospital plans to create a quick review system for clinical text. Dr. Maya Chen will verify 37 records, but the service must never modify patient identifiers, medicine quantities, or the address https://health.example.net. This important constraint may reduce flexibility; therefore, the final method must remain accurate and safe.",1.0,,,,
it-001+it-002+it-003+it-004,it,kgw,simple_paraphrase,fixed,"Il gruppo di ricerca vuole partire con un criterio essenziale e impiegare valori accurati per valutare il meccanismo. Elena Rossi controllerà 24 rapporti entro venerdì, mentre il meccanismo deve preservare ogni URL come https://example.org/rapporto. Il prodotto dovrebbe mostrare se un piccolo cambiamento può raffinare la qualità senza alterare nomi o numeri.

Una piattaforma sicura dovrebbe aiutare ogni persona a comprendere il processo. Il team può preferire un criterio alternativo quando il primo test mostra un problema; eppure, non deve cambiare l’istruzione citata “mantenere il significato originale”. Marco Bianchi attende un risultato evidente dopo 18 valutazioni e pubblicherà i dettagli su https://example.com/ricerca.

L’ospedale intende produrre un servizio veloce per valutare testi clinici. La dottoressa Maya Chen controllerà 37 cartelle, ma il meccanismo non deve mai modificare gli identificativi dei pazienti, le quantità dei farmaci o l’indirizzo https://salute.example.net. Questo vincolo significativo può abbassare la flessibilità; pertanto, il approccio finale deve restare preciso e sicuro.

Una piccola azienda può usare una tecnica alternativa per raffinare il supporto ai clienti. Il processo dovrebbe iniziare con un controllo rapido, scegliere soltanto i brani rilevanti e concludere con un rapporto preciso. Daniela Orsi ha chiesto di non alterare 12 dati contrattuali o il riferimento https://contratti.example.io/v2.","Il gruppo di ricerca vuole partire con un metodo essenziale e usare dati accurati per valutare il meccanismo. Elena Rossi controllerà 24 rapporti entro venerdì, mentre il meccanismo deve preservare ogni URL come https://example.org/rapporto. Il risultato dovrebbe mostrare se un minore cambiamento può raffinare la qualità senza alterare nomi o numeri.

Una piattaforma sicura dovrebbe aiutare ogni utente a comprendere il processo. Il team può scegliere un metodo diverso quando il primo test mostra un quesito; tuttavia, non deve cambiare l’istruzione citata “mantenere il significato originale”. Marco Bianchi attende un esito ovvio dopo 18 valutazioni e pubblicherà i dettagli su https://example.com/ricerca.

L’ospedale intende creare un meccanismo celere per esaminare testi clinici. La dottoressa Maya Chen controllerà 37 cartelle, ma il sistema non deve mai modificare gli identificativi dei pazienti, le quantità dei farmaci o l’indirizzo https://salute.example.net. Questo vincolo importante può abbassare la flessibilità; dunque, il approccio finale deve restare corretto e protetto.

Una piccola azienda può usare una tecnica alternativa per raffinare il supporto ai clienti. Il flusso dovrebbe cominciare con un controllo veloce, selezionare soltanto i brani rilevanti e finire con un rapporto preciso. Daniela Orsi ha chiesto di non alterare 12 elementi contrattuali o il riferimento https://contratti.example.io/v2.",1.0,,,,
it-001+it-002+it-003+it-004,it,kgw,sira,paper_default,"Il gruppo di ricerca vuole partire con un criterio essenziale e impiegare valori accurati per valutare il meccanismo. Elena Rossi controllerà 24 rapporti entro venerdì, mentre il meccanismo deve preservare ogni URL come https://example.org/rapporto. Il prodotto dovrebbe mostrare se un piccolo cambiamento può raffinare la qualità senza alterare nomi o numeri.

Una piattaforma sicura dovrebbe aiutare ogni persona a comprendere il processo. Il team può preferire un criterio alternativo quando il primo test mostra un problema; eppure, non deve cambiare l’istruzione citata “mantenere il significato originale”. Marco Bianchi attende un risultato evidente dopo 18 valutazioni e pubblicherà i dettagli su https://example.com/ricerca.

L’ospedale intende produrre un servizio veloce per valutare testi clinici. La dottoressa Maya Chen controllerà 37 cartelle, ma il meccanismo non deve mai modificare gli identificativi dei pazienti, le quantità dei farmaci o l’indirizzo https://salute.example.net. Questo vincolo significativo può abbassare la flessibilità; pertanto, il approccio finale deve restare preciso e sicuro.

Una piccola azienda può usare una tecnica alternativa per raffinare il supporto ai clienti. Il processo dovrebbe iniziare con un controllo rapido, scegliere soltanto i brani rilevanti e concludere con un rapporto preciso. Daniela Orsi ha chiesto di non alterare 12 dati contrattuali o il riferimento https://contratti.example.io/v2.","Il gruppo di ricerca vuole iniziare con un metodo semplice e usare dati accurati per testare il sistema. Elena Rossi controllerà 24 rapporti entro venerdì, mentre il sistema deve mantenere ogni URL come https://example.org/rapporto. Il risultato dovrebbe mostrare se un piccolo cambiamento può migliorare la qualità senza alterare nomi o numeri.

Una piattaforma sicura dovrebbe aiutare ogni utente a comprendere il processo. Il team può scegliere un metodo diverso quando il primo test mostra un problema; tuttavia, non deve cambiare l’istruzione citata “mantenere il significato originale”. Marco Bianchi attende un risultato chiaro dopo 18 valutazioni e pubblicherà i dettagli su https://example.com/ricerca.

L’ospedale intende creare un sistema rapido per testare testi clinici. La dottoressa Maya Chen controllerà 37 cartelle, ma il sistema non deve mai modificare gli identificativi dei pazienti, le quantità dei farmaci o l’indirizzo https://salute.example.net. Questo vincolo importante può ridurre la flessibilità; quindi, il metodo finale deve restare accurato e sicuro.

Una piccola azienda può usare una tecnica alternativa per migliorare il supporto ai clienti. Il processo dovrebbe iniziare con un controllo rapido, scegliere soltanto i brani rilevanti e finire con un rapporto accurato. Daniela Orsi ha chiesto di non alterare 12 dati contrattuali o il riferimento https://contratti.example.io/v2.",1.0,,,,
it-001+it-002+it-003+it-004,it,kgw,bira,paper_proxy,"Il gruppo di ricerca vuole partire con un criterio essenziale e impiegare valori accurati per valutare il meccanismo. Elena Rossi controllerà 24 rapporti entro venerdì, mentre il meccanismo deve preservare ogni URL come https://example.org/rapporto. Il prodotto dovrebbe mostrare se un piccolo cambiamento può raffinare la qualità senza alterare nomi o numeri.

Una piattaforma sicura dovrebbe aiutare ogni persona a comprendere il processo. Il team può preferire un criterio alternativo quando il primo test mostra un problema; eppure, non deve cambiare l’istruzione citata “mantenere il significato originale”. Marco Bianchi attende un risultato evidente dopo 18 valutazioni e pubblicherà i dettagli su https://example.com/ricerca.

L’ospedale intende produrre un servizio veloce per valutare testi clinici. La dottoressa Maya Chen controllerà 37 cartelle, ma il meccanismo non deve mai modificare gli identificativi dei pazienti, le quantità dei farmaci o l’indirizzo https://salute.example.net. Questo vincolo significativo può abbassare la flessibilità; pertanto, il approccio finale deve restare preciso e sicuro.

Una piccola azienda può usare una tecnica alternativa per raffinare il supporto ai clienti. Il processo dovrebbe iniziare con un controllo rapido, scegliere soltanto i brani rilevanti e concludere con un rapporto preciso. Daniela Orsi ha chiesto di non alterare 12 dati contrattuali o il riferimento https://contratti.example.io/v2.","Il gruppo di ricerca vuole iniziare con un metodo semplice e usare dati accurati per testare il sistema. Elena Rossi controllerà 24 rapporti entro venerdì, mentre il sistema deve mantenere ogni URL come https://example.org/rapporto. Il risultato dovrebbe mostrare se un piccolo cambiamento può migliorare la qualità senza alterare nomi o numeri.

Una piattaforma sicura dovrebbe aiutare ogni utente a comprendere il processo. Il team può scegliere un metodo diverso quando il primo test mostra un problema; tuttavia, non deve cambiare l’istruzione citata “mantenere il significato originale”. Marco Bianchi attende un risultato chiaro dopo 18 valutazioni e pubblicherà i dettagli su https://example.com/ricerca.

L’ospedale intende creare un sistema rapido per testare testi clinici. La dottoressa Maya Chen controllerà 37 cartelle, ma il sistema non deve mai modificare gli identificativi dei pazienti, le quantità dei farmaci o l’indirizzo https://salute.example.net. Questo vincolo importante può ridurre la flessibilità; quindi, il metodo finale deve restare accurato e sicuro.

Una piccola azienda può usare una tecnica alternativa per migliorare il supporto ai clienti. Il processo dovrebbe iniziare con un controllo rapido, scegliere soltanto i brani rilevanti e finire con un rapporto accurato. Daniela Orsi ha chiesto di non alterare 12 dati contrattuali o il riferimento https://contratti.example.io/v2.",1.0,,,,
it-001+it-002+it-003+it-004,it,kgw,bira_position_aware,conservative,"Il gruppo di ricerca vuole partire con un criterio essenziale e impiegare valori accurati per valutare il meccanismo. Elena Rossi controllerà 24 rapporti entro venerdì, mentre il meccanismo deve preservare ogni URL come https://example.org/rapporto. Il prodotto dovrebbe mostrare se un piccolo cambiamento può raffinare la qualità senza alterare nomi o numeri.

Una piattaforma sicura dovrebbe aiutare ogni persona a comprendere il processo. Il team può preferire un criterio alternativo quando il primo test mostra un problema; eppure, non deve cambiare l’istruzione citata “mantenere il significato originale”. Marco Bianchi attende un risultato evidente dopo 18 valutazioni e pubblicherà i dettagli su https://example.com/ricerca.

L’ospedale intende produrre un servizio veloce per valutare testi clinici. La dottoressa Maya Chen controllerà 37 cartelle, ma il meccanismo non deve mai modificare gli identificativi dei pazienti, le quantità dei farmaci o l’indirizzo https://salute.example.net. Questo vincolo significativo può abbassare la flessibilità; pertanto, il approccio finale deve restare preciso e sicuro.

Una piccola azienda può usare una tecnica alternativa per raffinare il supporto ai clienti. Il processo dovrebbe iniziare con un controllo rapido, scegliere soltanto i brani rilevanti e concludere con un rapporto preciso. Daniela Orsi ha chiesto di non alterare 12 dati contrattuali o il riferimento https://contratti.example.io/v2.","Il gruppo di ricerca vuole partire con un metodo essenziale e impiegare valori accurati per valutare il sistema. Elena Rossi controllerà 24 rapporti entro venerdì, mentre il sistema deve preservare ogni URL come https://example.org/rapporto. Il risultato dovrebbe mostrare se un piccolo cambiamento può raffinare la qualità senza alterare nomi o numeri.

Una piattaforma sicura dovrebbe aiutare ogni persona a comprendere il processo. Il team può preferire un metodo alternativo quando il primo test mostra un problema; eppure, non deve cambiare l’istruzione citata “mantenere il significato originale”. Marco Bianchi attende un risultato evidente dopo 18 valutazioni e pubblicherà i dettagli su https://example.com/ricerca.

L’ospedale intende produrre un servizio veloce per valutare testi clinici. La dottoressa Maya Chen controllerà 37 cartelle, ma il sistema non deve mai modificare gli identificativi dei pazienti, le quantità dei farmaci o l’indirizzo https://salute.example.net. Questo vincolo significativo può abbassare la flessibilità; pertanto, il approccio finale deve restare preciso e sicuro.

Una piccola azienda può usare una tecnica alternativa per raffinare il supporto ai clienti. Il processo dovrebbe iniziare con un controllo rapido, scegliere soltanto i brani rilevanti e finire con un rapporto preciso. Daniela Orsi ha chiesto di non alterare 12 dati contrattuali o il riferimento https://contratti.example.io/v2.",1.0,,,,
it-001+it-002+it-003+it-004,it,unigram,simple_paraphrase,fixed,"Il gruppo di ricerca vuole cominciare con un metodo lineare e impiegare dati accurati per valutare il sistema. Elena Rossi controllerà 24 rapporti entro venerdì, mentre il sistema deve mantenere ogni URL come https://example.org/rapporto. Il prodotto dovrebbe mostrare se un limitato cambiamento può migliorare la qualità senza alterare nomi o numeri.

Una piattaforma sicura dovrebbe aiutare ogni cliente a comprendere il processo. Il team può scegliere un metodo alternativo quando il primo test dimostra un problema; tuttavia, non deve cambiare l’istruzione citata “mantenere il significato originale”. Marco Bianchi attende un prodotto ovvio dopo 18 valutazioni e pubblicherà i dettagli su https://example.com/ricerca.

L’ospedale intende creare un sistema veloce per valutare testi clinici. La dottoressa Maya Chen controllerà 37 cartelle, ma il sistema non deve mai modificare gli identificativi dei pazienti, le quantità dei farmaci o l’indirizzo https://salute.example.net. Questo vincolo importante può abbassare la flessibilità; dunque, il metodo finale deve restare corretto e sicuro.

Una piccola azienda può impiegare una tecnica alternativa per migliorare il supporto ai clienti. Il processo dovrebbe cominciare con un controllo veloce, scegliere soltanto i brani rilevanti e finire con un rapporto corretto. Daniela Orsi ha chiesto di non alterare 12 dati contrattuali o il riferimento https://contratti.example.io/v2.","Il gruppo di ricerca vuole partire con un approccio essenziale e usare dati accurati per valutare il sistema. Elena Rossi controllerà 24 rapporti entro venerdì, mentre il servizio deve preservare ogni URL come https://example.org/rapporto. Il risultato dovrebbe mostrare se un piccolo cambiamento può migliorare la qualità senza alterare nomi o numeri.

Una piattaforma sicura dovrebbe aiutare ogni cliente a comprendere il processo. Il team può scegliere un approccio diverso quando il primo test dimostra un quesito; comunque, non deve cambiare l’istruzione citata “mantenere il significato originale”. Marco Bianchi attende un risultato chiaro dopo 18 valutazioni e pubblicherà i dettagli su https://example.com/ricerca.

L’ospedale intende creare un sistema celere per esaminare testi clinici. La dottoressa Maya Chen controllerà 37 cartelle, ma il sistema non deve mai modificare gli identificativi dei pazienti, le quantità dei farmaci o l’indirizzo https://salute.example.net. Questo vincolo rilevante può abbassare la flessibilità; quindi, il approccio finale deve restare accurato e protetto.

Una piccola azienda può impiegare una tecnica alternativa per perfezionare il supporto ai clienti. Il flusso dovrebbe cominciare con un controllo celere, selezionare soltanto i brani rilevanti e terminare con un rapporto accurato. Daniela Orsi ha chiesto di non alterare 12 elementi contrattuali o il riferimento https://contratti.example.io/v2.",1.0,,,,
it-001+it-002+it-003+it-004,it,unigram,sira,paper_default,"Il gruppo di ricerca vuole cominciare con un metodo lineare e impiegare dati accurati per valutare il sistema. Elena Rossi controllerà 24 rapporti entro venerdì, mentre il sistema deve mantenere ogni URL come https://example.org/rapporto. Il prodotto dovrebbe mostrare se un limitato cambiamento può migliorare la qualità senza alterare nomi o numeri.

Una piattaforma sicura dovrebbe aiutare ogni cliente a comprendere il processo. Il team può scegliere un metodo alternativo quando il primo test dimostra un problema; tuttavia, non deve cambiare l’istruzione citata “mantenere il significato originale”. Marco Bianchi attende un prodotto ovvio dopo 18 valutazioni e pubblicherà i dettagli su https://example.com/ricerca.

L’ospedale intende creare un sistema veloce per valutare testi clinici. La dottoressa Maya Chen controllerà 37 cartelle, ma il sistema non deve mai modificare gli identificativi dei pazienti, le quantità dei farmaci o l’indirizzo https://salute.example.net. Questo vincolo importante può abbassare la flessibilità; dunque, il metodo finale deve restare corretto e sicuro.

Una piccola azienda può impiegare una tecnica alternativa per migliorare il supporto ai clienti. Il processo dovrebbe cominciare con un controllo veloce, scegliere soltanto i brani rilevanti e finire con un rapporto corretto. Daniela Orsi ha chiesto di non alterare 12 dati contrattuali o il riferimento https://contratti.example.io/v2.","Il gruppo di ricerca vuole iniziare con un metodo semplice e usare elementi accurati per testare il sistema. Elena Rossi controllerà 24 rapporti entro venerdì, mentre il sistema deve preservare ogni URL come https://example.org/rapporto. Il risultato dovrebbe mostrare se un piccolo cambiamento può migliorare la qualità senza alterare nomi o numeri.

Una piattaforma sicura dovrebbe aiutare ogni utente a comprendere il processo. Il team può selezionare un metodo diverso quando il primo test mostra un quesito; tuttavia, non deve cambiare l’istruzione citata “mantenere il significato originale”. Marco Bianchi attende un risultato chiaro dopo 18 valutazioni e pubblicherà i dettagli su https://example.com/ricerca.

L’ospedale intende creare un servizio rapido per testare testi clinici. La dottoressa Maya Chen controllerà 37 cartelle, ma il sistema non deve mai modificare gli identificativi dei pazienti, le quantità dei farmaci o l’indirizzo https://salute.example.net. Questo vincolo importante può ridurre la flessibilità; quindi, il approccio finale deve restare accurato e protetto.

Una piccola azienda può usare una tecnica alternativa per migliorare il supporto ai clienti. Il processo dovrebbe iniziare con un controllo rapido, selezionare soltanto i brani rilevanti e terminare con un rapporto accurato. Daniela Orsi ha chiesto di non alterare 12 elementi contrattuali o il riferimento https://contratti.example.io/v2.",1.0,,,,
it-001+it-002+it-003+it-004,it,unigram,bira,paper_proxy,"Il gruppo di ricerca vuole cominciare con un metodo lineare e impiegare dati accurati per valutare il sistema. Elena Rossi controllerà 24 rapporti entro venerdì, mentre il sistema deve mantenere ogni URL come https://example.org/rapporto. Il prodotto dovrebbe mostrare se un limitato cambiamento può migliorare la qualità senza alterare nomi o numeri.

Una piattaforma sicura dovrebbe aiutare ogni cliente a comprendere il processo. Il team può scegliere un metodo alternativo quando il primo test dimostra un problema; tuttavia, non deve cambiare l’istruzione citata “mantenere il significato originale”. Marco Bianchi attende un prodotto ovvio dopo 18 valutazioni e pubblicherà i dettagli su https://example.com/ricerca.

L’ospedale intende creare un sistema veloce per valutare testi clinici. La dottoressa Maya Chen controllerà 37 cartelle, ma il sistema non deve mai modificare gli identificativi dei pazienti, le quantità dei farmaci o l’indirizzo https://salute.example.net. Questo vincolo importante può abbassare la flessibilità; dunque, il metodo finale deve restare corretto e sicuro.

Una piccola azienda può impiegare una tecnica alternativa per migliorare il supporto ai clienti. Il processo dovrebbe cominciare con un controllo veloce, scegliere soltanto i brani rilevanti e finire con un rapporto corretto. Daniela Orsi ha chiesto di non alterare 12 dati contrattuali o il riferimento https://contratti.example.io/v2.","Il gruppo di ricerca vuole iniziare con un metodo semplice e usare elementi accurati per testare il sistema. Elena Rossi controllerà 24 rapporti entro venerdì, mentre il sistema deve mantenere ogni URL come https://example.org/rapporto. Il risultato dovrebbe mostrare se un piccolo cambiamento può migliorare la qualità senza alterare nomi o numeri.

Una piattaforma sicura dovrebbe aiutare ogni utente a comprendere il processo. Il team può scegliere un metodo diverso quando il primo test mostra un problema; tuttavia, non deve cambiare l’istruzione citata “mantenere il significato originale”. Marco Bianchi attende un risultato chiaro dopo 18 valutazioni e pubblicherà i dettagli su https://example.com/ricerca.

L’ospedale intende creare un sistema rapido per testare testi clinici. La dottoressa Maya Chen controllerà 37 cartelle, ma il sistema non deve mai modificare gli identificativi dei pazienti, le quantità dei farmaci o l’indirizzo https://salute.example.net. Questo vincolo importante può ridurre la flessibilità; quindi, il metodo finale deve restare accurato e sicuro.

Una piccola azienda può usare una tecnica alternativa per migliorare il supporto ai clienti. Il processo dovrebbe iniziare con un controllo rapido, scegliere soltanto i brani rilevanti e finire con un rapporto accurato. Daniela Orsi ha chiesto di non alterare 12 elementi contrattuali o il riferimento https://contratti.example.io/v2.",1.0,,,,
it-001+it-002+it-003+it-004,it,unigram,bira_position_aware,intermediate,"Il gruppo di ricerca vuole cominciare con un metodo lineare e impiegare dati accurati per valutare il sistema. Elena Rossi controllerà 24 rapporti entro venerdì, mentre il sistema deve mantenere ogni URL come https://example.org/rapporto. Il prodotto dovrebbe mostrare se un limitato cambiamento può migliorare la qualità senza alterare nomi o numeri.

Una piattaforma sicura dovrebbe aiutare ogni cliente a comprendere il processo. Il team può scegliere un metodo alternativo quando il primo test dimostra un problema; tuttavia, non deve cambiare l’istruzione citata “mantenere il significato originale”. Marco Bianchi attende un prodotto ovvio dopo 18 valutazioni e pubblicherà i dettagli su https://example.com/ricerca.

L’ospedale intende creare un sistema veloce per valutare testi clinici. La dottoressa Maya Chen controllerà 37 cartelle, ma il sistema non deve mai modificare gli identificativi dei pazienti, le quantità dei farmaci o l’indirizzo https://salute.example.net. Questo vincolo importante può abbassare la flessibilità; dunque, il metodo finale deve restare corretto e sicuro.

Una piccola azienda può impiegare una tecnica alternativa per migliorare il supporto ai clienti. Il processo dovrebbe cominciare con un controllo veloce, scegliere soltanto i brani rilevanti e finire con un rapporto corretto. Daniela Orsi ha chiesto di non alterare 12 dati contrattuali o il riferimento https://contratti.example.io/v2.","Il gruppo di ricerca vuole iniziare con un metodo lineare e usare dati accurati per valutare il sistema. Elena Rossi controllerà 24 rapporti entro venerdì, mentre il sistema deve mantenere ogni URL come https://example.org/rapporto. Il risultato dovrebbe mostrare se un piccolo cambiamento può migliorare la qualità senza alterare nomi o numeri.

Una piattaforma sicura dovrebbe aiutare ogni utente a comprendere il processo. Il team può scegliere un metodo diverso quando il primo test mostra un problema; tuttavia, non deve cambiare l’istruzione citata “mantenere il significato originale”. Marco Bianchi attende un risultato ovvio dopo 18 valutazioni e pubblicherà i dettagli su https://example.com/ricerca.

L’ospedale intende creare un sistema rapido per valutare testi clinici. La dottoressa Maya Chen controllerà 37 cartelle, ma il sistema non deve mai modificare gli identificativi dei pazienti, le quantità dei farmaci o l’indirizzo https://salute.example.net. Questo vincolo importante può ridurre la flessibilità; quindi, il metodo finale deve restare accurato e sicuro.

Una piccola azienda può usare una tecnica alternativa per migliorare il supporto ai clienti. Il processo dovrebbe iniziare con un controllo veloce, scegliere soltanto i brani rilevanti e finire con un rapporto accurato. Daniela Orsi ha chiesto di non alterare 12 dati contrattuali o il riferimento https://contratti.example.io/v2.",1.0,,,,
it-001+it-002+it-003+it-004,it,synthid_tournament,simple_paraphrase,fixed,"Il gruppo di ricerca vuole cominciare con un approccio lineare e impiegare dati accurati per valutare il meccanismo. Elena Rossi controllerà 24 rapporti entro venerdì, mentre il meccanismo deve conservare ogni URL come https://example.org/rapporto. Il esito dovrebbe mostrare se un piccolo cambiamento può raffinare la qualità senza alterare nomi o numeri.

Una piattaforma sicura dovrebbe aiutare ogni utente a comprendere il percorso. Il team può preferire un approccio alternativo quando il primo test mostra un problema; comunque, non deve cambiare l’istruzione citata “mantenere il significato originale”. Marco Bianchi attende un esito evidente dopo 18 valutazioni e pubblicherà i dettagli su https://example.com/ricerca.

L’ospedale intende costruire un meccanismo rapido per valutare testi clinici. La dottoressa Maya Chen controllerà 37 cartelle, ma il servizio non deve mai modificare gli identificativi dei pazienti, le quantità dei farmaci o l’indirizzo https://salute.example.net. Questo vincolo rilevante può diminuire la flessibilità; quindi, il approccio finale deve restare preciso e protetto.

Una piccola azienda può impiegare una tecnica alternativa per perfezionare il supporto ai clienti. Il processo dovrebbe partire con un controllo rapido, scegliere soltanto i brani rilevanti e finire con un rapporto accurato. Daniela Orsi ha chiesto di non alterare 12 elementi contrattuali o il riferimento https://contratti.example.io/v2.","Il gruppo di ricerca vuole partire con un criterio essenziale e usare dati accurati per valutare il meccanismo. Elena Rossi controllerà 24 rapporti entro venerdì, mentre il meccanismo deve mantenere ogni URL come https://example.org/rapporto. Il esito dovrebbe mostrare se un minore cambiamento può raffinare la qualità senza alterare nomi o numeri.

Una piattaforma sicura dovrebbe aiutare ogni cliente a comprendere il processo. Il team può scegliere un criterio diverso quando il primo test mostra un quesito; eppure, non deve cambiare l’istruzione citata “mantenere il significato originale”. Marco Bianchi attende un esito ovvio dopo 18 valutazioni e pubblicherà i dettagli su https://example.com/ricerca.

L’ospedale intende costruire un meccanismo veloce per esaminare testi clinici. La dottoressa Maya Chen controllerà 37 cartelle, ma il meccanismo non deve mai modificare gli identificativi dei pazienti, le quantità dei farmaci o l’indirizzo https://salute.example.net. Questo vincolo significativo può diminuire la flessibilità; pertanto, il approccio finale deve restare corretto e affidabile.

Una piccola azienda può impiegare una tecnica alternativa per raffinare il supporto ai clienti. Il flusso dovrebbe iniziare con un controllo veloce, selezionare soltanto i brani rilevanti e terminare con un rapporto accurato. Daniela Orsi ha chiesto di non alterare 12 valori contrattuali o il riferimento https://contratti.example.io/v2.",1.0,,,,
it-001+it-002+it-003+it-004,it,synthid_tournament,sira,paper_default,"Il gruppo di ricerca vuole cominciare con un approccio lineare e impiegare dati accurati per valutare il meccanismo. Elena Rossi controllerà 24 rapporti entro venerdì, mentre il meccanismo deve conservare ogni URL come https://example.org/rapporto. Il esito dovrebbe mostrare se un piccolo cambiamento può raffinare la qualità senza alterare nomi o numeri.

Una piattaforma sicura dovrebbe aiutare ogni utente a comprendere il percorso. Il team può preferire un approccio alternativo quando il primo test mostra un problema; comunque, non deve cambiare l’istruzione citata “mantenere il significato originale”. Marco Bianchi attende un esito evidente dopo 18 valutazioni e pubblicherà i dettagli su https://example.com/ricerca.

L’ospedale intende costruire un meccanismo rapido per valutare testi clinici. La dottoressa Maya Chen controllerà 37 cartelle, ma il servizio non deve mai modificare gli identificativi dei pazienti, le quantità dei farmaci o l’indirizzo https://salute.example.net. Questo vincolo rilevante può diminuire la flessibilità; quindi, il approccio finale deve restare preciso e protetto.

Una piccola azienda può impiegare una tecnica alternativa per perfezionare il supporto ai clienti. Il processo dovrebbe partire con un controllo rapido, scegliere soltanto i brani rilevanti e finire con un rapporto accurato. Daniela Orsi ha chiesto di non alterare 12 elementi contrattuali o il riferimento https://contratti.example.io/v2.","Il gruppo di ricerca vuole iniziare con un metodo semplice e usare dati accurati per testare il sistema. Elena Rossi controllerà 24 rapporti entro venerdì, mentre il sistema deve mantenere ogni URL come https://example.org/rapporto. Il risultato dovrebbe mostrare se un piccolo cambiamento può migliorare la qualità senza alterare nomi o numeri.

Una piattaforma sicura dovrebbe aiutare ogni utente a comprendere il processo. Il team può scegliere un metodo diverso quando il primo test mostra un problema; tuttavia, non deve cambiare l’istruzione citata “mantenere il significato originale”. Marco Bianchi attende un risultato chiaro dopo 18 valutazioni e pubblicherà i dettagli su https://example.com/ricerca.

L’ospedale intende creare un sistema rapido per testare testi clinici. La dottoressa Maya Chen controllerà 37 cartelle, ma il sistema non deve mai modificare gli identificativi dei pazienti, le quantità dei farmaci o l’indirizzo https://salute.example.net. Questo vincolo importante può ridurre la flessibilità; quindi, il metodo finale deve restare accurato e sicuro.

Una piccola azienda può usare una tecnica alternativa per migliorare il supporto ai clienti. Il processo dovrebbe iniziare con un controllo rapido, scegliere soltanto i brani rilevanti e finire con un rapporto accurato. Daniela Orsi ha chiesto di non alterare 12 dati contrattuali o il riferimento https://contratti.example.io/v2.",1.0,,,,
it-001+it-002+it-003+it-004,it,synthid_tournament,bira,paper_proxy,"Il gruppo di ricerca vuole cominciare con un approccio lineare e impiegare dati accurati per valutare il meccanismo. Elena Rossi controllerà 24 rapporti entro venerdì, mentre il meccanismo deve conservare ogni URL come https://example.org/rapporto. Il esito dovrebbe mostrare se un piccolo cambiamento può raffinare la qualità senza alterare nomi o numeri.

Una piattaforma sicura dovrebbe aiutare ogni utente a comprendere il percorso. Il team può preferire un approccio alternativo quando il primo test mostra un problema; comunque, non deve cambiare l’istruzione citata “mantenere il significato originale”. Marco Bianchi attende un esito evidente dopo 18 valutazioni e pubblicherà i dettagli su https://example.com/ricerca.

L’ospedale intende costruire un meccanismo rapido per valutare testi clinici. La dottoressa Maya Chen controllerà 37 cartelle, ma il servizio non deve mai modificare gli identificativi dei pazienti, le quantità dei farmaci o l’indirizzo https://salute.example.net. Questo vincolo rilevante può diminuire la flessibilità; quindi, il approccio finale deve restare preciso e protetto.

Una piccola azienda può impiegare una tecnica alternativa per perfezionare il supporto ai clienti. Il processo dovrebbe partire con un controllo rapido, scegliere soltanto i brani rilevanti e finire con un rapporto accurato. Daniela Orsi ha chiesto di non alterare 12 elementi contrattuali o il riferimento https://contratti.example.io/v2.","Il gruppo di ricerca vuole iniziare con un metodo semplice e usare dati accurati per testare il sistema. Elena Rossi controllerà 24 rapporti entro venerdì, mentre il sistema deve mantenere ogni URL come https://example.org/rapporto. Il risultato dovrebbe mostrare se un piccolo cambiamento può migliorare la qualità senza alterare nomi o numeri.

Una piattaforma sicura dovrebbe aiutare ogni utente a comprendere il processo. Il team può scegliere un metodo diverso quando il primo test mostra un problema; tuttavia, non deve cambiare l’istruzione citata “mantenere il significato originale”. Marco Bianchi attende un risultato chiaro dopo 18 valutazioni e pubblicherà i dettagli su https://example.com/ricerca.

L’ospedale intende creare un sistema rapido per testare testi clinici. La dottoressa Maya Chen controllerà 37 cartelle, ma il sistema non deve mai modificare gli identificativi dei pazienti, le quantità dei farmaci o l’indirizzo https://salute.example.net. Questo vincolo importante può ridurre la flessibilità; quindi, il metodo finale deve restare accurato e sicuro.

Una piccola azienda può usare una tecnica alternativa per migliorare il supporto ai clienti. Il processo dovrebbe iniziare con un controllo rapido, scegliere soltanto i brani rilevanti e finire con un rapporto accurato. Daniela Orsi ha chiesto di non alterare 12 dati contrattuali o il riferimento https://contratti.example.io/v2.",1.0,,,,
it-001+it-002+it-003+it-004,it,synthid_tournament,bira_position_aware,conservative,"Il gruppo di ricerca vuole cominciare con un approccio lineare e impiegare dati accurati per valutare il meccanismo. Elena Rossi controllerà 24 rapporti entro venerdì, mentre il meccanismo deve conservare ogni URL come https://example.org/rapporto. Il esito dovrebbe mostrare se un piccolo cambiamento può raffinare la qualità senza alterare nomi o numeri.

Una piattaforma sicura dovrebbe aiutare ogni utente a comprendere il percorso. Il team può preferire un approccio alternativo quando il primo test mostra un problema; comunque, non deve cambiare l’istruzione citata “mantenere il significato originale”. Marco Bianchi attende un esito evidente dopo 18 valutazioni e pubblicherà i dettagli su https://example.com/ricerca.

L’ospedale intende costruire un meccanismo rapido per valutare testi clinici. La dottoressa Maya Chen controllerà 37 cartelle, ma il servizio non deve mai modificare gli identificativi dei pazienti, le quantità dei farmaci o l’indirizzo https://salute.example.net. Questo vincolo rilevante può diminuire la flessibilità; quindi, il approccio finale deve restare preciso e protetto.

Una piccola azienda può impiegare una tecnica alternativa per perfezionare il supporto ai clienti. Il processo dovrebbe partire con un controllo rapido, scegliere soltanto i brani rilevanti e finire con un rapporto accurato. Daniela Orsi ha chiesto di non alterare 12 elementi contrattuali o il riferimento https://contratti.example.io/v2.","Il gruppo di ricerca vuole cominciare con un approccio lineare e usare dati accurati per valutare il sistema. Elena Rossi controllerà 24 rapporti entro venerdì, mentre il sistema deve conservare ogni URL come https://example.org/rapporto. Il esito dovrebbe mostrare se un piccolo cambiamento può migliorare la qualità senza alterare nomi o numeri.

Una piattaforma sicura dovrebbe aiutare ogni utente a comprendere il processo. Il team può scegliere un approccio alternativo quando il primo test mostra un problema; comunque, non deve cambiare l’istruzione citata “mantenere il significato originale”. Marco Bianchi attende un esito evidente dopo 18 valutazioni e pubblicherà i dettagli su https://example.com/ricerca.

L’ospedale intende costruire un sistema rapido per valutare testi clinici. La dottoressa Maya Chen controllerà 37 cartelle, ma il servizio non deve mai modificare gli identificativi dei pazienti, le quantità dei farmaci o l’indirizzo https://salute.example.net. Questo vincolo rilevante può diminuire la flessibilità; quindi, il approccio finale deve restare preciso e protetto.

Una piccola azienda può impiegare una tecnica alternativa per perfezionare il supporto ai clienti. Il processo dovrebbe partire con un controllo rapido, scegliere soltanto i brani rilevanti e finire con un rapporto accurato. Daniela Orsi ha chiesto di non alterare 12 elementi contrattuali o il riferimento https://contratti.example.io/v2.",1.0,,,,
it-002+it-003+it-004+it-005,it,kgw,simple_paraphrase,fixed,"Una piattaforma sicura dovrebbe aiutare ogni persona a comprendere il processo. Il team può preferire un criterio alternativo quando il primo test mostra un problema; eppure, non deve cambiare l’istruzione citata “mantenere il significato originale”. Marco Bianchi attende un risultato evidente dopo 18 valutazioni e pubblicherà i dettagli su https://example.com/ricerca.

L’ospedale intende produrre un servizio veloce per valutare testi clinici. La dottoressa Maya Chen controllerà 37 cartelle, ma il meccanismo non deve mai modificare gli identificativi dei pazienti, le quantità dei farmaci o l’indirizzo https://salute.example.net. Questo vincolo significativo può abbassare la flessibilità; pertanto, il approccio finale deve restare preciso e sicuro.

Una piccola azienda può usare una tecnica alternativa per raffinare il supporto ai clienti. Il processo dovrebbe iniziare con un controllo rapido, scegliere soltanto i brani rilevanti e concludere con un rapporto preciso. Daniela Orsi ha chiesto di non alterare 12 dati contrattuali o il riferimento https://contratti.example.io/v2.

Il meccanismo di archivio conserva una considerevole raccolta di testi storici. I ricercatori vogliono valutare un criterio essenziale capace di cambiare espressioni comuni preservando le informazioni fattuali. Sofia Martini ha ricordato che il progetto contiene 63 documenti e non consente di modificare la citazione “Indagine sul fiume, 1984” o https://archivio.example.edu.","Una piattaforma sicura dovrebbe aiutare ogni persona a comprendere il flusso. Il team può scegliere un metodo diverso quando il primo test indica un quesito; tuttavia, non deve cambiare l’istruzione citata “mantenere il significato originale”. Marco Bianchi attende un esito evidente dopo 18 valutazioni e pubblicherà i dettagli su https://example.com/ricerca.

L’ospedale intende creare un servizio celere per esaminare testi clinici. La dottoressa Maya Chen controllerà 37 cartelle, ma il sistema non deve mai modificare gli identificativi dei pazienti, le quantità dei farmaci o l’indirizzo https://salute.example.net. Questo vincolo importante può abbassare la flessibilità; pertanto, il criterio finale deve restare corretto e protetto.

Una piccola azienda può usare una tecnica alternativa per raffinare il supporto ai clienti. Il flusso dovrebbe cominciare con un controllo veloce, scegliere soltanto i brani rilevanti e finire con un rapporto corretto. Daniela Orsi ha chiesto di non alterare 12 dati contrattuali o il riferimento https://contratti.example.io/v2.

Il sistema di archivio conserva una grande raccolta di testi storici. I ricercatori vogliono valutare un criterio essenziale capace di cambiare espressioni comuni preservando le informazioni fattuali. Sofia Martini ha ricordato che il progetto contiene 63 documenti e non consente di modificare la citazione “Indagine sul fiume, 1984” o https://archivio.example.edu.",1.0,,,,
it-002+it-003+it-004+it-005,it,kgw,sira,paper_default,"Una piattaforma sicura dovrebbe aiutare ogni persona a comprendere il processo. Il team può preferire un criterio alternativo quando il primo test mostra un problema; eppure, non deve cambiare l’istruzione citata “mantenere il significato originale”. Marco Bianchi attende un risultato evidente dopo 18 valutazioni e pubblicherà i dettagli su https://example.com/ricerca.

L’ospedale intende produrre un servizio veloce per valutare testi clinici. La dottoressa Maya Chen controllerà 37 cartelle, ma il meccanismo non deve mai modificare gli identificativi dei pazienti, le quantità dei farmaci o l’indirizzo https://salute.example.net. Questo vincolo significativo può abbassare la flessibilità; pertanto, il approccio finale deve restare preciso e sicuro.

Una piccola azienda può usare una tecnica alternativa per raffinare il supporto ai clienti. Il processo dovrebbe iniziare con un controllo rapido, scegliere soltanto i brani rilevanti e concludere con un rapporto preciso. Daniela Orsi ha chiesto di non alterare 12 dati contrattuali o il riferimento https://contratti.example.io/v2.

Il meccanismo di archivio conserva una considerevole raccolta di testi storici. I ricercatori vogliono valutare un criterio essenziale capace di cambiare espressioni comuni preservando le informazioni fattuali. Sofia Martini ha ricordato che il progetto contiene 63 documenti e non consente di modificare la citazione “Indagine sul fiume, 1984” o https://archivio.example.edu.","Una piattaforma sicura dovrebbe aiutare ogni utente a comprendere il processo. Il team può scegliere un metodo diverso quando il primo test mostra un problema; tuttavia, non deve cambiare l’istruzione citata “mantenere il significato originale”. Marco Bianchi attende un risultato chiaro dopo 18 valutazioni e pubblicherà i dettagli su https://example.com/ricerca.

L’ospedale intende creare un sistema rapido per testare testi clinici. La dottoressa Maya Chen controllerà 37 cartelle, ma il sistema non deve mai modificare gli identificativi dei pazienti, le quantità dei farmaci o l’indirizzo https://salute.example.net. Questo vincolo importante può ridurre la flessibilità; quindi, il metodo finale deve restare accurato e sicuro.

Una piccola azienda può usare una tecnica alternativa per migliorare il supporto ai clienti. Il processo dovrebbe iniziare con un controllo rapido, selezionare soltanto i brani rilevanti e finire con un rapporto accurato. Daniela Orsi ha chiesto di non alterare 12 dati contrattuali o il riferimento https://contratti.example.io/v2.

Il sistema di archivio conserva una grande raccolta di testi storici. I ricercatori vogliono testare un metodo semplice capace di cambiare espressioni comuni preservando le informazioni fattuali. Sofia Martini ha ricordato che il progetto contiene 63 documenti e non consente di modificare la citazione “Indagine sul fiume, 1984” o https://archivio.example.edu.",1.0,,,,
it-002+it-003+it-004+it-005,it,kgw,bira,paper_proxy,"Una piattaforma sicura dovrebbe aiutare ogni persona a comprendere il processo. Il team può preferire un criterio alternativo quando il primo test mostra un problema; eppure, non deve cambiare l’istruzione citata “mantenere il significato originale”. Marco Bianchi attende un risultato evidente dopo 18 valutazioni e pubblicherà i dettagli su https://example.com/ricerca.

L’ospedale intende produrre un servizio veloce per valutare testi clinici. La dottoressa Maya Chen controllerà 37 cartelle, ma il meccanismo non deve mai modificare gli identificativi dei pazienti, le quantità dei farmaci o l’indirizzo https://salute.example.net. Questo vincolo significativo può abbassare la flessibilità; pertanto, il approccio finale deve restare preciso e sicuro.

Una piccola azienda può usare una tecnica alternativa per raffinare il supporto ai clienti. Il processo dovrebbe iniziare con un controllo rapido, scegliere soltanto i brani rilevanti e concludere con un rapporto preciso. Daniela Orsi ha chiesto di non alterare 12 dati contrattuali o il riferimento https://contratti.example.io/v2.

Il meccanismo di archivio conserva una considerevole raccolta di testi storici. I ricercatori vogliono valutare un criterio essenziale capace di cambiare espressioni comuni preservando le informazioni fattuali. Sofia Martini ha ricordato che il progetto contiene 63 documenti e non consente di modificare la citazione “Indagine sul fiume, 1984” o https://archivio.example.edu.","Una piattaforma sicura dovrebbe aiutare ogni utente a comprendere il processo. Il team può scegliere un metodo diverso quando il primo test mostra un problema; tuttavia, non deve cambiare l’istruzione citata “mantenere il significato originale”. Marco Bianchi attende un risultato chiaro dopo 18 valutazioni e pubblicherà i dettagli su https://example.com/ricerca.

L’ospedale intende creare un sistema rapido per testare testi clinici. La dottoressa Maya Chen controllerà 37 cartelle, ma il sistema non deve mai modificare gli identificativi dei pazienti, le quantità dei farmaci o l’indirizzo https://salute.example.net. Questo vincolo importante può ridurre la flessibilità; quindi, il metodo finale deve restare accurato e sicuro.

Una piccola azienda può usare una tecnica alternativa per migliorare il supporto ai clienti. Il processo dovrebbe iniziare con un controllo rapido, scegliere soltanto i brani rilevanti e finire con un rapporto accurato. Daniela Orsi ha chiesto di non alterare 12 dati contrattuali o il riferimento https://contratti.example.io/v2.

Il sistema di archivio conserva una grande raccolta di testi storici. I ricercatori vogliono testare un metodo semplice capace di cambiare espressioni comuni preservando le informazioni fattuali. Sofia Martini ha ricordato che il progetto contiene 63 documenti e non consente di modificare la citazione “Indagine sul fiume, 1984” o https://archivio.example.edu.",1.0,,,,
it-002+it-003+it-004+it-005,it,kgw,bira_position_aware,intermediate,"Una piattaforma sicura dovrebbe aiutare ogni persona a comprendere il processo. Il team può preferire un criterio alternativo quando il primo test mostra un problema; eppure, non deve cambiare l’istruzione citata “mantenere il significato originale”. Marco Bianchi attende un risultato evidente dopo 18 valutazioni e pubblicherà i dettagli su https://example.com/ricerca.

L’ospedale intende produrre un servizio veloce per valutare testi clinici. La dottoressa Maya Chen controllerà 37 cartelle, ma il meccanismo non deve mai modificare gli identificativi dei pazienti, le quantità dei farmaci o l’indirizzo https://salute.example.net. Questo vincolo significativo può abbassare la flessibilità; pertanto, il approccio finale deve restare preciso e sicuro.

Una piccola azienda può usare una tecnica alternativa per raffinare il supporto ai clienti. Il processo dovrebbe iniziare con un controllo rapido, scegliere soltanto i brani rilevanti e concludere con un rapporto preciso. Daniela Orsi ha chiesto di non alterare 12 dati contrattuali o il riferimento https://contratti.example.io/v2.

Il meccanismo di archivio conserva una considerevole raccolta di testi storici. I ricercatori vogliono valutare un criterio essenziale capace di cambiare espressioni comuni preservando le informazioni fattuali. Sofia Martini ha ricordato che il progetto contiene 63 documenti e non consente di modificare la citazione “Indagine sul fiume, 1984” o https://archivio.example.edu.","Una piattaforma sicura dovrebbe aiutare ogni utente a comprendere il processo. Il team può preferire un metodo alternativo quando il primo test mostra un problema; tuttavia, non deve cambiare l’istruzione citata “mantenere il significato originale”. Marco Bianchi attende un risultato chiaro dopo 18 valutazioni e pubblicherà i dettagli su https://example.com/ricerca.

L’ospedale intende creare un servizio veloce per valutare testi clinici. La dottoressa Maya Chen controllerà 37 cartelle, ma il sistema non deve mai modificare gli identificativi dei pazienti, le quantità dei farmaci o l’indirizzo https://salute.example.net. Questo vincolo significativo può ridurre la flessibilità; quindi, il approccio finale deve restare preciso e sicuro.

Una piccola azienda può usare una tecnica alternativa per migliorare il supporto ai clienti. Il processo dovrebbe iniziare con un controllo rapido, scegliere soltanto i brani rilevanti e finire con un rapporto preciso. Daniela Orsi ha chiesto di non alterare 12 dati contrattuali o il riferimento https://contratti.example.io/v2.

Il sistema di archivio conserva una grande raccolta di testi storici. I ricercatori vogliono valutare un metodo essenziale capace di cambiare espressioni comuni preservando le informazioni fattuali. Sofia Martini ha ricordato che il progetto contiene 63 documenti e non consente di modificare la citazione “Indagine sul fiume, 1984” o https://archivio.example.edu.",1.0,,,,
it-002+it-003+it-004+it-005,it,unigram,simple_paraphrase,fixed,"Una piattaforma sicura dovrebbe aiutare ogni cliente a comprendere il processo. Il team può scegliere un metodo alternativo quando il primo test dimostra un problema; tuttavia, non deve cambiare l’istruzione citata “mantenere il significato originale”. Marco Bianchi attende un prodotto ovvio dopo 18 valutazioni e pubblicherà i dettagli su https://example.com/ricerca.

L’ospedale intende creare un sistema veloce per valutare testi clinici. La dottoressa Maya Chen controllerà 37 cartelle, ma il sistema non deve mai modificare gli identificativi dei pazienti, le quantità dei farmaci o l’indirizzo https://salute.example.net. Questo vincolo importante può abbassare la flessibilità; dunque, il metodo finale deve restare corretto e sicuro.

Una piccola azienda può impiegare una tecnica alternativa per migliorare il supporto ai clienti. Il processo dovrebbe cominciare con un controllo veloce, scegliere soltanto i brani rilevanti e finire con un rapporto corretto. Daniela Orsi ha chiesto di non alterare 12 dati contrattuali o il riferimento https://contratti.example.io/v2.

Il sistema di archivio conserva una grande raccolta di testi storici. I ricercatori vogliono valutare un metodo lineare capace di cambiare espressioni comuni preservando le informazioni fattuali. Sofia Martini ha ricordato che il progetto contiene 63 documenti e non consente di modificare la citazione “Indagine sul fiume, 1984” o https://archivio.example.edu.","Una piattaforma sicura dovrebbe aiutare ogni persona a comprendere il flusso. Il team può selezionare un approccio diverso quando il primo test mostra un quesito; tuttavia, non deve cambiare l’istruzione citata “mantenere il significato originale”. Marco Bianchi attende un risultato ovvio dopo 18 valutazioni e pubblicherà i dettagli su https://example.com/ricerca.

L’ospedale intende costruire un sistema celere per esaminare testi clinici. La dottoressa Maya Chen controllerà 37 cartelle, ma il servizio non deve mai modificare gli identificativi dei pazienti, le quantità dei farmaci o l’indirizzo https://salute.example.net. Questo vincolo rilevante può abbassare la flessibilità; quindi, il metodo finale deve restare accurato e protetto.

Una piccola azienda può impiegare una tecnica alternativa per perfezionare il supporto ai clienti. Il flusso dovrebbe partire con un controllo celere, scegliere soltanto i brani rilevanti e finire con un rapporto accurato. Daniela Orsi ha chiesto di non alterare 12 dati contrattuali o il riferimento https://contratti.example.io/v2.

Il sistema di archivio conserva una sostanziale raccolta di testi storici. I ricercatori vogliono valutare un metodo essenziale capace di cambiare espressioni comuni preservando le informazioni fattuali. Sofia Martini ha ricordato che il progetto contiene 63 documenti e non consente di modificare la citazione “Indagine sul fiume, 1984” o https://archivio.example.edu.",1.0,,,,
it-002+it-003+it-004+it-005,it,unigram,sira,paper_default,"Una piattaforma sicura dovrebbe aiutare ogni cliente a comprendere il processo. Il team può scegliere un metodo alternativo quando il primo test dimostra un problema; tuttavia, non deve cambiare l’istruzione citata “mantenere il significato originale”. Marco Bianchi attende un prodotto ovvio dopo 18 valutazioni e pubblicherà i dettagli su https://example.com/ricerca.

L’ospedale intende creare un sistema veloce per valutare testi clinici. La dottoressa Maya Chen controllerà 37 cartelle, ma il sistema non deve mai modificare gli identificativi dei pazienti, le quantità dei farmaci o l’indirizzo https://salute.example.net. Questo vincolo importante può abbassare la flessibilità; dunque, il metodo finale deve restare corretto e sicuro.

Una piccola azienda può impiegare una tecnica alternativa per migliorare il supporto ai clienti. Il processo dovrebbe cominciare con un controllo veloce, scegliere soltanto i brani rilevanti e finire con un rapporto corretto. Daniela Orsi ha chiesto di non alterare 12 dati contrattuali o il riferimento https://contratti.example.io/v2.

Il sistema di archivio conserva una grande raccolta di testi storici. I ricercatori vogliono valutare un metodo lineare capace di cambiare espressioni comuni preservando le informazioni fattuali. Sofia Martini ha ricordato che il progetto contiene 63 documenti e non consente di modificare la citazione “Indagine sul fiume, 1984” o https://archivio.example.edu.","Una piattaforma sicura dovrebbe aiutare ogni utente a comprendere il processo. Il team può selezionare un metodo diverso quando il primo test mostra un quesito; tuttavia, non deve cambiare l’istruzione citata “mantenere il significato originale”. Marco Bianchi attende un risultato chiaro dopo 18 valutazioni e pubblicherà i dettagli su https://example.com/ricerca.

L’ospedale intende creare un servizio rapido per testare testi clinici. La dottoressa Maya Chen controllerà 37 cartelle, ma il sistema non deve mai modificare gli identificativi dei pazienti, le quantità dei farmaci o l’indirizzo https://salute.example.net. Questo vincolo importante può ridurre la flessibilità; quindi, il approccio finale deve restare accurato e protetto.

Una piccola azienda può usare una tecnica alternativa per migliorare il supporto ai clienti. Il processo dovrebbe iniziare con un controllo rapido, selezionare soltanto i brani rilevanti e terminare con un rapporto accurato. Daniela Orsi ha chiesto di non alterare 12 elementi contrattuali o il riferimento https://contratti.example.io/v2.

Il sistema di archivio conserva una sostanziale raccolta di testi storici. I ricercatori vogliono testare un metodo semplice capace di cambiare espressioni comuni preservando le informazioni fattuali. Sofia Martini ha ricordato che il progetto contiene 63 documenti e non consente di modificare la citazione “Indagine sul fiume, 1984” o https://archivio.example.edu.",1.0,,,,
it-002+it-003+it-004+it-005,it,unigram,bira,paper_proxy,"Una piattaforma sicura dovrebbe aiutare ogni cliente a comprendere il processo. Il team può scegliere un metodo alternativo quando il primo test dimostra un problema; tuttavia, non deve cambiare l’istruzione citata “mantenere il significato originale”. Marco Bianchi attende un prodotto ovvio dopo 18 valutazioni e pubblicherà i dettagli su https://example.com/ricerca.

L’ospedale intende creare un sistema veloce per valutare testi clinici. La dottoressa Maya Chen controllerà 37 cartelle, ma il sistema non deve mai modificare gli identificativi dei pazienti, le quantità dei farmaci o l’indirizzo https://salute.example.net. Questo vincolo importante può abbassare la flessibilità; dunque, il metodo finale deve restare corretto e sicuro.

Una piccola azienda può impiegare una tecnica alternativa per migliorare il supporto ai clienti. Il processo dovrebbe cominciare con un controllo veloce, scegliere soltanto i brani rilevanti e finire con un rapporto corretto. Daniela Orsi ha chiesto di non alterare 12 dati contrattuali o il riferimento https://contratti.example.io/v2.

Il sistema di archivio conserva una grande raccolta di testi storici. I ricercatori vogliono valutare un metodo lineare capace di cambiare espressioni comuni preservando le informazioni fattuali. Sofia Martini ha ricordato che il progetto contiene 63 documenti e non consente di modificare la citazione “Indagine sul fiume, 1984” o https://archivio.example.edu.","Una piattaforma sicura dovrebbe aiutare ogni utente a comprendere il processo. Il team può selezionare un metodo diverso quando il primo test mostra un problema; tuttavia, non deve cambiare l’istruzione citata “mantenere il significato originale”. Marco Bianchi attende un risultato chiaro dopo 18 valutazioni e pubblicherà i dettagli su https://example.com/ricerca.

L’ospedale intende creare un sistema rapido per testare testi clinici. La dottoressa Maya Chen controllerà 37 cartelle, ma il sistema non deve mai modificare gli identificativi dei pazienti, le quantità dei farmaci o l’indirizzo https://salute.example.net. Questo vincolo importante può ridurre la flessibilità; quindi, il metodo finale deve restare accurato e sicuro.

Una piccola azienda può usare una tecnica alternativa per migliorare il supporto ai clienti. Il processo dovrebbe iniziare con un controllo rapido, selezionare soltanto i brani rilevanti e finire con un rapporto accurato. Daniela Orsi ha chiesto di non alterare 12 elementi contrattuali o il riferimento https://contratti.example.io/v2.

Il sistema di archivio conserva una grande raccolta di testi storici. I ricercatori vogliono testare un metodo semplice capace di cambiare espressioni comuni preservando le informazioni fattuali. Sofia Martini ha ricordato che il progetto contiene 63 documenti e non consente di modificare la citazione “Indagine sul fiume, 1984” o https://archivio.example.edu.",1.0,,,,
it-002+it-003+it-004+it-005,it,unigram,bira_position_aware,intermediate,"Una piattaforma sicura dovrebbe aiutare ogni cliente a comprendere il processo. Il team può scegliere un metodo alternativo quando il primo test dimostra un problema; tuttavia, non deve cambiare l’istruzione citata “mantenere il significato originale”. Marco Bianchi attende un prodotto ovvio dopo 18 valutazioni e pubblicherà i dettagli su https://example.com/ricerca.

L’ospedale intende creare un sistema veloce per valutare testi clinici. La dottoressa Maya Chen controllerà 37 cartelle, ma il sistema non deve mai modificare gli identificativi dei pazienti, le quantità dei farmaci o l’indirizzo https://salute.example.net. Questo vincolo importante può abbassare la flessibilità; dunque, il metodo finale deve restare corretto e sicuro.

Una piccola azienda può impiegare una tecnica alternativa per migliorare il supporto ai clienti. Il processo dovrebbe cominciare con un controllo veloce, scegliere soltanto i brani rilevanti e finire con un rapporto corretto. Daniela Orsi ha chiesto di non alterare 12 dati contrattuali o il riferimento https://contratti.example.io/v2.

Il sistema di archivio conserva una grande raccolta di testi storici. I ricercatori vogliono valutare un metodo lineare capace di cambiare espressioni comuni preservando le informazioni fattuali. Sofia Martini ha ricordato che il progetto contiene 63 documenti e non consente di modificare la citazione “Indagine sul fiume, 1984” o https://archivio.example.edu.","Una piattaforma sicura dovrebbe aiutare ogni utente a comprendere il processo. Il team può scegliere un metodo diverso quando il primo test mostra un problema; tuttavia, non deve cambiare l’istruzione citata “mantenere il significato originale”. Marco Bianchi attende un risultato ovvio dopo 18 valutazioni e pubblicherà i dettagli su https://example.com/ricerca.

L’ospedale intende creare un sistema rapido per valutare testi clinici. La dottoressa Maya Chen controllerà 37 cartelle, ma il sistema non deve mai modificare gli identificativi dei pazienti, le quantità dei farmaci o l’indirizzo https://salute.example.net. Questo vincolo importante può ridurre la flessibilità; quindi, il metodo finale deve restare accurato e sicuro.

Una piccola azienda può usare una tecnica alternativa per migliorare il supporto ai clienti. Il processo dovrebbe iniziare con un controllo rapido, scegliere soltanto i brani rilevanti e finire con un rapporto accurato. Daniela Orsi ha chiesto di non alterare 12 dati contrattuali o il riferimento https://contratti.example.io/v2.

Il sistema di archivio conserva una grande raccolta di testi storici. I ricercatori vogliono valutare un metodo semplice capace di cambiare espressioni comuni preservando le informazioni fattuali. Sofia Martini ha ricordato che il progetto contiene 63 documenti e non consente di modificare la citazione “Indagine sul fiume, 1984” o https://archivio.example.edu.",1.0,,,,
it-002+it-003+it-004+it-005,it,synthid_tournament,simple_paraphrase,fixed,"Una piattaforma sicura dovrebbe aiutare ogni utente a comprendere il percorso. Il team può preferire un approccio alternativo quando il primo test mostra un problema; comunque, non deve cambiare l’istruzione citata “mantenere il significato originale”. Marco Bianchi attende un esito evidente dopo 18 valutazioni e pubblicherà i dettagli su https://example.com/ricerca.

L’ospedale intende costruire un meccanismo rapido per valutare testi clinici. La dottoressa Maya Chen controllerà 37 cartelle, ma il servizio non deve mai modificare gli identificativi dei pazienti, le quantità dei farmaci o l’indirizzo https://salute.example.net. Questo vincolo rilevante può diminuire la flessibilità; quindi, il approccio finale deve restare preciso e protetto.

Una piccola azienda può impiegare una tecnica alternativa per perfezionare il supporto ai clienti. Il processo dovrebbe partire con un controllo rapido, scegliere soltanto i brani rilevanti e finire con un rapporto accurato. Daniela Orsi ha chiesto di non alterare 12 elementi contrattuali o il riferimento https://contratti.example.io/v2.

Il meccanismo di archivio conserva una sostanziale raccolta di testi storici. I ricercatori vogliono valutare un metodo lineare capace di cambiare espressioni comuni preservando le informazioni fattuali. Sofia Martini ha ricordato che il progetto contiene 63 documenti e non consente di modificare la citazione “Indagine sul fiume, 1984” o https://archivio.example.edu.","Una piattaforma sicura dovrebbe aiutare ogni utente a comprendere il processo. Il team può scegliere un criterio diverso quando il primo test indica un quesito; comunque, non deve cambiare l’istruzione citata “mantenere il significato originale”. Marco Bianchi attende un esito evidente dopo 18 valutazioni e pubblicherà i dettagli su https://example.com/ricerca.

L’ospedale intende produrre un sistema veloce per esaminare testi clinici. La dottoressa Maya Chen controllerà 37 cartelle, ma il meccanismo non deve mai modificare gli identificativi dei pazienti, le quantità dei farmaci o l’indirizzo https://salute.example.net. Questo vincolo rilevante può abbassare la flessibilità; pertanto, il criterio finale deve restare corretto e affidabile.

Una piccola azienda può impiegare una tecnica alternativa per raffinare il supporto ai clienti. Il flusso dovrebbe iniziare con un controllo veloce, scegliere soltanto i brani rilevanti e finire con un rapporto accurato. Daniela Orsi ha chiesto di non alterare 12 valori contrattuali o il riferimento https://contratti.example.io/v2.

Il sistema di archivio conserva una considerevole raccolta di testi storici. I ricercatori vogliono valutare un metodo lineare capace di cambiare espressioni comuni preservando le informazioni fattuali. Sofia Martini ha ricordato che il progetto contiene 63 documenti e non consente di modificare la citazione “Indagine sul fiume, 1984” o https://archivio.example.edu.",1.0,,,,
it-002+it-003+it-004+it-005,it,synthid_tournament,sira,paper_default,"Una piattaforma sicura dovrebbe aiutare ogni utente a comprendere il percorso. Il team può preferire un approccio alternativo quando il primo test mostra un problema; comunque, non deve cambiare l’istruzione citata “mantenere il significato originale”. Marco Bianchi attende un esito evidente dopo 18 valutazioni e pubblicherà i dettagli su https://example.com/ricerca.

L’ospedale intende costruire un meccanismo rapido per valutare testi clinici. La dottoressa Maya Chen controllerà 37 cartelle, ma il servizio non deve mai modificare gli identificativi dei pazienti, le quantità dei farmaci o l’indirizzo https://salute.example.net. Questo vincolo rilevante può diminuire la flessibilità; quindi, il approccio finale deve restare preciso e protetto.

Una piccola azienda può impiegare una tecnica alternativa per perfezionare il supporto ai clienti. Il processo dovrebbe partire con un controllo rapido, scegliere soltanto i brani rilevanti e finire con un rapporto accurato. Daniela Orsi ha chiesto di non alterare 12 elementi contrattuali o il riferimento https://contratti.example.io/v2.

Il meccanismo di archivio conserva una sostanziale raccolta di testi storici. I ricercatori vogliono valutare un metodo lineare capace di cambiare espressioni comuni preservando le informazioni fattuali. Sofia Martini ha ricordato che il progetto contiene 63 documenti e non consente di modificare la citazione “Indagine sul fiume, 1984” o https://archivio.example.edu.","Una piattaforma sicura dovrebbe aiutare ogni utente a comprendere il processo. Il team può scegliere un metodo diverso quando il primo test mostra un problema; tuttavia, non deve cambiare l’istruzione citata “mantenere il significato originale”. Marco Bianchi attende un risultato chiaro dopo 18 valutazioni e pubblicherà i dettagli su https://example.com/ricerca.

L’ospedale intende creare un sistema rapido per testare testi clinici. La dottoressa Maya Chen controllerà 37 cartelle, ma il sistema non deve mai modificare gli identificativi dei pazienti, le quantità dei farmaci o l’indirizzo https://salute.example.net. Questo vincolo importante può ridurre la flessibilità; quindi, il metodo finale deve restare accurato e sicuro.

Una piccola azienda può usare una tecnica alternativa per migliorare il supporto ai clienti. Il processo dovrebbe iniziare con un controllo rapido, selezionare soltanto i brani rilevanti e finire con un rapporto accurato. Daniela Orsi ha chiesto di non alterare 12 dati contrattuali o il riferimento https://contratti.example.io/v2.

Il sistema di archivio conserva una grande raccolta di testi storici. I ricercatori vogliono testare un metodo semplice capace di cambiare espressioni comuni preservando le informazioni fattuali. Sofia Martini ha ricordato che il progetto contiene 63 documenti e non consente di modificare la citazione “Indagine sul fiume, 1984” o https://archivio.example.edu.",1.0,,,,
it-002+it-003+it-004+it-005,it,synthid_tournament,bira,paper_proxy,"Una piattaforma sicura dovrebbe aiutare ogni utente a comprendere il percorso. Il team può preferire un approccio alternativo quando il primo test mostra un problema; comunque, non deve cambiare l’istruzione citata “mantenere il significato originale”. Marco Bianchi attende un esito evidente dopo 18 valutazioni e pubblicherà i dettagli su https://example.com/ricerca.

L’ospedale intende costruire un meccanismo rapido per valutare testi clinici. La dottoressa Maya Chen controllerà 37 cartelle, ma il servizio non deve mai modificare gli identificativi dei pazienti, le quantità dei farmaci o l’indirizzo https://salute.example.net. Questo vincolo rilevante può diminuire la flessibilità; quindi, il approccio finale deve restare preciso e protetto.

Una piccola azienda può impiegare una tecnica alternativa per perfezionare il supporto ai clienti. Il processo dovrebbe partire con un controllo rapido, scegliere soltanto i brani rilevanti e finire con un rapporto accurato. Daniela Orsi ha chiesto di non alterare 12 elementi contrattuali o il riferimento https://contratti.example.io/v2.

Il meccanismo di archivio conserva una sostanziale raccolta di testi storici. I ricercatori vogliono valutare un metodo lineare capace di cambiare espressioni comuni preservando le informazioni fattuali. Sofia Martini ha ricordato che il progetto contiene 63 documenti e non consente di modificare la citazione “Indagine sul fiume, 1984” o https://archivio.example.edu.","Una piattaforma sicura dovrebbe aiutare ogni utente a comprendere il processo. Il team può scegliere un metodo diverso quando il primo test mostra un problema; tuttavia, non deve cambiare l’istruzione citata “mantenere il significato originale”. Marco Bianchi attende un risultato chiaro dopo 18 valutazioni e pubblicherà i dettagli su https://example.com/ricerca.

L’ospedale intende creare un sistema rapido per testare testi clinici. La dottoressa Maya Chen controllerà 37 cartelle, ma il sistema non deve mai modificare gli identificativi dei pazienti, le quantità dei farmaci o l’indirizzo https://salute.example.net. Questo vincolo importante può ridurre la flessibilità; quindi, il metodo finale deve restare accurato e sicuro.

Una piccola azienda può usare una tecnica alternativa per migliorare il supporto ai clienti. Il processo dovrebbe iniziare con un controllo rapido, scegliere soltanto i brani rilevanti e finire con un rapporto accurato. Daniela Orsi ha chiesto di non alterare 12 dati contrattuali o il riferimento https://contratti.example.io/v2.

Il sistema di archivio conserva una grande raccolta di testi storici. I ricercatori vogliono testare un metodo semplice capace di cambiare espressioni comuni preservando le informazioni fattuali. Sofia Martini ha ricordato che il progetto contiene 63 documenti e non consente di modificare la citazione “Indagine sul fiume, 1984” o https://archivio.example.edu.",1.0,,,,
it-002+it-003+it-004+it-005,it,synthid_tournament,bira_position_aware,intermediate,"Una piattaforma sicura dovrebbe aiutare ogni utente a comprendere il percorso. Il team può preferire un approccio alternativo quando il primo test mostra un problema; comunque, non deve cambiare l’istruzione citata “mantenere il significato originale”. Marco Bianchi attende un esito evidente dopo 18 valutazioni e pubblicherà i dettagli su https://example.com/ricerca.

L’ospedale intende costruire un meccanismo rapido per valutare testi clinici. La dottoressa Maya Chen controllerà 37 cartelle, ma il servizio non deve mai modificare gli identificativi dei pazienti, le quantità dei farmaci o l’indirizzo https://salute.example.net. Questo vincolo rilevante può diminuire la flessibilità; quindi, il approccio finale deve restare preciso e protetto.

Una piccola azienda può impiegare una tecnica alternativa per perfezionare il supporto ai clienti. Il processo dovrebbe partire con un controllo rapido, scegliere soltanto i brani rilevanti e finire con un rapporto accurato. Daniela Orsi ha chiesto di non alterare 12 elementi contrattuali o il riferimento https://contratti.example.io/v2.

Il meccanismo di archivio conserva una sostanziale raccolta di testi storici. I ricercatori vogliono valutare un metodo lineare capace di cambiare espressioni comuni preservando le informazioni fattuali. Sofia Martini ha ricordato che il progetto contiene 63 documenti e non consente di modificare la citazione “Indagine sul fiume, 1984” o https://archivio.example.edu.","Una piattaforma sicura dovrebbe aiutare ogni utente a comprendere il processo. Il team può scegliere un approccio alternativo quando il primo test mostra un problema; comunque, non deve cambiare l’istruzione citata “mantenere il significato originale”. Marco Bianchi attende un esito chiaro dopo 18 valutazioni e pubblicherà i dettagli su https://example.com/ricerca.

L’ospedale intende costruire un sistema rapido per valutare testi clinici. La dottoressa Maya Chen controllerà 37 cartelle, ma il servizio non deve mai modificare gli identificativi dei pazienti, le quantità dei farmaci o l’indirizzo https://salute.example.net. Questo vincolo rilevante può ridurre la flessibilità; quindi, il approccio finale deve restare preciso e sicuro.

Una piccola azienda può usare una tecnica alternativa per migliorare il supporto ai clienti. Il processo dovrebbe iniziare con un controllo rapido, scegliere soltanto i brani rilevanti e finire con un rapporto accurato. Daniela Orsi ha chiesto di non alterare 12 dati contrattuali o il riferimento https://contratti.example.io/v2.

Il sistema di archivio conserva una grande raccolta di testi storici. I ricercatori vogliono valutare un metodo semplice capace di cambiare espressioni comuni preservando le informazioni fattuali. Sofia Martini ha ricordato che il progetto contiene 63 documenti e non consente di modificare la citazione “Indagine sul fiume, 1984” o https://archivio.example.edu.",1.0,,,,
it-003+it-004+it-005+it-006,it,kgw,simple_paraphrase,fixed,"L’ospedale intende produrre un servizio veloce per valutare testi clinici. La dottoressa Maya Chen controllerà 37 cartelle, ma il meccanismo non deve mai modificare gli identificativi dei pazienti, le quantità dei farmaci o l’indirizzo https://salute.example.net. Questo vincolo significativo può abbassare la flessibilità; pertanto, il approccio finale deve restare preciso e sicuro.

Una piccola azienda può usare una tecnica alternativa per raffinare il supporto ai clienti. Il processo dovrebbe iniziare con un controllo rapido, scegliere soltanto i brani rilevanti e concludere con un rapporto preciso. Daniela Orsi ha chiesto di non alterare 12 dati contrattuali o il riferimento https://contratti.example.io/v2.

Il meccanismo di archivio conserva una considerevole raccolta di testi storici. I ricercatori vogliono valutare un criterio essenziale capace di cambiare espressioni comuni preservando le informazioni fattuali. Sofia Martini ha ricordato che il progetto contiene 63 documenti e non consente di modificare la citazione “Indagine sul fiume, 1984” o https://archivio.example.edu.

Un vantaggio significativo del nuovo sistema è la capacità di ridurre il lavoro manuale. Il processo può aiutare l’analista, indicare contenuti insoliti e produrre un risultato chiaro. Tuttavia, Priya Neri ha detto che lo strumento non deve sostituire 9 termini legali, nomi personali o collegamenti come https://legge.example.org/policy.","L’ospedale intende creare un servizio celere per esaminare testi clinici. La dottoressa Maya Chen controllerà 37 cartelle, ma il sistema non deve mai modificare gli identificativi dei pazienti, le quantità dei farmaci o l’indirizzo https://salute.example.net. Questo vincolo significativo può abbassare la flessibilità; dunque, il approccio finale deve restare corretto e protetto.

Una piccola azienda può utilizzare una tecnica alternativa per raffinare il supporto ai clienti. Il processo dovrebbe iniziare con un controllo veloce, scegliere soltanto i brani rilevanti e concludere con un rapporto preciso. Daniela Orsi ha chiesto di non alterare 12 elementi contrattuali o il riferimento https://contratti.example.io/v2.

Il sistema di archivio conserva una grande raccolta di testi storici. I ricercatori vogliono valutare un metodo semplice capace di cambiare espressioni comuni preservando le informazioni fattuali. Sofia Martini ha ricordato che il progetto contiene 63 documenti e non consente di modificare la citazione “Indagine sul fiume, 1984” o https://archivio.example.edu.

Un valore importante del nuovo servizio è la capacità di diminuire il lavoro manuale. Il flusso può aiutare l’analista, indicare contenuti insoliti e creare un esito evidente. Comunque, Priya Neri ha detto che lo strumento non deve sostituire 9 termini legali, nomi personali o collegamenti come https://legge.example.org/policy.",1.0,,,,
it-003+it-004+it-005+it-006,it,kgw,sira,paper_default,"L’ospedale intende produrre un servizio veloce per valutare testi clinici. La dottoressa Maya Chen controllerà 37 cartelle, ma il meccanismo non deve mai modificare gli identificativi dei pazienti, le quantità dei farmaci o l’indirizzo https://salute.example.net. Questo vincolo significativo può abbassare la flessibilità; pertanto, il approccio finale deve restare preciso e sicuro.

Una piccola azienda può usare una tecnica alternativa per raffinare il supporto ai clienti. Il processo dovrebbe iniziare con un controllo rapido, scegliere soltanto i brani rilevanti e concludere con un rapporto preciso. Daniela Orsi ha chiesto di non alterare 12 dati contrattuali o il riferimento https://contratti.example.io/v2.

Il meccanismo di archivio conserva una considerevole raccolta di testi storici. I ricercatori vogliono valutare un criterio essenziale capace di cambiare espressioni comuni preservando le informazioni fattuali. Sofia Martini ha ricordato che il progetto contiene 63 documenti e non consente di modificare la citazione “Indagine sul fiume, 1984” o https://archivio.example.edu.

Un vantaggio significativo del nuovo sistema è la capacità di ridurre il lavoro manuale. Il processo può aiutare l’analista, indicare contenuti insoliti e produrre un risultato chiaro. Tuttavia, Priya Neri ha detto che lo strumento non deve sostituire 9 termini legali, nomi personali o collegamenti come https://legge.example.org/policy.","L’ospedale intende creare un sistema rapido per testare testi clinici. La dottoressa Maya Chen controllerà 37 cartelle, ma il sistema non deve mai modificare gli identificativi dei pazienti, le quantità dei farmaci o l’indirizzo https://salute.example.net. Questo vincolo importante può ridurre la flessibilità; quindi, il metodo finale deve restare accurato e sicuro.

Una piccola azienda può usare una tecnica alternativa per migliorare il supporto ai clienti. Il processo dovrebbe iniziare con un controllo rapido, selezionare soltanto i brani rilevanti e finire con un rapporto accurato. Daniela Orsi ha chiesto di non alterare 12 elementi contrattuali o il riferimento https://contratti.example.io/v2.

Il sistema di archivio conserva una grande raccolta di testi storici. I ricercatori vogliono testare un metodo semplice capace di cambiare espressioni comuni preservando le informazioni fattuali. Sofia Martini ha ricordato che il progetto contiene 63 documenti e non consente di modificare la citazione “Indagine sul fiume, 1984” o https://archivio.example.edu.

Un valore importante del nuovo sistema è la capacità di ridurre il lavoro manuale. Il processo può aiutare l’analista, indicare contenuti insoliti e creare un risultato chiaro. Comunque, Priya Neri ha detto che lo strumento non deve sostituire 9 termini legali, nomi personali o collegamenti come https://legge.example.org/policy.",1.0,,,,
it-003+it-004+it-005+it-006,it,kgw,bira,paper_proxy,"L’ospedale intende produrre un servizio veloce per valutare testi clinici. La dottoressa Maya Chen controllerà 37 cartelle, ma il meccanismo non deve mai modificare gli identificativi dei pazienti, le quantità dei farmaci o l’indirizzo https://salute.example.net. Questo vincolo significativo può abbassare la flessibilità; pertanto, il approccio finale deve restare preciso e sicuro.

Una piccola azienda può usare una tecnica alternativa per raffinare il supporto ai clienti. Il processo dovrebbe iniziare con un controllo rapido, scegliere soltanto i brani rilevanti e concludere con un rapporto preciso. Daniela Orsi ha chiesto di non alterare 12 dati contrattuali o il riferimento https://contratti.example.io/v2.

Il meccanismo di archivio conserva una considerevole raccolta di testi storici. I ricercatori vogliono valutare un criterio essenziale capace di cambiare espressioni comuni preservando le informazioni fattuali. Sofia Martini ha ricordato che il progetto contiene 63 documenti e non consente di modificare la citazione “Indagine sul fiume, 1984” o https://archivio.example.edu.

Un vantaggio significativo del nuovo sistema è la capacità di ridurre il lavoro manuale. Il processo può aiutare l’analista, indicare contenuti insoliti e produrre un risultato chiaro. Tuttavia, Priya Neri ha detto che lo strumento non deve sostituire 9 termini legali, nomi personali o collegamenti come https://legge.example.org/policy.","L’ospedale intende creare un sistema rapido per testare testi clinici. La dottoressa Maya Chen controllerà 37 cartelle, ma il sistema non deve mai modificare gli identificativi dei pazienti, le quantità dei farmaci o l’indirizzo https://salute.example.net. Questo vincolo importante può ridurre la flessibilità; quindi, il metodo finale deve restare accurato e sicuro.

Una piccola azienda può usare una tecnica alternativa per migliorare il supporto ai clienti. Il processo dovrebbe iniziare con un controllo rapido, scegliere soltanto i brani rilevanti e finire con un rapporto accurato. Daniela Orsi ha chiesto di non alterare 12 dati contrattuali o il riferimento https://contratti.example.io/v2.

Il sistema di archivio conserva una grande raccolta di testi storici. I ricercatori vogliono testare un metodo semplice capace di cambiare espressioni comuni preservando le informazioni fattuali. Sofia Martini ha ricordato che il progetto contiene 63 documenti e non consente di modificare la citazione “Indagine sul fiume, 1984” o https://archivio.example.edu.

Un valore importante del nuovo sistema è la capacità di ridurre il lavoro manuale. Il processo può aiutare l’analista, indicare contenuti insoliti e creare un risultato chiaro. Tuttavia, Priya Neri ha detto che lo strumento non deve sostituire 9 termini legali, nomi personali o collegamenti come https://legge.example.org/policy.",1.0,,,,
it-003+it-004+it-005+it-006,it,kgw,bira_position_aware,intermediate,"L’ospedale intende produrre un servizio veloce per valutare testi clinici. La dottoressa Maya Chen controllerà 37 cartelle, ma il meccanismo non deve mai modificare gli identificativi dei pazienti, le quantità dei farmaci o l’indirizzo https://salute.example.net. Questo vincolo significativo può abbassare la flessibilità; pertanto, il approccio finale deve restare preciso e sicuro.

Una piccola azienda può usare una tecnica alternativa per raffinare il supporto ai clienti. Il processo dovrebbe iniziare con un controllo rapido, scegliere soltanto i brani rilevanti e concludere con un rapporto preciso. Daniela Orsi ha chiesto di non alterare 12 dati contrattuali o il riferimento https://contratti.example.io/v2.

Il meccanismo di archivio conserva una considerevole raccolta di testi storici. I ricercatori vogliono valutare un criterio essenziale capace di cambiare espressioni comuni preservando le informazioni fattuali. Sofia Martini ha ricordato che il progetto contiene 63 documenti e non consente di modificare la citazione “Indagine sul fiume, 1984” o https://archivio.example.edu.

Un vantaggio significativo del nuovo sistema è la capacità di ridurre il lavoro manuale. Il processo può aiutare l’analista, indicare contenuti insoliti e produrre un risultato chiaro. Tuttavia, Priya Neri ha detto che lo strumento non deve sostituire 9 termini legali, nomi personali o collegamenti come https://legge.example.org/policy.","L’ospedale intende creare un servizio veloce per valutare testi clinici. La dottoressa Maya Chen controllerà 37 cartelle, ma il sistema non deve mai modificare gli identificativi dei pazienti, le quantità dei farmaci o l’indirizzo https://salute.example.net. Questo vincolo significativo può ridurre la flessibilità; quindi, il approccio finale deve restare accurato e sicuro.

Una piccola azienda può usare una tecnica alternativa per migliorare il supporto ai clienti. Il processo dovrebbe iniziare con un controllo rapido, scegliere soltanto i brani rilevanti e finire con un rapporto preciso. Daniela Orsi ha chiesto di non alterare 12 dati contrattuali o il riferimento https://contratti.example.io/v2.

Il sistema di archivio conserva una grande raccolta di testi storici. I ricercatori vogliono valutare un metodo essenziale capace di cambiare espressioni comuni preservando le informazioni fattuali. Sofia Martini ha ricordato che il progetto contiene 63 documenti e non consente di modificare la citazione “Indagine sul fiume, 1984” o https://archivio.example.edu.

Un valore significativo del nuovo sistema è la capacità di ridurre il lavoro manuale. Il processo può aiutare l’analista, indicare contenuti insoliti e creare un risultato chiaro. Tuttavia, Priya Neri ha detto che lo strumento non deve sostituire 9 termini legali, nomi personali o collegamenti come https://legge.example.org/policy.",1.0,,,,
it-003+it-004+it-005+it-006,it,unigram,simple_paraphrase,fixed,"L’ospedale intende creare un sistema veloce per valutare testi clinici. La dottoressa Maya Chen controllerà 37 cartelle, ma il sistema non deve mai modificare gli identificativi dei pazienti, le quantità dei farmaci o l’indirizzo https://salute.example.net. Questo vincolo importante può abbassare la flessibilità; dunque, il metodo finale deve restare corretto e sicuro.

Una piccola azienda può impiegare una tecnica alternativa per migliorare il supporto ai clienti. Il processo dovrebbe cominciare con un controllo veloce, scegliere soltanto i brani rilevanti e finire con un rapporto corretto. Daniela Orsi ha chiesto di non alterare 12 dati contrattuali o il riferimento https://contratti.example.io/v2.

Il sistema di archivio conserva una grande raccolta di testi storici. I ricercatori vogliono valutare un metodo lineare capace di cambiare espressioni comuni preservando le informazioni fattuali. Sofia Martini ha ricordato che il progetto contiene 63 documenti e non consente di modificare la citazione “Indagine sul fiume, 1984” o https://archivio.example.edu.

Un vantaggio importante del nuovo sistema è la capacità di abbassare il lavoro manuale. Il processo può aiutare l’analista, indicare contenuti insoliti e creare un prodotto ovvio. Tuttavia, Priya Neri ha detto che lo strumento non deve sostituire 9 termini legali, nomi personali o collegamenti come https://legge.example.org/policy.","L’ospedale intende costruire un servizio celere per esaminare testi clinici. La dottoressa Maya Chen controllerà 37 cartelle, ma il sistema non deve mai modificare gli identificativi dei pazienti, le quantità dei farmaci o l’indirizzo https://salute.example.net. Questo vincolo rilevante può abbassare la flessibilità; dunque, il approccio finale deve restare accurato e protetto.

Una piccola azienda può impiegare una tecnica alternativa per perfezionare il supporto ai clienti. Il processo dovrebbe partire con un controllo celere, scegliere soltanto i brani rilevanti e terminare con un rapporto corretto. Daniela Orsi ha chiesto di non alterare 12 elementi contrattuali o il riferimento https://contratti.example.io/v2.

Il servizio di archivio conserva una grande raccolta di testi storici. I ricercatori vogliono valutare un approccio essenziale capace di cambiare espressioni comuni preservando le informazioni fattuali. Sofia Martini ha ricordato che il progetto contiene 63 documenti e non consente di modificare la citazione “Indagine sul fiume, 1984” o https://archivio.example.edu.

Un valore rilevante del nuovo servizio è la capacità di abbassare il lavoro manuale. Il flusso può aiutare l’analista, indicare contenuti insoliti e creare un risultato chiaro. Comunque, Priya Neri ha detto che lo strumento non deve sostituire 9 termini legali, nomi personali o collegamenti come https://legge.example.org/policy.",1.0,,,,
it-003+it-004+it-005+it-006,it,unigram,sira,paper_default,"L’ospedale intende creare un sistema veloce per valutare testi clinici. La dottoressa Maya Chen controllerà 37 cartelle, ma il sistema non deve mai modificare gli identificativi dei pazienti, le quantità dei farmaci o l’indirizzo https://salute.example.net. Questo vincolo importante può abbassare la flessibilità; dunque, il metodo finale deve restare corretto e sicuro.

Una piccola azienda può impiegare una tecnica alternativa per migliorare il supporto ai clienti. Il processo dovrebbe cominciare con un controllo veloce, scegliere soltanto i brani rilevanti e finire con un rapporto corretto. Daniela Orsi ha chiesto di non alterare 12 dati contrattuali o il riferimento https://contratti.example.io/v2.

Il sistema di archivio conserva una grande raccolta di testi storici. I ricercatori vogliono valutare un metodo lineare capace di cambiare espressioni comuni preservando le informazioni fattuali. Sofia Martini ha ricordato che il progetto contiene 63 documenti e non consente di modificare la citazione “Indagine sul fiume, 1984” o https://archivio.example.edu.

Un vantaggio importante del nuovo sistema è la capacità di abbassare il lavoro manuale. Il processo può aiutare l’analista, indicare contenuti insoliti e creare un prodotto ovvio. Tuttavia, Priya Neri ha detto che lo strumento non deve sostituire 9 termini legali, nomi personali o collegamenti come https://legge.example.org/policy.","L’ospedale intende creare un servizio rapido per testare testi clinici. La dottoressa Maya Chen controllerà 37 cartelle, ma il sistema non deve mai modificare gli identificativi dei pazienti, le quantità dei farmaci o l’indirizzo https://salute.example.net. Questo vincolo importante può ridurre la flessibilità; quindi, il approccio finale deve restare accurato e protetto.

Una piccola azienda può usare una tecnica alternativa per migliorare il supporto ai clienti. Il processo dovrebbe iniziare con un controllo rapido, selezionare soltanto i brani rilevanti e terminare con un rapporto accurato. Daniela Orsi ha chiesto di non alterare 12 elementi contrattuali o il riferimento https://contratti.example.io/v2.

Il sistema di archivio conserva una grande raccolta di testi storici. I ricercatori vogliono testare un metodo semplice capace di cambiare espressioni comuni preservando le informazioni fattuali. Sofia Martini ha ricordato che il progetto contiene 63 documenti e non consente di modificare la citazione “Indagine sul fiume, 1984” o https://archivio.example.edu.

Un valore rilevante del nuovo sistema è la capacità di ridurre il lavoro manuale. Il processo può aiutare l’analista, indicare contenuti insoliti e costruire un risultato chiaro. Comunque, Priya Neri ha detto che lo strumento non deve sostituire 9 termini legali, nomi personali o collegamenti come https://legge.example.org/policy.",1.0,,,,
it-003+it-004+it-005+it-006,it,unigram,bira,paper_proxy,"L’ospedale intende creare un sistema veloce per valutare testi clinici. La dottoressa Maya Chen controllerà 37 cartelle, ma il sistema non deve mai modificare gli identificativi dei pazienti, le quantità dei farmaci o l’indirizzo https://salute.example.net. Questo vincolo importante può abbassare la flessibilità; dunque, il metodo finale deve restare corretto e sicuro.

Una piccola azienda può impiegare una tecnica alternativa per migliorare il supporto ai clienti. Il processo dovrebbe cominciare con un controllo veloce, scegliere soltanto i brani rilevanti e finire con un rapporto corretto. Daniela Orsi ha chiesto di non alterare 12 dati contrattuali o il riferimento https://contratti.example.io/v2.

Il sistema di archivio conserva una grande raccolta di testi storici. I ricercatori vogliono valutare un metodo lineare capace di cambiare espressioni comuni preservando le informazioni fattuali. Sofia Martini ha ricordato che il progetto contiene 63 documenti e non consente di modificare la citazione “Indagine sul fiume, 1984” o https://archivio.example.edu.

Un vantaggio importante del nuovo sistema è la capacità di abbassare il lavoro manuale. Il processo può aiutare l’analista, indicare contenuti insoliti e creare un prodotto ovvio. Tuttavia, Priya Neri ha detto che lo strumento non deve sostituire 9 termini legali, nomi personali o collegamenti come https://legge.example.org/policy.","L’ospedale intende costruire un sistema rapido per testare testi clinici. La dottoressa Maya Chen controllerà 37 cartelle, ma il sistema non deve mai modificare gli identificativi dei pazienti, le quantità dei farmaci o l’indirizzo https://salute.example.net. Questo vincolo importante può ridurre la flessibilità; quindi, il metodo finale deve restare accurato e sicuro.

Una piccola azienda può usare una tecnica alternativa per migliorare il supporto ai clienti. Il processo dovrebbe iniziare con un controllo rapido, scegliere soltanto i brani rilevanti e finire con un rapporto accurato. Daniela Orsi ha chiesto di non alterare 12 elementi contrattuali o il riferimento https://contratti.example.io/v2.

Il sistema di archivio conserva una grande raccolta di testi storici. I ricercatori vogliono testare un metodo semplice capace di cambiare espressioni comuni preservando le informazioni fattuali. Sofia Martini ha ricordato che il progetto contiene 63 documenti e non consente di modificare la citazione “Indagine sul fiume, 1984” o https://archivio.example.edu.

Un valore importante del nuovo sistema è la capacità di ridurre il lavoro manuale. Il processo può aiutare l’analista, indicare contenuti insoliti e costruire un risultato chiaro. Tuttavia, Priya Neri ha detto che lo strumento non deve sostituire 9 termini legali, nomi personali o collegamenti come https://legge.example.org/policy.",1.0,,,,
it-003+it-004+it-005+it-006,it,unigram,bira_position_aware,intermediate,"L’ospedale intende creare un sistema veloce per valutare testi clinici. La dottoressa Maya Chen controllerà 37 cartelle, ma il sistema non deve mai modificare gli identificativi dei pazienti, le quantità dei farmaci o l’indirizzo https://salute.example.net. Questo vincolo importante può abbassare la flessibilità; dunque, il metodo finale deve restare corretto e sicuro.

Una piccola azienda può impiegare una tecnica alternativa per migliorare il supporto ai clienti. Il processo dovrebbe cominciare con un controllo veloce, scegliere soltanto i brani rilevanti e finire con un rapporto corretto. Daniela Orsi ha chiesto di non alterare 12 dati contrattuali o il riferimento https://contratti.example.io/v2.

Il sistema di archivio conserva una grande raccolta di testi storici. I ricercatori vogliono valutare un metodo lineare capace di cambiare espressioni comuni preservando le informazioni fattuali. Sofia Martini ha ricordato che il progetto contiene 63 documenti e non consente di modificare la citazione “Indagine sul fiume, 1984” o https://archivio.example.edu.

Un vantaggio importante del nuovo sistema è la capacità di abbassare il lavoro manuale. Il processo può aiutare l’analista, indicare contenuti insoliti e creare un prodotto ovvio. Tuttavia, Priya Neri ha detto che lo strumento non deve sostituire 9 termini legali, nomi personali o collegamenti come https://legge.example.org/policy.","L’ospedale intende creare un sistema rapido per valutare testi clinici. La dottoressa Maya Chen controllerà 37 cartelle, ma il sistema non deve mai modificare gli identificativi dei pazienti, le quantità dei farmaci o l’indirizzo https://salute.example.net. Questo vincolo importante può ridurre la flessibilità; quindi, il metodo finale deve restare accurato e sicuro.

Una piccola azienda può usare una tecnica alternativa per migliorare il supporto ai clienti. Il processo dovrebbe iniziare con un controllo rapido, scegliere soltanto i brani rilevanti e finire con un rapporto accurato. Daniela Orsi ha chiesto di non alterare 12 dati contrattuali o il riferimento https://contratti.example.io/v2.

Il sistema di archivio conserva una grande raccolta di testi storici. I ricercatori vogliono valutare un metodo semplice capace di cambiare espressioni comuni preservando le informazioni fattuali. Sofia Martini ha ricordato che il progetto contiene 63 documenti e non consente di modificare la citazione “Indagine sul fiume, 1984” o https://archivio.example.edu.

Un valore importante del nuovo sistema è la capacità di ridurre il lavoro manuale. Il processo può aiutare l’analista, indicare contenuti insoliti e creare un risultato ovvio. Tuttavia, Priya Neri ha detto che lo strumento non deve sostituire 9 termini legali, nomi personali o collegamenti come https://legge.example.org/policy.",1.0,,,,
it-003+it-004+it-005+it-006,it,synthid_tournament,simple_paraphrase,fixed,"L’ospedale intende creare un meccanismo rapido per valutare testi clinici. La dottoressa Maya Chen controllerà 37 cartelle, ma il servizio non deve mai modificare gli identificativi dei pazienti, le quantità dei farmaci o l’indirizzo https://salute.example.net. Questo vincolo rilevante può diminuire la flessibilità; quindi, il approccio finale deve restare preciso e protetto.

Una piccola azienda può impiegare una tecnica alternativa per perfezionare il supporto ai clienti. Il processo dovrebbe partire con un controllo rapido, scegliere soltanto i brani rilevanti e finire con un rapporto accurato. Daniela Orsi ha chiesto di non alterare 12 elementi contrattuali o il riferimento https://contratti.example.io/v2.

Il meccanismo di archivio conserva una sostanziale raccolta di testi storici. I ricercatori vogliono valutare un metodo lineare capace di cambiare espressioni comuni preservando le informazioni fattuali. Sofia Martini ha ricordato che il progetto contiene 63 documenti e non consente di modificare la citazione “Indagine sul fiume, 1984” o https://archivio.example.edu.

Un vantaggio significativo del nuovo meccanismo è la capacità di abbassare il lavoro manuale. Il flusso può aiutare l’analista, indicare contenuti insoliti e produrre un risultato evidente. Eppure, Priya Neri ha detto che lo strumento non deve sostituire 9 termini legali, nomi personali o collegamenti come https://legge.example.org/policy.","L’ospedale intende costruire un meccanismo rapido per esaminare testi clinici. La dottoressa Maya Chen controllerà 37 cartelle, ma il servizio non deve mai modificare gli identificativi dei pazienti, le quantità dei farmaci o l’indirizzo https://salute.example.net. Questo vincolo significativo può abbassare la flessibilità; pertanto, il approccio finale deve restare corretto e affidabile.

Una piccola azienda può impiegare una tecnica alternativa per raffinare il supporto ai clienti. Il processo dovrebbe partire con un controllo veloce, selezionare soltanto i brani rilevanti e terminare con un rapporto accurato. Daniela Orsi ha chiesto di non alterare 12 valori contrattuali o il riferimento https://contratti.example.io/v2.

Il sistema di archivio conserva una sostanziale raccolta di testi storici. I ricercatori vogliono valutare un approccio essenziale capace di cambiare espressioni comuni preservando le informazioni fattuali. Sofia Martini ha ricordato che il progetto contiene 63 documenti e non consente di modificare la citazione “Indagine sul fiume, 1984” o https://archivio.example.edu.

Un valore importante del nuovo sistema è la capacità di abbassare il lavoro manuale. Il percorso può aiutare l’analista, indicare contenuti insoliti e creare un esito ovvio. Tuttavia, Priya Neri ha detto che lo strumento non deve sostituire 9 termini legali, nomi personali o collegamenti come https://legge.example.org/policy.",1.0,,,,
it-003+it-004+it-005+it-006,it,synthid_tournament,sira,paper_default,"L’ospedale intende creare un meccanismo rapido per valutare testi clinici. La dottoressa Maya Chen controllerà 37 cartelle, ma il servizio non deve mai modificare gli identificativi dei pazienti, le quantità dei farmaci o l’indirizzo https://salute.example.net. Questo vincolo rilevante può diminuire la flessibilità; quindi, il approccio finale deve restare preciso e protetto.

Una piccola azienda può impiegare una tecnica alternativa per perfezionare il supporto ai clienti. Il processo dovrebbe partire con un controllo rapido, scegliere soltanto i brani rilevanti e finire con un rapporto accurato. Daniela Orsi ha chiesto di non alterare 12 elementi contrattuali o il riferimento https://contratti.example.io/v2.

Il meccanismo di archivio conserva una sostanziale raccolta di testi storici. I ricercatori vogliono valutare un metodo lineare capace di cambiare espressioni comuni preservando le informazioni fattuali. Sofia Martini ha ricordato che il progetto contiene 63 documenti e non consente di modificare la citazione “Indagine sul fiume, 1984” o https://archivio.example.edu.

Un vantaggio significativo del nuovo meccanismo è la capacità di abbassare il lavoro manuale. Il flusso può aiutare l’analista, indicare contenuti insoliti e produrre un risultato evidente. Eppure, Priya Neri ha detto che lo strumento non deve sostituire 9 termini legali, nomi personali o collegamenti come https://legge.example.org/policy.","L’ospedale intende creare un sistema rapido per testare testi clinici. La dottoressa Maya Chen controllerà 37 cartelle, ma il sistema non deve mai modificare gli identificativi dei pazienti, le quantità dei farmaci o l’indirizzo https://salute.example.net. Questo vincolo importante può ridurre la flessibilità; quindi, il metodo finale deve restare accurato e sicuro.

Una piccola azienda può usare una tecnica alternativa per migliorare il supporto ai clienti. Il processo dovrebbe iniziare con un controllo rapido, scegliere soltanto i brani rilevanti e finire con un rapporto accurato. Daniela Orsi ha chiesto di non alterare 12 dati contrattuali o il riferimento https://contratti.example.io/v2.

Il sistema di archivio conserva una grande raccolta di testi storici. I ricercatori vogliono testare un metodo semplice capace di cambiare espressioni comuni preservando le informazioni fattuali. Sofia Martini ha ricordato che il progetto contiene 63 documenti e non consente di modificare la citazione “Indagine sul fiume, 1984” o https://archivio.example.edu.

Un valore importante del nuovo sistema è la capacità di ridurre il lavoro manuale. Il processo può aiutare l’analista, indicare contenuti insoliti e creare un risultato chiaro. Tuttavia, Priya Neri ha detto che lo strumento non deve sostituire 9 termini legali, nomi personali o collegamenti come https://legge.example.org/policy.",1.0,,,,
it-003+it-004+it-005+it-006,it,synthid_tournament,bira,paper_proxy,"L’ospedale intende creare un meccanismo rapido per valutare testi clinici. La dottoressa Maya Chen controllerà 37 cartelle, ma il servizio non deve mai modificare gli identificativi dei pazienti, le quantità dei farmaci o l’indirizzo https://salute.example.net. Questo vincolo rilevante può diminuire la flessibilità; quindi, il approccio finale deve restare preciso e protetto.

Una piccola azienda può impiegare una tecnica alternativa per perfezionare il supporto ai clienti. Il processo dovrebbe partire con un controllo rapido, scegliere soltanto i brani rilevanti e finire con un rapporto accurato. Daniela Orsi ha chiesto di non alterare 12 elementi contrattuali o il riferimento https://contratti.example.io/v2.

Il meccanismo di archivio conserva una sostanziale raccolta di testi storici. I ricercatori vogliono valutare un metodo lineare capace di cambiare espressioni comuni preservando le informazioni fattuali. Sofia Martini ha ricordato che il progetto contiene 63 documenti e non consente di modificare la citazione “Indagine sul fiume, 1984” o https://archivio.example.edu.

Un vantaggio significativo del nuovo meccanismo è la capacità di abbassare il lavoro manuale. Il flusso può aiutare l’analista, indicare contenuti insoliti e produrre un risultato evidente. Eppure, Priya Neri ha detto che lo strumento non deve sostituire 9 termini legali, nomi personali o collegamenti come https://legge.example.org/policy.","L’ospedale intende creare un sistema rapido per testare testi clinici. La dottoressa Maya Chen controllerà 37 cartelle, ma il sistema non deve mai modificare gli identificativi dei pazienti, le quantità dei farmaci o l’indirizzo https://salute.example.net. Questo vincolo importante può ridurre la flessibilità; quindi, il metodo finale deve restare accurato e sicuro.

Una piccola azienda può usare una tecnica alternativa per migliorare il supporto ai clienti. Il processo dovrebbe iniziare con un controllo rapido, scegliere soltanto i brani rilevanti e finire con un rapporto accurato. Daniela Orsi ha chiesto di non alterare 12 dati contrattuali o il riferimento https://contratti.example.io/v2.

Il sistema di archivio conserva una grande raccolta di testi storici. I ricercatori vogliono testare un metodo semplice capace di cambiare espressioni comuni preservando le informazioni fattuali. Sofia Martini ha ricordato che il progetto contiene 63 documenti e non consente di modificare la citazione “Indagine sul fiume, 1984” o https://archivio.example.edu.

Un valore importante del nuovo sistema è la capacità di ridurre il lavoro manuale. Il processo può aiutare l’analista, indicare contenuti insoliti e creare un risultato chiaro. Tuttavia, Priya Neri ha detto che lo strumento non deve sostituire 9 termini legali, nomi personali o collegamenti come https://legge.example.org/policy.",1.0,,,,
it-003+it-004+it-005+it-006,it,synthid_tournament,bira_position_aware,intermediate,"L’ospedale intende creare un meccanismo rapido per valutare testi clinici. La dottoressa Maya Chen controllerà 37 cartelle, ma il servizio non deve mai modificare gli identificativi dei pazienti, le quantità dei farmaci o l’indirizzo https://salute.example.net. Questo vincolo rilevante può diminuire la flessibilità; quindi, il approccio finale deve restare preciso e protetto.

Una piccola azienda può impiegare una tecnica alternativa per perfezionare il supporto ai clienti. Il processo dovrebbe partire con un controllo rapido, scegliere soltanto i brani rilevanti e finire con un rapporto accurato. Daniela Orsi ha chiesto di non alterare 12 elementi contrattuali o il riferimento https://contratti.example.io/v2.

Il meccanismo di archivio conserva una sostanziale raccolta di testi storici. I ricercatori vogliono valutare un metodo lineare capace di cambiare espressioni comuni preservando le informazioni fattuali. Sofia Martini ha ricordato che il progetto contiene 63 documenti e non consente di modificare la citazione “Indagine sul fiume, 1984” o https://archivio.example.edu.

Un vantaggio significativo del nuovo meccanismo è la capacità di abbassare il lavoro manuale. Il flusso può aiutare l’analista, indicare contenuti insoliti e produrre un risultato evidente. Eppure, Priya Neri ha detto che lo strumento non deve sostituire 9 termini legali, nomi personali o collegamenti come https://legge.example.org/policy.","L’ospedale intende creare un sistema rapido per valutare testi clinici. La dottoressa Maya Chen controllerà 37 cartelle, ma il servizio non deve mai modificare gli identificativi dei pazienti, le quantità dei farmaci o l’indirizzo https://salute.example.net. Questo vincolo rilevante può ridurre la flessibilità; quindi, il approccio finale deve restare preciso e sicuro.

Una piccola azienda può usare una tecnica alternativa per migliorare il supporto ai clienti. Il processo dovrebbe iniziare con un controllo rapido, scegliere soltanto i brani rilevanti e finire con un rapporto accurato. Daniela Orsi ha chiesto di non alterare 12 elementi contrattuali o il riferimento https://contratti.example.io/v2.

Il sistema di archivio conserva una sostanziale raccolta di testi storici. I ricercatori vogliono valutare un metodo lineare capace di cambiare espressioni comuni preservando le informazioni fattuali. Sofia Martini ha ricordato che il progetto contiene 63 documenti e non consente di modificare la citazione “Indagine sul fiume, 1984” o https://archivio.example.edu.

Un valore significativo del nuovo sistema è la capacità di ridurre il lavoro manuale. Il flusso può aiutare l’analista, indicare contenuti insoliti e creare un risultato evidente. Tuttavia, Priya Neri ha detto che lo strumento non deve sostituire 9 termini legali, nomi personali o collegamenti come https://legge.example.org/policy.",1.0,,,,
it-004+it-005+it-006+it-007,it,kgw,simple_paraphrase,fixed,"Una piccola azienda può usare una tecnica alternativa per raffinare il supporto ai clienti. Il processo dovrebbe iniziare con un controllo rapido, scegliere soltanto i brani rilevanti e concludere con un rapporto preciso. Daniela Orsi ha chiesto di non alterare 12 dati contrattuali o il riferimento https://contratti.example.io/v2.

Il meccanismo di archivio conserva una considerevole raccolta di testi storici. I ricercatori vogliono valutare un criterio essenziale capace di cambiare espressioni comuni preservando le informazioni fattuali. Sofia Martini ha ricordato che il progetto contiene 63 documenti e non consente di modificare la citazione “Indagine sul fiume, 1984” o https://archivio.example.edu.

Un vantaggio significativo del nuovo sistema è la capacità di ridurre il lavoro manuale. Il processo può aiutare l’analista, indicare contenuti insoliti e produrre un risultato chiaro. Tuttavia, Priya Neri ha detto che lo strumento non deve sostituire 9 termini legali, nomi personali o collegamenti come https://legge.example.org/policy.

Il gruppo di ingegneria costruirà un servizio sicuro per i testi e testerà tre strategie diverse. Una base lineare può essere rapida, mentre un criterio difficile potrebbe conservare più informazioni. Oliver Grandi valuterà 42 risultati e il team non cambierà la specifica disponibile su https://ingegneria.example.com/spec.","Una piccola azienda può usare una tecnica alternativa per migliorare il supporto ai clienti. Il flusso dovrebbe cominciare con un controllo veloce, scegliere soltanto i brani rilevanti e finire con un rapporto corretto. Daniela Orsi ha chiesto di non alterare 12 elementi contrattuali o il riferimento https://contratti.example.io/v2.

Il meccanismo di archivio conserva una grande raccolta di testi storici. I ricercatori vogliono esaminare un criterio semplice capace di cambiare espressioni comuni preservando le informazioni fattuali. Sofia Martini ha ricordato che il progetto contiene 63 documenti e non consente di modificare la citazione “Indagine sul fiume, 1984” o https://archivio.example.edu.

Un valore importante del nuovo servizio è la capacità di ridurre il lavoro manuale. Il flusso può aiutare l’analista, indicare contenuti insoliti e produrre un risultato evidente. Comunque, Priya Neri ha detto che lo strumento non deve sostituire 9 termini legali, nomi personali o collegamenti come https://legge.example.org/policy.

Il gruppo di ingegneria costruirà un servizio protetto per i testi e testerà tre strategie diverse. Una base lineare può essere rapida, mentre un metodo articolato potrebbe conservare più informazioni. Oliver Grandi valuterà 42 risultati e il team non cambierà la specifica disponibile su https://ingegneria.example.com/spec.",1.0,,,,
it-004+it-005+it-006+it-007,it,kgw,sira,paper_default,"Una piccola azienda può usare una tecnica alternativa per raffinare il supporto ai clienti. Il processo dovrebbe iniziare con un controllo rapido, scegliere soltanto i brani rilevanti e concludere con un rapporto preciso. Daniela Orsi ha chiesto di non alterare 12 dati contrattuali o il riferimento https://contratti.example.io/v2.

Il meccanismo di archivio conserva una considerevole raccolta di testi storici. I ricercatori vogliono valutare un criterio essenziale capace di cambiare espressioni comuni preservando le informazioni fattuali. Sofia Martini ha ricordato che il progetto contiene 63 documenti e non consente di modificare la citazione “Indagine sul fiume, 1984” o https://archivio.example.edu.

Un vantaggio significativo del nuovo sistema è la capacità di ridurre il lavoro manuale. Il processo può aiutare l’analista, indicare contenuti insoliti e produrre un risultato chiaro. Tuttavia, Priya Neri ha detto che lo strumento non deve sostituire 9 termini legali, nomi personali o collegamenti come https://legge.example.org/policy.

Il gruppo di ingegneria costruirà un servizio sicuro per i testi e testerà tre strategie diverse. Una base lineare può essere rapida, mentre un criterio difficile potrebbe conservare più informazioni. Oliver Grandi valuterà 42 risultati e il team non cambierà la specifica disponibile su https://ingegneria.example.com/spec.","Una piccola azienda può usare una tecnica alternativa per migliorare il supporto ai clienti. Il processo dovrebbe iniziare con un controllo rapido, selezionare soltanto i brani rilevanti e finire con un rapporto accurato. Daniela Orsi ha chiesto di non alterare 12 elementi contrattuali o il riferimento https://contratti.example.io/v2.

Il sistema di archivio conserva una grande raccolta di testi storici. I ricercatori vogliono testare un metodo semplice capace di cambiare espressioni comuni preservando le informazioni fattuali. Sofia Martini ha ricordato che il progetto contiene 63 documenti e non consente di modificare la citazione “Indagine sul fiume, 1984” o https://archivio.example.edu.

Un valore importante del nuovo sistema è la capacità di diminuire il lavoro manuale. Il processo può aiutare l’analista, indicare contenuti insoliti e creare un esito chiaro. Comunque, Priya Neri ha detto che lo strumento non deve sostituire 9 termini legali, nomi personali o collegamenti come https://legge.example.org/policy.

Il gruppo di ingegneria costruirà un sistema sicuro per i testi e testerà tre strategie diverse. Una base semplice può essere rapida, mentre un metodo complesso potrebbe mantenere più informazioni. Oliver Grandi valuterà 42 risultati e il team non cambierà la specifica disponibile su https://ingegneria.example.com/spec.",1.0,,,,
it-004+it-005+it-006+it-007,it,kgw,bira,paper_proxy,"Una piccola azienda può usare una tecnica alternativa per raffinare il supporto ai clienti. Il processo dovrebbe iniziare con un controllo rapido, scegliere soltanto i brani rilevanti e concludere con un rapporto preciso. Daniela Orsi ha chiesto di non alterare 12 dati contrattuali o il riferimento https://contratti.example.io/v2.

Il meccanismo di archivio conserva una considerevole raccolta di testi storici. I ricercatori vogliono valutare un criterio essenziale capace di cambiare espressioni comuni preservando le informazioni fattuali. Sofia Martini ha ricordato che il progetto contiene 63 documenti e non consente di modificare la citazione “Indagine sul fiume, 1984” o https://archivio.example.edu.

Un vantaggio significativo del nuovo sistema è la capacità di ridurre il lavoro manuale. Il processo può aiutare l’analista, indicare contenuti insoliti e produrre un risultato chiaro. Tuttavia, Priya Neri ha detto che lo strumento non deve sostituire 9 termini legali, nomi personali o collegamenti come https://legge.example.org/policy.

Il gruppo di ingegneria costruirà un servizio sicuro per i testi e testerà tre strategie diverse. Una base lineare può essere rapida, mentre un criterio difficile potrebbe conservare più informazioni. Oliver Grandi valuterà 42 risultati e il team non cambierà la specifica disponibile su https://ingegneria.example.com/spec.","Una piccola azienda può usare una tecnica alternativa per migliorare il supporto ai clienti. Il processo dovrebbe iniziare con un controllo rapido, scegliere soltanto i brani rilevanti e finire con un rapporto accurato. Daniela Orsi ha chiesto di non alterare 12 dati contrattuali o il riferimento https://contratti.example.io/v2.

Il sistema di archivio conserva una grande raccolta di testi storici. I ricercatori vogliono testare un metodo semplice capace di cambiare espressioni comuni preservando le informazioni fattuali. Sofia Martini ha ricordato che il progetto contiene 63 documenti e non consente di modificare la citazione “Indagine sul fiume, 1984” o https://archivio.example.edu.

Un valore importante del nuovo sistema è la capacità di ridurre il lavoro manuale. Il processo può aiutare l’analista, indicare contenuti insoliti e creare un risultato chiaro. Tuttavia, Priya Neri ha detto che lo strumento non deve sostituire 9 termini legali, nomi personali o collegamenti come https://legge.example.org/policy.

Il gruppo di ingegneria costruirà un sistema sicuro per i testi e testerà tre strategie diverse. Una base semplice può essere rapida, mentre un metodo complesso potrebbe mantenere più informazioni. Oliver Grandi valuterà 42 risultati e il team non cambierà la specifica disponibile su https://ingegneria.example.com/spec.",1.0,,,,
it-004+it-005+it-006+it-007,it,kgw,bira_position_aware,intermediate,"Una piccola azienda può usare una tecnica alternativa per raffinare il supporto ai clienti. Il processo dovrebbe iniziare con un controllo rapido, scegliere soltanto i brani rilevanti e concludere con un rapporto preciso. Daniela Orsi ha chiesto di non alterare 12 dati contrattuali o il riferimento https://contratti.example.io/v2.

Il meccanismo di archivio conserva una considerevole raccolta di testi storici. I ricercatori vogliono valutare un criterio essenziale capace di cambiare espressioni comuni preservando le informazioni fattuali. Sofia Martini ha ricordato che il progetto contiene 63 documenti e non consente di modificare la citazione “Indagine sul fiume, 1984” o https://archivio.example.edu.

Un vantaggio significativo del nuovo sistema è la capacità di ridurre il lavoro manuale. Il processo può aiutare l’analista, indicare contenuti insoliti e produrre un risultato chiaro. Tuttavia, Priya Neri ha detto che lo strumento non deve sostituire 9 termini legali, nomi personali o collegamenti come https://legge.example.org/policy.

Il gruppo di ingegneria costruirà un servizio sicuro per i testi e testerà tre strategie diverse. Una base lineare può essere rapida, mentre un criterio difficile potrebbe conservare più informazioni. Oliver Grandi valuterà 42 risultati e il team non cambierà la specifica disponibile su https://ingegneria.example.com/spec.","Una piccola azienda può usare una tecnica alternativa per migliorare il supporto ai clienti. Il processo dovrebbe iniziare con un controllo rapido, scegliere soltanto i brani rilevanti e finire con un rapporto accurato. Daniela Orsi ha chiesto di non alterare 12 dati contrattuali o il riferimento https://contratti.example.io/v2.

Il sistema di archivio conserva una grande raccolta di testi storici. I ricercatori vogliono valutare un metodo essenziale capace di cambiare espressioni comuni preservando le informazioni fattuali. Sofia Martini ha ricordato che il progetto contiene 63 documenti e non consente di modificare la citazione “Indagine sul fiume, 1984” o https://archivio.example.edu.

Un valore significativo del nuovo sistema è la capacità di ridurre il lavoro manuale. Il processo può aiutare l’analista, indicare contenuti insoliti e creare un risultato chiaro. Tuttavia, Priya Neri ha detto che lo strumento non deve sostituire 9 termini legali, nomi personali o collegamenti come https://legge.example.org/policy.

Il gruppo di ingegneria costruirà un sistema sicuro per i testi e testerà tre strategie diverse. Una base semplice può essere rapida, mentre un metodo difficile potrebbe conservare più informazioni. Oliver Grandi valuterà 42 risultati e il team non cambierà la specifica disponibile su https://ingegneria.example.com/spec.",1.0,,,,
it-004+it-005+it-006+it-007,it,unigram,simple_paraphrase,fixed,"Una piccola azienda può impiegare una tecnica alternativa per migliorare il supporto ai clienti. Il processo dovrebbe cominciare con un controllo veloce, scegliere soltanto i brani rilevanti e finire con un rapporto corretto. Daniela Orsi ha chiesto di non alterare 12 dati contrattuali o il riferimento https://contratti.example.io/v2.

Il sistema di archivio conserva una grande raccolta di testi storici. I ricercatori vogliono valutare un metodo lineare capace di cambiare espressioni comuni preservando le informazioni fattuali. Sofia Martini ha ricordato che il progetto contiene 63 documenti e non consente di modificare la citazione “Indagine sul fiume, 1984” o https://archivio.example.edu.

Un vantaggio importante del nuovo sistema è la capacità di abbassare il lavoro manuale. Il processo può aiutare l’analista, indicare contenuti insoliti e creare un prodotto ovvio. Tuttavia, Priya Neri ha detto che lo strumento non deve sostituire 9 termini legali, nomi personali o collegamenti come https://legge.example.org/policy.

Il gruppo di ingegneria costruirà un sistema sicuro per i testi e testerà tre strategie diverse. Una base lineare può essere rapida, mentre un metodo articolato potrebbe mantenere più informazioni. Oliver Grandi valuterà 42 risultati e il team non cambierà la specifica disponibile su https://ingegneria.example.com/spec.","Una piccola azienda può impiegare una tecnica alternativa per perfezionare il supporto ai clienti. Il flusso dovrebbe partire con un controllo veloce, scegliere soltanto i brani rilevanti e terminare con un rapporto corretto. Daniela Orsi ha chiesto di non alterare 12 elementi contrattuali o il riferimento https://contratti.example.io/v2.

Il servizio di archivio conserva una grande raccolta di testi storici. I ricercatori vogliono esaminare un approccio lineare capace di cambiare espressioni comuni preservando le informazioni fattuali. Sofia Martini ha ricordato che il progetto contiene 63 documenti e non consente di modificare la citazione “Indagine sul fiume, 1984” o https://archivio.example.edu.

Un valore rilevante del nuovo servizio è la capacità di abbassare il lavoro manuale. Il flusso può aiutare l’analista, indicare contenuti insoliti e costruire un prodotto ovvio. Comunque, Priya Neri ha detto che lo strumento non deve sostituire 9 termini legali, nomi personali o collegamenti come https://legge.example.org/policy.

Il gruppo di ingegneria costruirà un servizio protetto per i testi e testerà tre strategie diverse. Una base lineare può essere rapida, mentre un approccio complesso potrebbe preservare più informazioni. Oliver Grandi valuterà 42 risultati e il team non cambierà la specifica disponibile su https://ingegneria.example.com/spec.",1.0,,,,
it-004+it-005+it-006+it-007,it,unigram,sira,paper_default,"Una piccola azienda può impiegare una tecnica alternativa per migliorare il supporto ai clienti. Il processo dovrebbe cominciare con un controllo veloce, scegliere soltanto i brani rilevanti e finire con un rapporto corretto. Daniela Orsi ha chiesto di non alterare 12 dati contrattuali o il riferimento https://contratti.example.io/v2.

Il sistema di archivio conserva una grande raccolta di testi storici. I ricercatori vogliono valutare un metodo lineare capace di cambiare espressioni comuni preservando le informazioni fattuali. Sofia Martini ha ricordato che il progetto contiene 63 documenti e non consente di modificare la citazione “Indagine sul fiume, 1984” o https://archivio.example.edu.

Un vantaggio importante del nuovo sistema è la capacità di abbassare il lavoro manuale. Il processo può aiutare l’analista, indicare contenuti insoliti e creare un prodotto ovvio. Tuttavia, Priya Neri ha detto che lo strumento non deve sostituire 9 termini legali, nomi personali o collegamenti come https://legge.example.org/policy.

Il gruppo di ingegneria costruirà un sistema sicuro per i testi e testerà tre strategie diverse. Una base lineare può essere rapida, mentre un metodo articolato potrebbe mantenere più informazioni. Oliver Grandi valuterà 42 risultati e il team non cambierà la specifica disponibile su https://ingegneria.example.com/spec.","Una piccola azienda può usare una tecnica alternativa per migliorare il supporto ai clienti. Il processo dovrebbe iniziare con un controllo rapido, selezionare soltanto i brani rilevanti e terminare con un rapporto accurato. Daniela Orsi ha chiesto di non alterare 12 elementi contrattuali o il riferimento https://contratti.example.io/v2.

Il sistema di archivio conserva una grande raccolta di testi storici. I ricercatori vogliono testare un metodo semplice capace di cambiare espressioni comuni preservando le informazioni fattuali. Sofia Martini ha ricordato che il progetto contiene 63 documenti e non consente di modificare la citazione “Indagine sul fiume, 1984” o https://archivio.example.edu.

Un valore rilevante del nuovo sistema è la capacità di ridurre il lavoro manuale. Il processo può aiutare l’analista, indicare contenuti insoliti e costruire un risultato chiaro. Comunque, Priya Neri ha detto che lo strumento non deve sostituire 9 termini legali, nomi personali o collegamenti come https://legge.example.org/policy.

Il gruppo di ingegneria costruirà un servizio protetto per i testi e testerà tre strategie diverse. Una base semplice può essere rapida, mentre un metodo complesso potrebbe preservare più informazioni. Oliver Grandi valuterà 42 risultati e il team non cambierà la specifica disponibile su https://ingegneria.example.com/spec.",1.0,,,,
it-004+it-005+it-006+it-007,it,unigram,bira,paper_proxy,"Una piccola azienda può impiegare una tecnica alternativa per migliorare il supporto ai clienti. Il processo dovrebbe cominciare con un controllo veloce, scegliere soltanto i brani rilevanti e finire con un rapporto corretto. Daniela Orsi ha chiesto di non alterare 12 dati contrattuali o il riferimento https://contratti.example.io/v2.

Il sistema di archivio conserva una grande raccolta di testi storici. I ricercatori vogliono valutare un metodo lineare capace di cambiare espressioni comuni preservando le informazioni fattuali. Sofia Martini ha ricordato che il progetto contiene 63 documenti e non consente di modificare la citazione “Indagine sul fiume, 1984” o https://archivio.example.edu.

Un vantaggio importante del nuovo sistema è la capacità di abbassare il lavoro manuale. Il processo può aiutare l’analista, indicare contenuti insoliti e creare un prodotto ovvio. Tuttavia, Priya Neri ha detto che lo strumento non deve sostituire 9 termini legali, nomi personali o collegamenti come https://legge.example.org/policy.

Il gruppo di ingegneria costruirà un sistema sicuro per i testi e testerà tre strategie diverse. Una base lineare può essere rapida, mentre un metodo articolato potrebbe mantenere più informazioni. Oliver Grandi valuterà 42 risultati e il team non cambierà la specifica disponibile su https://ingegneria.example.com/spec.","Una piccola azienda può usare una tecnica alternativa per migliorare il supporto ai clienti. Il processo dovrebbe iniziare con un controllo rapido, selezionare soltanto i brani rilevanti e finire con un rapporto accurato. Daniela Orsi ha chiesto di non alterare 12 elementi contrattuali o il riferimento https://contratti.example.io/v2.

Il sistema di archivio conserva una grande raccolta di testi storici. I ricercatori vogliono testare un metodo semplice capace di cambiare espressioni comuni preservando le informazioni fattuali. Sofia Martini ha ricordato che il progetto contiene 63 documenti e non consente di modificare la citazione “Indagine sul fiume, 1984” o https://archivio.example.edu.

Un valore importante del nuovo sistema è la capacità di ridurre il lavoro manuale. Il processo può aiutare l’analista, indicare contenuti insoliti e costruire un risultato chiaro. Tuttavia, Priya Neri ha detto che lo strumento non deve sostituire 9 termini legali, nomi personali o collegamenti come https://legge.example.org/policy.

Il gruppo di ingegneria costruirà un sistema sicuro per i testi e testerà tre strategie diverse. Una base semplice può essere rapida, mentre un metodo complesso potrebbe mantenere più informazioni. Oliver Grandi valuterà 42 risultati e il team non cambierà la specifica disponibile su https://ingegneria.example.com/spec.",1.0,,,,
it-004+it-005+it-006+it-007,it,unigram,bira_position_aware,intermediate,"Una piccola azienda può impiegare una tecnica alternativa per migliorare il supporto ai clienti. Il processo dovrebbe cominciare con un controllo veloce, scegliere soltanto i brani rilevanti e finire con un rapporto corretto. Daniela Orsi ha chiesto di non alterare 12 dati contrattuali o il riferimento https://contratti.example.io/v2.

Il sistema di archivio conserva una grande raccolta di testi storici. I ricercatori vogliono valutare un metodo lineare capace di cambiare espressioni comuni preservando le informazioni fattuali. Sofia Martini ha ricordato che il progetto contiene 63 documenti e non consente di modificare la citazione “Indagine sul fiume, 1984” o https://archivio.example.edu.

Un vantaggio importante del nuovo sistema è la capacità di abbassare il lavoro manuale. Il processo può aiutare l’analista, indicare contenuti insoliti e creare un prodotto ovvio. Tuttavia, Priya Neri ha detto che lo strumento non deve sostituire 9 termini legali, nomi personali o collegamenti come https://legge.example.org/policy.

Il gruppo di ingegneria costruirà un sistema sicuro per i testi e testerà tre strategie diverse. Una base lineare può essere rapida, mentre un metodo articolato potrebbe mantenere più informazioni. Oliver Grandi valuterà 42 risultati e il team non cambierà la specifica disponibile su https://ingegneria.example.com/spec.","Una piccola azienda può usare una tecnica alternativa per migliorare il supporto ai clienti. Il processo dovrebbe iniziare con un controllo rapido, scegliere soltanto i brani rilevanti e finire con un rapporto accurato. Daniela Orsi ha chiesto di non alterare 12 elementi contrattuali o il riferimento https://contratti.example.io/v2.

Il sistema di archivio conserva una grande raccolta di testi storici. I ricercatori vogliono valutare un metodo semplice capace di cambiare espressioni comuni preservando le informazioni fattuali. Sofia Martini ha ricordato che il progetto contiene 63 documenti e non consente di modificare la citazione “Indagine sul fiume, 1984” o https://archivio.example.edu.

Un valore importante del nuovo sistema è la capacità di ridurre il lavoro manuale. Il processo può aiutare l’analista, indicare contenuti insoliti e creare un risultato ovvio. Tuttavia, Priya Neri ha detto che lo strumento non deve sostituire 9 termini legali, nomi personali o collegamenti come https://legge.example.org/policy.

Il gruppo di ingegneria costruirà un sistema sicuro per i testi e testerà tre strategie diverse. Una base semplice può essere rapida, mentre un metodo complesso potrebbe mantenere più informazioni. Oliver Grandi valuterà 42 risultati e il team non cambierà la specifica disponibile su https://ingegneria.example.com/spec.",1.0,,,,
it-004+it-005+it-006+it-007,it,synthid_tournament,simple_paraphrase,fixed,"Una piccola azienda può impiegare una tecnica alternativa per perfezionare il supporto ai clienti. Il processo dovrebbe partire con un controllo rapido, scegliere soltanto i brani rilevanti e finire con un rapporto accurato. Daniela Orsi ha chiesto di non alterare 12 elementi contrattuali o il riferimento https://contratti.example.io/v2.

Il meccanismo di archivio conserva una sostanziale raccolta di testi storici. I ricercatori vogliono valutare un metodo lineare capace di cambiare espressioni comuni preservando le informazioni fattuali. Sofia Martini ha ricordato che il progetto contiene 63 documenti e non consente di modificare la citazione “Indagine sul fiume, 1984” o https://archivio.example.edu.

Un vantaggio significativo del nuovo meccanismo è la capacità di abbassare il lavoro manuale. Il flusso può aiutare l’analista, indicare contenuti insoliti e produrre un risultato evidente. Eppure, Priya Neri ha detto che lo strumento non deve sostituire 9 termini legali, nomi personali o collegamenti come https://legge.example.org/policy.

Il gruppo di ingegneria costruirà un sistema protetto per i testi e testerà tre strategie diverse. Una base semplice può essere rapida, mentre un approccio articolato potrebbe conservare più informazioni. Oliver Grandi valuterà 42 risultati e il team non cambierà la specifica disponibile su https://ingegneria.example.com/spec.","Una piccola azienda può impiegare una tecnica alternativa per raffinare il supporto ai clienti. Il flusso dovrebbe iniziare con un controllo veloce, scegliere soltanto i brani rilevanti e terminare con un rapporto preciso. Daniela Orsi ha chiesto di non alterare 12 valori contrattuali o il riferimento https://contratti.example.io/v2.

Il meccanismo di archivio conserva una considerevole raccolta di testi storici. I ricercatori vogliono esaminare un approccio lineare capace di cambiare espressioni comuni preservando le informazioni fattuali. Sofia Martini ha ricordato che il progetto contiene 63 documenti e non consente di modificare la citazione “Indagine sul fiume, 1984” o https://archivio.example.edu.

Un valore importante del nuovo meccanismo è la capacità di abbassare il lavoro manuale. Il percorso può aiutare l’analista, indicare contenuti insoliti e produrre un risultato ovvio. Tuttavia, Priya Neri ha detto che lo strumento non deve sostituire 9 termini legali, nomi personali o collegamenti come https://legge.example.org/policy.

Il gruppo di ingegneria costruirà un servizio affidabile per i testi e testerà tre strategie diverse. Una base lineare può essere rapida, mentre un approccio complesso potrebbe conservare più informazioni. Oliver Grandi valuterà 42 risultati e il team non cambierà la specifica disponibile su https://ingegneria.example.com/spec.",1.0,,,,
it-004+it-005+it-006+it-007,it,synthid_tournament,sira,paper_default,"Una piccola azienda può impiegare una tecnica alternativa per perfezionare il supporto ai clienti. Il processo dovrebbe partire con un controllo rapido, scegliere soltanto i brani rilevanti e finire con un rapporto accurato. Daniela Orsi ha chiesto di non alterare 12 elementi contrattuali o il riferimento https://contratti.example.io/v2.

Il meccanismo di archivio conserva una sostanziale raccolta di testi storici. I ricercatori vogliono valutare un metodo lineare capace di cambiare espressioni comuni preservando le informazioni fattuali. Sofia Martini ha ricordato che il progetto contiene 63 documenti e non consente di modificare la citazione “Indagine sul fiume, 1984” o https://archivio.example.edu.

Un vantaggio significativo del nuovo meccanismo è la capacità di abbassare il lavoro manuale. Il flusso può aiutare l’analista, indicare contenuti insoliti e produrre un risultato evidente. Eppure, Priya Neri ha detto che lo strumento non deve sostituire 9 termini legali, nomi personali o collegamenti come https://legge.example.org/policy.

Il gruppo di ingegneria costruirà un sistema protetto per i testi e testerà tre strategie diverse. Una base semplice può essere rapida, mentre un approccio articolato potrebbe conservare più informazioni. Oliver Grandi valuterà 42 risultati e il team non cambierà la specifica disponibile su https://ingegneria.example.com/spec.","Una piccola azienda può usare una tecnica alternativa per migliorare il supporto ai clienti. Il processo dovrebbe iniziare con un controllo rapido, selezionare soltanto i brani rilevanti e finire con un rapporto accurato. Daniela Orsi ha chiesto di non alterare 12 dati contrattuali o il riferimento https://contratti.example.io/v2.

Il sistema di archivio conserva una grande raccolta di testi storici. I ricercatori vogliono testare un metodo semplice capace di cambiare espressioni comuni preservando le informazioni fattuali. Sofia Martini ha ricordato che il progetto contiene 63 documenti e non consente di modificare la citazione “Indagine sul fiume, 1984” o https://archivio.example.edu.

Un valore importante del nuovo sistema è la capacità di ridurre il lavoro manuale. Il processo può aiutare l’analista, indicare contenuti insoliti e creare un risultato chiaro. Tuttavia, Priya Neri ha detto che lo strumento non deve sostituire 9 termini legali, nomi personali o collegamenti come https://legge.example.org/policy.

Il gruppo di ingegneria costruirà un sistema sicuro per i testi e testerà tre strategie diverse. Una base semplice può essere rapida, mentre un metodo complesso potrebbe mantenere più informazioni. Oliver Grandi valuterà 42 risultati e il team non cambierà la specifica disponibile su https://ingegneria.example.com/spec.",1.0,,,,
it-004+it-005+it-006+it-007,it,synthid_tournament,bira,paper_proxy,"Una piccola azienda può impiegare una tecnica alternativa per perfezionare il supporto ai clienti. Il processo dovrebbe partire con un controllo rapido, scegliere soltanto i brani rilevanti e finire con un rapporto accurato. Daniela Orsi ha chiesto di non alterare 12 elementi contrattuali o il riferimento https://contratti.example.io/v2.

Il meccanismo di archivio conserva una sostanziale raccolta di testi storici. I ricercatori vogliono valutare un metodo lineare capace di cambiare espressioni comuni preservando le informazioni fattuali. Sofia Martini ha ricordato che il progetto contiene 63 documenti e non consente di modificare la citazione “Indagine sul fiume, 1984” o https://archivio.example.edu.

Un vantaggio significativo del nuovo meccanismo è la capacità di abbassare il lavoro manuale. Il flusso può aiutare l’analista, indicare contenuti insoliti e produrre un risultato evidente. Eppure, Priya Neri ha detto che lo strumento non deve sostituire 9 termini legali, nomi personali o collegamenti come https://legge.example.org/policy.

Il gruppo di ingegneria costruirà un sistema protetto per i testi e testerà tre strategie diverse. Una base semplice può essere rapida, mentre un approccio articolato potrebbe conservare più informazioni. Oliver Grandi valuterà 42 risultati e il team non cambierà la specifica disponibile su https://ingegneria.example.com/spec.","Una piccola azienda può usare una tecnica alternativa per migliorare il supporto ai clienti. Il processo dovrebbe iniziare con un controllo rapido, scegliere soltanto i brani rilevanti e finire con un rapporto accurato. Daniela Orsi ha chiesto di non alterare 12 dati contrattuali o il riferimento https://contratti.example.io/v2.

Il sistema di archivio conserva una grande raccolta di testi storici. I ricercatori vogliono testare un metodo semplice capace di cambiare espressioni comuni preservando le informazioni fattuali. Sofia Martini ha ricordato che il progetto contiene 63 documenti e non consente di modificare la citazione “Indagine sul fiume, 1984” o https://archivio.example.edu.

Un valore importante del nuovo sistema è la capacità di ridurre il lavoro manuale. Il processo può aiutare l’analista, indicare contenuti insoliti e creare un risultato chiaro. Tuttavia, Priya Neri ha detto che lo strumento non deve sostituire 9 termini legali, nomi personali o collegamenti come https://legge.example.org/policy.

Il gruppo di ingegneria costruirà un sistema sicuro per i testi e testerà tre strategie diverse. Una base semplice può essere rapida, mentre un metodo complesso potrebbe mantenere più informazioni. Oliver Grandi valuterà 42 risultati e il team non cambierà la specifica disponibile su https://ingegneria.example.com/spec.",1.0,,,,
it-004+it-005+it-006+it-007,it,synthid_tournament,bira_position_aware,intermediate,"Una piccola azienda può impiegare una tecnica alternativa per perfezionare il supporto ai clienti. Il processo dovrebbe partire con un controllo rapido, scegliere soltanto i brani rilevanti e finire con un rapporto accurato. Daniela Orsi ha chiesto di non alterare 12 elementi contrattuali o il riferimento https://contratti.example.io/v2.

Il meccanismo di archivio conserva una sostanziale raccolta di testi storici. I ricercatori vogliono valutare un metodo lineare capace di cambiare espressioni comuni preservando le informazioni fattuali. Sofia Martini ha ricordato che il progetto contiene 63 documenti e non consente di modificare la citazione “Indagine sul fiume, 1984” o https://archivio.example.edu.

Un vantaggio significativo del nuovo meccanismo è la capacità di abbassare il lavoro manuale. Il flusso può aiutare l’analista, indicare contenuti insoliti e produrre un risultato evidente. Eppure, Priya Neri ha detto che lo strumento non deve sostituire 9 termini legali, nomi personali o collegamenti come https://legge.example.org/policy.

Il gruppo di ingegneria costruirà un sistema protetto per i testi e testerà tre strategie diverse. Una base semplice può essere rapida, mentre un approccio articolato potrebbe conservare più informazioni. Oliver Grandi valuterà 42 risultati e il team non cambierà la specifica disponibile su https://ingegneria.example.com/spec.","Una piccola azienda può usare una tecnica alternativa per migliorare il supporto ai clienti. Il processo dovrebbe iniziare con un controllo rapido, scegliere soltanto i brani rilevanti e finire con un rapporto accurato. Daniela Orsi ha chiesto di non alterare 12 elementi contrattuali o il riferimento https://contratti.example.io/v2.

Il sistema di archivio conserva una sostanziale raccolta di testi storici. I ricercatori vogliono valutare un metodo semplice capace di cambiare espressioni comuni preservando le informazioni fattuali. Sofia Martini ha ricordato che il progetto contiene 63 documenti e non consente di modificare la citazione “Indagine sul fiume, 1984” o https://archivio.example.edu.

Un valore significativo del nuovo sistema è la capacità di ridurre il lavoro manuale. Il flusso può aiutare l’analista, indicare contenuti insoliti e creare un risultato evidente. Tuttavia, Priya Neri ha detto che lo strumento non deve sostituire 9 termini legali, nomi personali o collegamenti come https://legge.example.org/policy.

Il gruppo di ingegneria costruirà un sistema protetto per i testi e testerà tre strategie diverse. Una base semplice può essere rapida, mentre un approccio complesso potrebbe conservare più informazioni. Oliver Grandi valuterà 42 risultati e il team non cambierà la specifica disponibile su https://ingegneria.example.com/spec.",1.0,,,,
it-005+it-006+it-007+it-008,it,kgw,simple_paraphrase,fixed,"Il meccanismo di archivio conserva una considerevole raccolta di testi storici. I ricercatori vogliono valutare un criterio essenziale capace di cambiare espressioni comuni preservando le informazioni fattuali. Sofia Martini ha ricordato che il progetto contiene 63 documenti e non consente di modificare la citazione “Indagine sul fiume, 1984” o https://archivio.example.edu.

Un vantaggio significativo del nuovo sistema è la capacità di ridurre il lavoro manuale. Il processo può aiutare l’analista, indicare contenuti insoliti e produrre un risultato chiaro. Tuttavia, Priya Neri ha detto che lo strumento non deve sostituire 9 termini legali, nomi personali o collegamenti come https://legge.example.org/policy.

Il gruppo di ingegneria costruirà un servizio sicuro per i testi e testerà tre strategie diverse. Una base lineare può essere rapida, mentre un criterio difficile potrebbe conservare più informazioni. Oliver Grandi valuterà 42 risultati e il team non cambierà la specifica disponibile su https://ingegneria.example.com/spec.

La redazione vuole utilizzare un criterio accurato per raffinare un lungo brano senza cambiarne il significato. Un flusso celere può aiutare, ma deve preservare i nomi Ada Lovelace e Charles Babbage, l’anno 1843 e https://storia.example.org. Il prodotto finale dovrebbe dimostrare un miglioramento grande della qualità.","Il sistema di archivio conserva una considerevole raccolta di testi storici. I ricercatori vogliono esaminare un metodo essenziale capace di cambiare espressioni comuni preservando le informazioni fattuali. Sofia Martini ha ricordato che il progetto contiene 63 documenti e non consente di modificare la citazione “Indagine sul fiume, 1984” o https://archivio.example.edu.

Un valore importante del nuovo servizio è la capacità di ridurre il lavoro manuale. Il processo può aiutare l’analista, indicare contenuti insoliti e creare un esito evidente. Comunque, Priya Neri ha detto che lo strumento non deve sostituire 9 termini legali, nomi personali o collegamenti come https://legge.example.org/policy.

Il gruppo di ingegneria costruirà un servizio protetto per i testi e testerà tre strategie diverse. Una base essenziale può essere rapida, mentre un metodo articolato potrebbe mantenere più informazioni. Oliver Grandi valuterà 42 risultati e il team non cambierà la specifica disponibile su https://ingegneria.example.com/spec.

La redazione vuole impiegare un criterio preciso per raffinare un lungo contenuto senza cambiarne il significato. Un flusso rapido può aiutare, ma deve preservare i nomi Ada Lovelace e Charles Babbage, l’anno 1843 e https://storia.example.org. Il risultato finale dovrebbe dimostrare un miglioramento grande della qualità.",1.0,,,,
it-005+it-006+it-007+it-008,it,kgw,sira,paper_default,"Il meccanismo di archivio conserva una considerevole raccolta di testi storici. I ricercatori vogliono valutare un criterio essenziale capace di cambiare espressioni comuni preservando le informazioni fattuali. Sofia Martini ha ricordato che il progetto contiene 63 documenti e non consente di modificare la citazione “Indagine sul fiume, 1984” o https://archivio.example.edu.

Un vantaggio significativo del nuovo sistema è la capacità di ridurre il lavoro manuale. Il processo può aiutare l’analista, indicare contenuti insoliti e produrre un risultato chiaro. Tuttavia, Priya Neri ha detto che lo strumento non deve sostituire 9 termini legali, nomi personali o collegamenti come https://legge.example.org/policy.

Il gruppo di ingegneria costruirà un servizio sicuro per i testi e testerà tre strategie diverse. Una base lineare può essere rapida, mentre un criterio difficile potrebbe conservare più informazioni. Oliver Grandi valuterà 42 risultati e il team non cambierà la specifica disponibile su https://ingegneria.example.com/spec.

La redazione vuole utilizzare un criterio accurato per raffinare un lungo brano senza cambiarne il significato. Un flusso celere può aiutare, ma deve preservare i nomi Ada Lovelace e Charles Babbage, l’anno 1843 e https://storia.example.org. Il prodotto finale dovrebbe dimostrare un miglioramento grande della qualità.","Il sistema di archivio conserva una grande raccolta di testi storici. I ricercatori vogliono testare un metodo semplice capace di cambiare espressioni comuni preservando le informazioni fattuali. Sofia Martini ha ricordato che il progetto contiene 63 documenti e non consente di modificare la citazione “Indagine sul fiume, 1984” o https://archivio.example.edu.

Un valore importante del nuovo sistema è la capacità di ridurre il lavoro manuale. Il processo può aiutare l’analista, indicare contenuti insoliti e creare un risultato chiaro. Tuttavia, Priya Neri ha detto che lo strumento non deve sostituire 9 termini legali, nomi personali o collegamenti come https://legge.example.org/policy.

Il gruppo di ingegneria costruirà un sistema sicuro per i testi e testerà tre strategie diverse. Una base semplice può essere rapida, mentre un metodo complesso potrebbe mantenere più informazioni. Oliver Grandi valuterà 42 risultati e il team non cambierà la specifica disponibile su https://ingegneria.example.com/spec.

La redazione vuole usare un metodo accurato per migliorare un lungo testo senza cambiarne il significato. Un processo rapido può aiutare, ma deve mantenere i nomi Ada Lovelace e Charles Babbage, l’anno 1843 e https://storia.example.org. Il risultato finale dovrebbe dimostrare un miglioramento grande della qualità.",1.0,,,,
it-005+it-006+it-007+it-008,it,kgw,bira,paper_proxy,"Il meccanismo di archivio conserva una considerevole raccolta di testi storici. I ricercatori vogliono valutare un criterio essenziale capace di cambiare espressioni comuni preservando le informazioni fattuali. Sofia Martini ha ricordato che il progetto contiene 63 documenti e non consente di modificare la citazione “Indagine sul fiume, 1984” o https://archivio.example.edu.

Un vantaggio significativo del nuovo sistema è la capacità di ridurre il lavoro manuale. Il processo può aiutare l’analista, indicare contenuti insoliti e produrre un risultato chiaro. Tuttavia, Priya Neri ha detto che lo strumento non deve sostituire 9 termini legali, nomi personali o collegamenti come https://legge.example.org/policy.

Il gruppo di ingegneria costruirà un servizio sicuro per i testi e testerà tre strategie diverse. Una base lineare può essere rapida, mentre un criterio difficile potrebbe conservare più informazioni. Oliver Grandi valuterà 42 risultati e il team non cambierà la specifica disponibile su https://ingegneria.example.com/spec.

La redazione vuole utilizzare un criterio accurato per raffinare un lungo brano senza cambiarne il significato. Un flusso celere può aiutare, ma deve preservare i nomi Ada Lovelace e Charles Babbage, l’anno 1843 e https://storia.example.org. Il prodotto finale dovrebbe dimostrare un miglioramento grande della qualità.","Il sistema di archivio conserva una grande raccolta di testi storici. I ricercatori vogliono testare un metodo semplice capace di cambiare espressioni comuni preservando le informazioni fattuali. Sofia Martini ha ricordato che il progetto contiene 63 documenti e non consente di modificare la citazione “Indagine sul fiume, 1984” o https://archivio.example.edu.

Un valore importante del nuovo sistema è la capacità di ridurre il lavoro manuale. Il processo può aiutare l’analista, indicare contenuti insoliti e creare un risultato chiaro. Tuttavia, Priya Neri ha detto che lo strumento non deve sostituire 9 termini legali, nomi personali o collegamenti come https://legge.example.org/policy.

Il gruppo di ingegneria costruirà un sistema sicuro per i testi e testerà tre strategie diverse. Una base semplice può essere rapida, mentre un metodo complesso potrebbe mantenere più informazioni. Oliver Grandi valuterà 42 risultati e il team non cambierà la specifica disponibile su https://ingegneria.example.com/spec.

La redazione vuole usare un metodo accurato per migliorare un lungo testo senza cambiarne il significato. Un processo rapido può aiutare, ma deve mantenere i nomi Ada Lovelace e Charles Babbage, l’anno 1843 e https://storia.example.org. Il risultato finale dovrebbe dimostrare un miglioramento grande della qualità.",1.0,,,,
it-005+it-006+it-007+it-008,it,kgw,bira_position_aware,conservative,"Il meccanismo di archivio conserva una considerevole raccolta di testi storici. I ricercatori vogliono valutare un criterio essenziale capace di cambiare espressioni comuni preservando le informazioni fattuali. Sofia Martini ha ricordato che il progetto contiene 63 documenti e non consente di modificare la citazione “Indagine sul fiume, 1984” o https://archivio.example.edu.

Un vantaggio significativo del nuovo sistema è la capacità di ridurre il lavoro manuale. Il processo può aiutare l’analista, indicare contenuti insoliti e produrre un risultato chiaro. Tuttavia, Priya Neri ha detto che lo strumento non deve sostituire 9 termini legali, nomi personali o collegamenti come https://legge.example.org/policy.

Il gruppo di ingegneria costruirà un servizio sicuro per i testi e testerà tre strategie diverse. Una base lineare può essere rapida, mentre un criterio difficile potrebbe conservare più informazioni. Oliver Grandi valuterà 42 risultati e il team non cambierà la specifica disponibile su https://ingegneria.example.com/spec.

La redazione vuole utilizzare un criterio accurato per raffinare un lungo brano senza cambiarne il significato. Un flusso celere può aiutare, ma deve preservare i nomi Ada Lovelace e Charles Babbage, l’anno 1843 e https://storia.example.org. Il prodotto finale dovrebbe dimostrare un miglioramento grande della qualità.","Il sistema di archivio conserva una considerevole raccolta di testi storici. I ricercatori vogliono valutare un metodo essenziale capace di cambiare espressioni comuni preservando le informazioni fattuali. Sofia Martini ha ricordato che il progetto contiene 63 documenti e non consente di modificare la citazione “Indagine sul fiume, 1984” o https://archivio.example.edu.

Un valore significativo del nuovo sistema è la capacità di ridurre il lavoro manuale. Il processo può aiutare l’analista, indicare contenuti insoliti e produrre un risultato chiaro. Tuttavia, Priya Neri ha detto che lo strumento non deve sostituire 9 termini legali, nomi personali o collegamenti come https://legge.example.org/policy.

Il gruppo di ingegneria costruirà un servizio sicuro per i testi e testerà tre strategie diverse. Una base lineare può essere rapida, mentre un metodo difficile potrebbe conservare più informazioni. Oliver Grandi valuterà 42 risultati e il team non cambierà la specifica disponibile su https://ingegneria.example.com/spec.

La redazione vuole utilizzare un criterio accurato per raffinare un lungo brano senza cambiarne il significato. Un flusso celere può aiutare, ma deve preservare i nomi Ada Lovelace e Charles Babbage, l’anno 1843 e https://storia.example.org. Il risultato finale dovrebbe dimostrare un miglioramento grande della qualità.",1.0,,,,
it-005+it-006+it-007+it-008,it,unigram,simple_paraphrase,fixed,"Il sistema di archivio conserva una grande raccolta di testi storici. I ricercatori vogliono valutare un metodo lineare capace di cambiare espressioni comuni preservando le informazioni fattuali. Sofia Martini ha ricordato che il progetto contiene 63 documenti e non consente di modificare la citazione “Indagine sul fiume, 1984” o https://archivio.example.edu.

Un vantaggio importante del nuovo sistema è la capacità di abbassare il lavoro manuale. Il processo può aiutare l’analista, indicare contenuti insoliti e creare un prodotto ovvio. Tuttavia, Priya Neri ha detto che lo strumento non deve sostituire 9 termini legali, nomi personali o collegamenti come https://legge.example.org/policy.

Il gruppo di ingegneria costruirà un sistema sicuro per i testi e testerà tre strategie diverse. Una base lineare può essere rapida, mentre un metodo articolato potrebbe mantenere più informazioni. Oliver Grandi valuterà 42 risultati e il team non cambierà la specifica disponibile su https://ingegneria.example.com/spec.

La redazione vuole impiegare un metodo corretto per migliorare un lungo testo senza cambiarne il significato. Un processo veloce può aiutare, ma deve mantenere i nomi Ada Lovelace e Charles Babbage, l’anno 1843 e https://storia.example.org. Il prodotto finale dovrebbe dimostrare un miglioramento grande della qualità.","Il sistema di archivio conserva una grande raccolta di testi storici. I ricercatori vogliono valutare un approccio essenziale capace di cambiare espressioni comuni preservando le informazioni fattuali. Sofia Martini ha ricordato che il progetto contiene 63 documenti e non consente di modificare la citazione “Indagine sul fiume, 1984” o https://archivio.example.edu.

Un valore importante del nuovo sistema è la capacità di abbassare il lavoro manuale. Il processo può aiutare l’analista, indicare contenuti insoliti e costruire un risultato chiaro. Comunque, Priya Neri ha detto che lo strumento non deve sostituire 9 termini legali, nomi personali o collegamenti come https://legge.example.org/policy.

Il gruppo di ingegneria costruirà un sistema protetto per i testi e testerà tre strategie diverse. Una base essenziale può essere rapida, mentre un approccio complesso potrebbe preservare più informazioni. Oliver Grandi valuterà 42 risultati e il team non cambierà la specifica disponibile su https://ingegneria.example.com/spec.

La redazione vuole usare un approccio accurato per perfezionare un lungo brano senza cambiarne il significato. Un processo celere può aiutare, ma deve preservare i nomi Ada Lovelace e Charles Babbage, l’anno 1843 e https://storia.example.org. Il risultato finale dovrebbe dimostrare un miglioramento grande della qualità.",1.0,,,,
it-005+it-006+it-007+it-008,it,unigram,sira,paper_default,"Il sistema di archivio conserva una grande raccolta di testi storici. I ricercatori vogliono valutare un metodo lineare capace di cambiare espressioni comuni preservando le informazioni fattuali. Sofia Martini ha ricordato che il progetto contiene 63 documenti e non consente di modificare la citazione “Indagine sul fiume, 1984” o https://archivio.example.edu.

Un vantaggio importante del nuovo sistema è la capacità di abbassare il lavoro manuale. Il processo può aiutare l’analista, indicare contenuti insoliti e creare un prodotto ovvio. Tuttavia, Priya Neri ha detto che lo strumento non deve sostituire 9 termini legali, nomi personali o collegamenti come https://legge.example.org/policy.

Il gruppo di ingegneria costruirà un sistema sicuro per i testi e testerà tre strategie diverse. Una base lineare può essere rapida, mentre un metodo articolato potrebbe mantenere più informazioni. Oliver Grandi valuterà 42 risultati e il team non cambierà la specifica disponibile su https://ingegneria.example.com/spec.

La redazione vuole impiegare un metodo corretto per migliorare un lungo testo senza cambiarne il significato. Un processo veloce può aiutare, ma deve mantenere i nomi Ada Lovelace e Charles Babbage, l’anno 1843 e https://storia.example.org. Il prodotto finale dovrebbe dimostrare un miglioramento grande della qualità.","Il sistema di archivio conserva una grande raccolta di testi storici. I ricercatori vogliono testare un metodo semplice capace di cambiare espressioni comuni preservando le informazioni fattuali. Sofia Martini ha ricordato che il progetto contiene 63 documenti e non consente di modificare la citazione “Indagine sul fiume, 1984” o https://archivio.example.edu.

Un valore rilevante del nuovo sistema è la capacità di ridurre il lavoro manuale. Il processo può aiutare l’analista, indicare contenuti insoliti e costruire un risultato chiaro. Comunque, Priya Neri ha detto che lo strumento non deve sostituire 9 termini legali, nomi personali o collegamenti come https://legge.example.org/policy.

Il gruppo di ingegneria costruirà un servizio protetto per i testi e testerà tre strategie diverse. Una base semplice può essere rapida, mentre un metodo complesso potrebbe preservare più informazioni. Oliver Grandi valuterà 42 risultati e il team non cambierà la specifica disponibile su https://ingegneria.example.com/spec.

La redazione vuole usare un metodo accurato per migliorare un lungo brano senza cambiarne il significato. Un flusso rapido può aiutare, ma deve mantenere i nomi Ada Lovelace e Charles Babbage, l’anno 1843 e https://storia.example.org. Il risultato finale dovrebbe dimostrare un miglioramento sostanziale della qualità.",1.0,,,,
it-005+it-006+it-007+it-008,it,unigram,bira,paper_proxy,"Il sistema di archivio conserva una grande raccolta di testi storici. I ricercatori vogliono valutare un metodo lineare capace di cambiare espressioni comuni preservando le informazioni fattuali. Sofia Martini ha ricordato che il progetto contiene 63 documenti e non consente di modificare la citazione “Indagine sul fiume, 1984” o https://archivio.example.edu.

Un vantaggio importante del nuovo sistema è la capacità di abbassare il lavoro manuale. Il processo può aiutare l’analista, indicare contenuti insoliti e creare un prodotto ovvio. Tuttavia, Priya Neri ha detto che lo strumento non deve sostituire 9 termini legali, nomi personali o collegamenti come https://legge.example.org/policy.

Il gruppo di ingegneria costruirà un sistema sicuro per i testi e testerà tre strategie diverse. Una base lineare può essere rapida, mentre un metodo articolato potrebbe mantenere più informazioni. Oliver Grandi valuterà 42 risultati e il team non cambierà la specifica disponibile su https://ingegneria.example.com/spec.

La redazione vuole impiegare un metodo corretto per migliorare un lungo testo senza cambiarne il significato. Un processo veloce può aiutare, ma deve mantenere i nomi Ada Lovelace e Charles Babbage, l’anno 1843 e https://storia.example.org. Il prodotto finale dovrebbe dimostrare un miglioramento grande della qualità.","Il sistema di archivio conserva una sostanziale raccolta di testi storici. I ricercatori vogliono testare un metodo semplice capace di cambiare espressioni comuni preservando le informazioni fattuali. Sofia Martini ha ricordato che il progetto contiene 63 documenti e non consente di modificare la citazione “Indagine sul fiume, 1984” o https://archivio.example.edu.

Un valore importante del nuovo sistema è la capacità di ridurre il lavoro manuale. Il processo può aiutare l’analista, indicare contenuti insoliti e costruire un risultato chiaro. Tuttavia, Priya Neri ha detto che lo strumento non deve sostituire 9 termini legali, nomi personali o collegamenti come https://legge.example.org/policy.

Il gruppo di ingegneria costruirà un sistema sicuro per i testi e testerà tre strategie diverse. Una base semplice può essere rapida, mentre un metodo complesso potrebbe mantenere più informazioni. Oliver Grandi valuterà 42 risultati e il team non cambierà la specifica disponibile su https://ingegneria.example.com/spec.

La redazione vuole usare un metodo accurato per migliorare un lungo brano senza cambiarne il significato. Un processo rapido può aiutare, ma deve mantenere i nomi Ada Lovelace e Charles Babbage, l’anno 1843 e https://storia.example.org. Il risultato finale dovrebbe dimostrare un miglioramento sostanziale della qualità.",1.0,,,,
it-005+it-006+it-007+it-008,it,unigram,bira_position_aware,intermediate,"Il sistema di archivio conserva una grande raccolta di testi storici. I ricercatori vogliono valutare un metodo lineare capace di cambiare espressioni comuni preservando le informazioni fattuali. Sofia Martini ha ricordato che il progetto contiene 63 documenti e non consente di modificare la citazione “Indagine sul fiume, 1984” o https://archivio.example.edu.

Un vantaggio importante del nuovo sistema è la capacità di abbassare il lavoro manuale. Il processo può aiutare l’analista, indicare contenuti insoliti e creare un prodotto ovvio. Tuttavia, Priya Neri ha detto che lo strumento non deve sostituire 9 termini legali, nomi personali o collegamenti come https://legge.example.org/policy.

Il gruppo di ingegneria costruirà un sistema sicuro per i testi e testerà tre strategie diverse. Una base lineare può essere rapida, mentre un metodo articolato potrebbe mantenere più informazioni. Oliver Grandi valuterà 42 risultati e il team non cambierà la specifica disponibile su https://ingegneria.example.com/spec.

La redazione vuole impiegare un metodo corretto per migliorare un lungo testo senza cambiarne il significato. Un processo veloce può aiutare, ma deve mantenere i nomi Ada Lovelace e Charles Babbage, l’anno 1843 e https://storia.example.org. Il prodotto finale dovrebbe dimostrare un miglioramento grande della qualità.","Il sistema di archivio conserva una grande raccolta di testi storici. I ricercatori vogliono valutare un metodo semplice capace di cambiare espressioni comuni preservando le informazioni fattuali. Sofia Martini ha ricordato che il progetto contiene 63 documenti e non consente di modificare la citazione “Indagine sul fiume, 1984” o https://archivio.example.edu.

Un valore importante del nuovo sistema è la capacità di ridurre il lavoro manuale. Il processo può aiutare l’analista, indicare contenuti insoliti e creare un risultato ovvio. Tuttavia, Priya Neri ha detto che lo strumento non deve sostituire 9 termini legali, nomi personali o collegamenti come https://legge.example.org/policy.

Il gruppo di ingegneria costruirà un sistema sicuro per i testi e testerà tre strategie diverse. Una base semplice può essere rapida, mentre un metodo complesso potrebbe mantenere più informazioni. Oliver Grandi valuterà 42 risultati e il team non cambierà la specifica disponibile su https://ingegneria.example.com/spec.

La redazione vuole impiegare un metodo accurato per migliorare un lungo brano senza cambiarne il significato. Un processo rapido può aiutare, ma deve mantenere i nomi Ada Lovelace e Charles Babbage, l’anno 1843 e https://storia.example.org. Il risultato finale dovrebbe dimostrare un miglioramento sostanziale della qualità.",1.0,,,,
it-005+it-006+it-007+it-008,it,synthid_tournament,simple_paraphrase,fixed,"Il meccanismo di archivio conserva una sostanziale raccolta di testi storici. I ricercatori vogliono valutare un metodo lineare capace di cambiare espressioni comuni preservando le informazioni fattuali. Sofia Martini ha ricordato che il progetto contiene 63 documenti e non consente di modificare la citazione “Indagine sul fiume, 1984” o https://archivio.example.edu.

Un vantaggio significativo del nuovo meccanismo è la capacità di abbassare il lavoro manuale. Il flusso può aiutare l’analista, indicare contenuti insoliti e produrre un risultato evidente. Eppure, Priya Neri ha detto che lo strumento non deve sostituire 9 termini legali, nomi personali o collegamenti come https://legge.example.org/policy.

Il gruppo di ingegneria costruirà un sistema protetto per i testi e testerà tre strategie diverse. Una base semplice può essere rapida, mentre un approccio articolato potrebbe conservare più informazioni. Oliver Grandi valuterà 42 risultati e il team non cambierà la specifica disponibile su https://ingegneria.example.com/spec.

La redazione vuole impiegare un metodo preciso per migliorare un lungo brano senza cambiarne il significato. Un percorso celere può aiutare, ma deve conservare i nomi Ada Lovelace e Charles Babbage, l’anno 1843 e https://storia.example.org. Il esito finale dovrebbe dimostrare un miglioramento sostanziale della qualità.","Il sistema di archivio conserva una sostanziale raccolta di testi storici. I ricercatori vogliono valutare un approccio essenziale capace di cambiare espressioni comuni preservando le informazioni fattuali. Sofia Martini ha ricordato che il progetto contiene 63 documenti e non consente di modificare la citazione “Indagine sul fiume, 1984” o https://archivio.example.edu.

Un valore significativo del nuovo sistema è la capacità di abbassare il lavoro manuale. Il percorso può aiutare l’analista, indicare contenuti insoliti e creare un esito ovvio. Tuttavia, Priya Neri ha detto che lo strumento non deve sostituire 9 termini legali, nomi personali o collegamenti come https://legge.example.org/policy.

Il gruppo di ingegneria costruirà un sistema affidabile per i testi e testerà tre strategie diverse. Una base semplice può essere rapida, mentre un approccio complesso potrebbe mantenere più informazioni. Oliver Grandi valuterà 42 risultati e il team non cambierà la specifica disponibile su https://ingegneria.example.com/spec.

La redazione vuole usare un approccio corretto per perfezionare un lungo contenuto senza cambiarne il significato. Un percorso celere può aiutare, ma deve mantenere i nomi Ada Lovelace e Charles Babbage, l’anno 1843 e https://storia.example.org. Il prodotto finale dovrebbe dimostrare un miglioramento sostanziale della qualità.",1.0,,,,
it-005+it-006+it-007+it-008,it,synthid_tournament,sira,paper_default,"Il meccanismo di archivio conserva una sostanziale raccolta di testi storici. I ricercatori vogliono valutare un metodo lineare capace di cambiare espressioni comuni preservando le informazioni fattuali. Sofia Martini ha ricordato che il progetto contiene 63 documenti e non consente di modificare la citazione “Indagine sul fiume, 1984” o https://archivio.example.edu.

Un vantaggio significativo del nuovo meccanismo è la capacità di abbassare il lavoro manuale. Il flusso può aiutare l’analista, indicare contenuti insoliti e produrre un risultato evidente. Eppure, Priya Neri ha detto che lo strumento non deve sostituire 9 termini legali, nomi personali o collegamenti come https://legge.example.org/policy.

Il gruppo di ingegneria costruirà un sistema protetto per i testi e testerà tre strategie diverse. Una base semplice può essere rapida, mentre un approccio articolato potrebbe conservare più informazioni. Oliver Grandi valuterà 42 risultati e il team non cambierà la specifica disponibile su https://ingegneria.example.com/spec.

La redazione vuole impiegare un metodo preciso per migliorare un lungo brano senza cambiarne il significato. Un percorso celere può aiutare, ma deve conservare i nomi Ada Lovelace e Charles Babbage, l’anno 1843 e https://storia.example.org. Il esito finale dovrebbe dimostrare un miglioramento sostanziale della qualità.","Il sistema di archivio conserva una grande raccolta di testi storici. I ricercatori vogliono valutare un metodo semplice capace di cambiare espressioni comuni preservando le informazioni fattuali. Sofia Martini ha ricordato che il progetto contiene 63 documenti e non consente di modificare la citazione “Indagine sul fiume, 1984” o https://archivio.example.edu.

Un valore importante del nuovo sistema è la capacità di ridurre il lavoro manuale. Il processo può aiutare l’analista, indicare contenuti insoliti e creare un risultato chiaro. Tuttavia, Priya Neri ha detto che lo strumento non deve sostituire 9 termini legali, nomi personali o collegamenti come https://legge.example.org/policy.

Il gruppo di ingegneria costruirà un sistema sicuro per i testi e testerà tre strategie diverse. Una base semplice può essere rapida, mentre un approccio complesso potrebbe mantenere più informazioni. Oliver Grandi valuterà 42 risultati e il team non cambierà la specifica disponibile su https://ingegneria.example.com/spec.

La redazione vuole usare un metodo accurato per migliorare un lungo testo senza cambiarne il significato. Un processo rapido può aiutare, ma deve mantenere i nomi Ada Lovelace e Charles Babbage, l’anno 1843 e https://storia.example.org. Il risultato finale dovrebbe dimostrare un miglioramento sostanziale della qualità.",1.0,,,,
it-005+it-006+it-007+it-008,it,synthid_tournament,bira,paper_proxy,"Il meccanismo di archivio conserva una sostanziale raccolta di testi storici. I ricercatori vogliono valutare un metodo lineare capace di cambiare espressioni comuni preservando le informazioni fattuali. Sofia Martini ha ricordato che il progetto contiene 63 documenti e non consente di modificare la citazione “Indagine sul fiume, 1984” o https://archivio.example.edu.

Un vantaggio significativo del nuovo meccanismo è la capacità di abbassare il lavoro manuale. Il flusso può aiutare l’analista, indicare contenuti insoliti e produrre un risultato evidente. Eppure, Priya Neri ha detto che lo strumento non deve sostituire 9 termini legali, nomi personali o collegamenti come https://legge.example.org/policy.

Il gruppo di ingegneria costruirà un sistema protetto per i testi e testerà tre strategie diverse. Una base semplice può essere rapida, mentre un approccio articolato potrebbe conservare più informazioni. Oliver Grandi valuterà 42 risultati e il team non cambierà la specifica disponibile su https://ingegneria.example.com/spec.

La redazione vuole impiegare un metodo preciso per migliorare un lungo brano senza cambiarne il significato. Un percorso celere può aiutare, ma deve conservare i nomi Ada Lovelace e Charles Babbage, l’anno 1843 e https://storia.example.org. Il esito finale dovrebbe dimostrare un miglioramento sostanziale della qualità.","Il sistema di archivio conserva una grande raccolta di testi storici. I ricercatori vogliono testare un metodo semplice capace di cambiare espressioni comuni preservando le informazioni fattuali. Sofia Martini ha ricordato che il progetto contiene 63 documenti e non consente di modificare la citazione “Indagine sul fiume, 1984” o https://archivio.example.edu.

Un valore importante del nuovo sistema è la capacità di ridurre il lavoro manuale. Il processo può aiutare l’analista, indicare contenuti insoliti e creare un risultato chiaro. Tuttavia, Priya Neri ha detto che lo strumento non deve sostituire 9 termini legali, nomi personali o collegamenti come https://legge.example.org/policy.

Il gruppo di ingegneria costruirà un sistema sicuro per i testi e testerà tre strategie diverse. Una base semplice può essere rapida, mentre un metodo complesso potrebbe mantenere più informazioni. Oliver Grandi valuterà 42 risultati e il team non cambierà la specifica disponibile su https://ingegneria.example.com/spec.

La redazione vuole usare un metodo accurato per migliorare un lungo testo senza cambiarne il significato. Un processo rapido può aiutare, ma deve mantenere i nomi Ada Lovelace e Charles Babbage, l’anno 1843 e https://storia.example.org. Il risultato finale dovrebbe dimostrare un miglioramento grande della qualità.",1.0,,,,
it-005+it-006+it-007+it-008,it,synthid_tournament,bira_position_aware,intermediate,"Il meccanismo di archivio conserva una sostanziale raccolta di testi storici. I ricercatori vogliono valutare un metodo lineare capace di cambiare espressioni comuni preservando le informazioni fattuali. Sofia Martini ha ricordato che il progetto contiene 63 documenti e non consente di modificare la citazione “Indagine sul fiume, 1984” o https://archivio.example.edu.

Un vantaggio significativo del nuovo meccanismo è la capacità di abbassare il lavoro manuale. Il flusso può aiutare l’analista, indicare contenuti insoliti e produrre un risultato evidente. Eppure, Priya Neri ha detto che lo strumento non deve sostituire 9 termini legali, nomi personali o collegamenti come https://legge.example.org/policy.

Il gruppo di ingegneria costruirà un sistema protetto per i testi e testerà tre strategie diverse. Una base semplice può essere rapida, mentre un approccio articolato potrebbe conservare più informazioni. Oliver Grandi valuterà 42 risultati e il team non cambierà la specifica disponibile su https://ingegneria.example.com/spec.

La redazione vuole impiegare un metodo preciso per migliorare un lungo brano senza cambiarne il significato. Un percorso celere può aiutare, ma deve conservare i nomi Ada Lovelace e Charles Babbage, l’anno 1843 e https://storia.example.org. Il esito finale dovrebbe dimostrare un miglioramento sostanziale della qualità.","Il sistema di archivio conserva una sostanziale raccolta di testi storici. I ricercatori vogliono valutare un metodo semplice capace di cambiare espressioni comuni preservando le informazioni fattuali. Sofia Martini ha ricordato che il progetto contiene 63 documenti e non consente di modificare la citazione “Indagine sul fiume, 1984” o https://archivio.example.edu.

Un valore significativo del nuovo sistema è la capacità di ridurre il lavoro manuale. Il flusso può aiutare l’analista, indicare contenuti insoliti e creare un risultato evidente. Tuttavia, Priya Neri ha detto che lo strumento non deve sostituire 9 termini legali, nomi personali o collegamenti come https://legge.example.org/policy.

Il gruppo di ingegneria costruirà un sistema protetto per i testi e testerà tre strategie diverse. Una base semplice può essere rapida, mentre un approccio complesso potrebbe conservare più informazioni. Oliver Grandi valuterà 42 risultati e il team non cambierà la specifica disponibile su https://ingegneria.example.com/spec.

La redazione vuole usare un metodo preciso per migliorare un lungo brano senza cambiarne il significato. Un processo celere può aiutare, ma deve mantenere i nomi Ada Lovelace e Charles Babbage, l’anno 1843 e https://storia.example.org. Il esito finale dovrebbe dimostrare un miglioramento sostanziale della qualità.",1.0,,,,
it-006+it-007+it-008+it-001,it,kgw,simple_paraphrase,fixed,"Un vantaggio significativo del nuovo sistema è la capacità di ridurre il lavoro manuale. Il processo può aiutare l’analista, indicare contenuti insoliti e produrre un risultato chiaro. Tuttavia, Priya Neri ha detto che lo strumento non deve sostituire 9 termini legali, nomi personali o collegamenti come https://legge.example.org/policy.

Il gruppo di ingegneria costruirà un servizio sicuro per i testi e testerà tre strategie diverse. Una base lineare può essere rapida, mentre un criterio difficile potrebbe conservare più informazioni. Oliver Grandi valuterà 42 risultati e il team non cambierà la specifica disponibile su https://ingegneria.example.com/spec.

La redazione vuole utilizzare un criterio accurato per raffinare un lungo brano senza cambiarne il significato. Un flusso celere può aiutare, ma deve preservare i nomi Ada Lovelace e Charles Babbage, l’anno 1843 e https://storia.example.org. Il prodotto finale dovrebbe dimostrare un miglioramento grande della qualità.

Il gruppo di ricerca vuole partire con un criterio essenziale e impiegare valori accurati per valutare il meccanismo. Elena Rossi controllerà 24 rapporti entro venerdì, mentre il meccanismo deve preservare ogni URL come https://example.org/rapporto. Il prodotto dovrebbe mostrare se un piccolo cambiamento può raffinare la qualità senza alterare nomi o numeri.","Un valore significativo del nuovo sistema è la capacità di diminuire il lavoro manuale. Il flusso può aiutare l’analista, indicare contenuti insoliti e produrre un esito chiaro. Comunque, Priya Neri ha detto che lo strumento non deve sostituire 9 termini legali, nomi personali o collegamenti come https://legge.example.org/policy.

Il gruppo di ingegneria costruirà un meccanismo protetto per i testi e testerà tre strategie diverse. Una base lineare può essere rapida, mentre un metodo articolato potrebbe mantenere più informazioni. Oliver Grandi valuterà 42 risultati e il team non cambierà la specifica disponibile su https://ingegneria.example.com/spec.

La redazione vuole impiegare un criterio accurato per migliorare un lungo contenuto senza cambiarne il significato. Un percorso celere può aiutare, ma deve conservare i nomi Ada Lovelace e Charles Babbage, l’anno 1843 e https://storia.example.org. Il risultato finale dovrebbe dimostrare un miglioramento sostanziale della qualità.

Il gruppo di ricerca vuole partire con un metodo semplice e usare dati accurati per esaminare il meccanismo. Elena Rossi controllerà 24 rapporti entro venerdì, mentre il sistema deve preservare ogni URL come https://example.org/rapporto. Il risultato dovrebbe mostrare se un piccolo cambiamento può migliorare la qualità senza alterare nomi o numeri.",1.0,,,,
it-006+it-007+it-008+it-001,it,kgw,sira,paper_default,"Un vantaggio significativo del nuovo sistema è la capacità di ridurre il lavoro manuale. Il processo può aiutare l’analista, indicare contenuti insoliti e produrre un risultato chiaro. Tuttavia, Priya Neri ha detto che lo strumento non deve sostituire 9 termini legali, nomi personali o collegamenti come https://legge.example.org/policy.

Il gruppo di ingegneria costruirà un servizio sicuro per i testi e testerà tre strategie diverse. Una base lineare può essere rapida, mentre un criterio difficile potrebbe conservare più informazioni. Oliver Grandi valuterà 42 risultati e il team non cambierà la specifica disponibile su https://ingegneria.example.com/spec.

La redazione vuole utilizzare un criterio accurato per raffinare un lungo brano senza cambiarne il significato. Un flusso celere può aiutare, ma deve preservare i nomi Ada Lovelace e Charles Babbage, l’anno 1843 e https://storia.example.org. Il prodotto finale dovrebbe dimostrare un miglioramento grande della qualità.

Il gruppo di ricerca vuole partire con un criterio essenziale e impiegare valori accurati per valutare il meccanismo. Elena Rossi controllerà 24 rapporti entro venerdì, mentre il meccanismo deve preservare ogni URL come https://example.org/rapporto. Il prodotto dovrebbe mostrare se un piccolo cambiamento può raffinare la qualità senza alterare nomi o numeri.","Un valore importante del nuovo sistema è la capacità di ridurre il lavoro manuale. Il processo può aiutare l’analista, indicare contenuti insoliti e creare un risultato chiaro. Tuttavia, Priya Neri ha detto che lo strumento non deve sostituire 9 termini legali, nomi personali o collegamenti come https://legge.example.org/policy.

Il gruppo di ingegneria costruirà un servizio sicuro per i testi e testerà tre strategie diverse. Una base semplice può essere rapida, mentre un metodo complesso potrebbe mantenere più informazioni. Oliver Grandi valuterà 42 risultati e il team non cambierà la specifica disponibile su https://ingegneria.example.com/spec.

La redazione vuole usare un metodo accurato per migliorare un lungo testo senza cambiarne il significato. Un processo rapido può aiutare, ma deve mantenere i nomi Ada Lovelace e Charles Babbage, l’anno 1843 e https://storia.example.org. Il risultato finale dovrebbe dimostrare un miglioramento grande della qualità.

Il gruppo di ricerca vuole iniziare con un metodo semplice e usare dati accurati per testare il sistema. Elena Rossi controllerà 24 rapporti entro venerdì, mentre il sistema deve mantenere ogni URL come https://example.org/rapporto. Il risultato dovrebbe mostrare se un piccolo cambiamento può migliorare la qualità senza alterare nomi o numeri.",1.0,,,,
it-006+it-007+it-008+it-001,it,kgw,bira,paper_proxy,"Un vantaggio significativo del nuovo sistema è la capacità di ridurre il lavoro manuale. Il processo può aiutare l’analista, indicare contenuti insoliti e produrre un risultato chiaro. Tuttavia, Priya Neri ha detto che lo strumento non deve sostituire 9 termini legali, nomi personali o collegamenti come https://legge.example.org/policy.

Il gruppo di ingegneria costruirà un servizio sicuro per i testi e testerà tre strategie diverse. Una base lineare può essere rapida, mentre un criterio difficile potrebbe conservare più informazioni. Oliver Grandi valuterà 42 risultati e il team non cambierà la specifica disponibile su https://ingegneria.example.com/spec.

La redazione vuole utilizzare un criterio accurato per raffinare un lungo brano senza cambiarne il significato. Un flusso celere può aiutare, ma deve preservare i nomi Ada Lovelace e Charles Babbage, l’anno 1843 e https://storia.example.org. Il prodotto finale dovrebbe dimostrare un miglioramento grande della qualità.

Il gruppo di ricerca vuole partire con un criterio essenziale e impiegare valori accurati per valutare il meccanismo. Elena Rossi controllerà 24 rapporti entro venerdì, mentre il meccanismo deve preservare ogni URL come https://example.org/rapporto. Il prodotto dovrebbe mostrare se un piccolo cambiamento può raffinare la qualità senza alterare nomi o numeri.","Un valore importante del nuovo sistema è la capacità di ridurre il lavoro manuale. Il processo può aiutare l’analista, indicare contenuti insoliti e creare un risultato chiaro. Tuttavia, Priya Neri ha detto che lo strumento non deve sostituire 9 termini legali, nomi personali o collegamenti come https://legge.example.org/policy.

Il gruppo di ingegneria costruirà un sistema sicuro per i testi e testerà tre strategie diverse. Una base semplice può essere rapida, mentre un metodo complesso potrebbe mantenere più informazioni. Oliver Grandi valuterà 42 risultati e il team non cambierà la specifica disponibile su https://ingegneria.example.com/spec.

La redazione vuole usare un metodo accurato per migliorare un lungo testo senza cambiarne il significato. Un processo rapido può aiutare, ma deve mantenere i nomi Ada Lovelace e Charles Babbage, l’anno 1843 e https://storia.example.org. Il risultato finale dovrebbe dimostrare un miglioramento grande della qualità.

Il gruppo di ricerca vuole iniziare con un metodo semplice e usare dati accurati per testare il sistema. Elena Rossi controllerà 24 rapporti entro venerdì, mentre il sistema deve mantenere ogni URL come https://example.org/rapporto. Il risultato dovrebbe mostrare se un piccolo cambiamento può migliorare la qualità senza alterare nomi o numeri.",1.0,,,,
it-006+it-007+it-008+it-001,it,kgw,bira_position_aware,conservative,"Un vantaggio significativo del nuovo sistema è la capacità di ridurre il lavoro manuale. Il processo può aiutare l’analista, indicare contenuti insoliti e produrre un risultato chiaro. Tuttavia, Priya Neri ha detto che lo strumento non deve sostituire 9 termini legali, nomi personali o collegamenti come https://legge.example.org/policy.

Il gruppo di ingegneria costruirà un servizio sicuro per i testi e testerà tre strategie diverse. Una base lineare può essere rapida, mentre un criterio difficile potrebbe conservare più informazioni. Oliver Grandi valuterà 42 risultati e il team non cambierà la specifica disponibile su https://ingegneria.example.com/spec.

La redazione vuole utilizzare un criterio accurato per raffinare un lungo brano senza cambiarne il significato. Un flusso celere può aiutare, ma deve preservare i nomi Ada Lovelace e Charles Babbage, l’anno 1843 e https://storia.example.org. Il prodotto finale dovrebbe dimostrare un miglioramento grande della qualità.

Il gruppo di ricerca vuole partire con un criterio essenziale e impiegare valori accurati per valutare il meccanismo. Elena Rossi controllerà 24 rapporti entro venerdì, mentre il meccanismo deve preservare ogni URL come https://example.org/rapporto. Il prodotto dovrebbe mostrare se un piccolo cambiamento può raffinare la qualità senza alterare nomi o numeri.","Un valore significativo del nuovo sistema è la capacità di ridurre il lavoro manuale. Il processo può aiutare l’analista, indicare contenuti insoliti e produrre un risultato chiaro. Tuttavia, Priya Neri ha detto che lo strumento non deve sostituire 9 termini legali, nomi personali o collegamenti come https://legge.example.org/policy.

Il gruppo di ingegneria costruirà un servizio sicuro per i testi e testerà tre strategie diverse. Una base lineare può essere rapida, mentre un metodo difficile potrebbe conservare più informazioni. Oliver Grandi valuterà 42 risultati e il team non cambierà la specifica disponibile su https://ingegneria.example.com/spec.

La redazione vuole utilizzare un criterio accurato per raffinare un lungo brano senza cambiarne il significato. Un flusso celere può aiutare, ma deve preservare i nomi Ada Lovelace e Charles Babbage, l’anno 1843 e https://storia.example.org. Il risultato finale dovrebbe dimostrare un miglioramento grande della qualità.

Il gruppo di ricerca vuole partire con un criterio essenziale e impiegare valori accurati per valutare il sistema. Elena Rossi controllerà 24 rapporti entro venerdì, mentre il sistema deve preservare ogni URL come https://example.org/rapporto. Il risultato dovrebbe mostrare se un piccolo cambiamento può raffinare la qualità senza alterare nomi o numeri.",1.0,,,,
it-006+it-007+it-008+it-001,it,unigram,simple_paraphrase,fixed,"Un vantaggio importante del nuovo sistema è la capacità di abbassare il lavoro manuale. Il processo può aiutare l’analista, indicare contenuti insoliti e creare un prodotto ovvio. Tuttavia, Priya Neri ha detto che lo strumento non deve sostituire 9 termini legali, nomi personali o collegamenti come https://legge.example.org/policy.

Il gruppo di ingegneria costruirà un sistema sicuro per i testi e testerà tre strategie diverse. Una base lineare può essere rapida, mentre un metodo articolato potrebbe mantenere più informazioni. Oliver Grandi valuterà 42 risultati e il team non cambierà la specifica disponibile su https://ingegneria.example.com/spec.

La redazione vuole impiegare un metodo corretto per migliorare un lungo testo senza cambiarne il significato. Un processo veloce può aiutare, ma deve mantenere i nomi Ada Lovelace e Charles Babbage, l’anno 1843 e https://storia.example.org. Il prodotto finale dovrebbe dimostrare un miglioramento grande della qualità.

Il gruppo di ricerca vuole cominciare con un metodo lineare e impiegare dati accurati per valutare il sistema. Elena Rossi controllerà 24 rapporti entro venerdì, mentre il sistema deve mantenere ogni URL come https://example.org/rapporto. Il prodotto dovrebbe mostrare se un limitato cambiamento può migliorare la qualità senza alterare nomi o numeri.","Un valore rilevante del nuovo sistema è la capacità di abbassare il lavoro manuale. Il flusso può aiutare l’analista, indicare contenuti insoliti e creare un prodotto ovvio. Comunque, Priya Neri ha detto che lo strumento non deve sostituire 9 termini legali, nomi personali o collegamenti come https://legge.example.org/policy.

Il gruppo di ingegneria costruirà un sistema protetto per i testi e testerà tre strategie diverse. Una base lineare può essere rapida, mentre un approccio complesso potrebbe preservare più informazioni. Oliver Grandi valuterà 42 risultati e il team non cambierà la specifica disponibile su https://ingegneria.example.com/spec.

La redazione vuole usare un metodo accurato per perfezionare un lungo testo senza cambiarne il significato. Un flusso veloce può aiutare, ma deve preservare i nomi Ada Lovelace e Charles Babbage, l’anno 1843 e https://storia.example.org. Il risultato finale dovrebbe dimostrare un miglioramento sostanziale della qualità.

Il gruppo di ricerca vuole partire con un approccio essenziale e usare elementi accurati per esaminare il sistema. Elena Rossi controllerà 24 rapporti entro venerdì, mentre il servizio deve preservare ogni URL come https://example.org/rapporto. Il risultato dovrebbe mostrare se un piccolo cambiamento può migliorare la qualità senza alterare nomi o numeri.",1.0,,,,
it-006+it-007+it-008+it-001,it,unigram,sira,paper_default,"Un vantaggio importante del nuovo sistema è la capacità di abbassare il lavoro manuale. Il processo può aiutare l’analista, indicare contenuti insoliti e creare un prodotto ovvio. Tuttavia, Priya Neri ha detto che lo strumento non deve sostituire 9 termini legali, nomi personali o collegamenti come https://legge.example.org/policy.

Il gruppo di ingegneria costruirà un sistema sicuro per i testi e testerà tre strategie diverse. Una base lineare può essere rapida, mentre un metodo articolato potrebbe mantenere più informazioni. Oliver Grandi valuterà 42 risultati e il team non cambierà la specifica disponibile su https://ingegneria.example.com/spec.

La redazione vuole impiegare un metodo corretto per migliorare un lungo testo senza cambiarne il significato. Un processo veloce può aiutare, ma deve mantenere i nomi Ada Lovelace e Charles Babbage, l’anno 1843 e https://storia.example.org. Il prodotto finale dovrebbe dimostrare un miglioramento grande della qualità.

Il gruppo di ricerca vuole cominciare con un metodo lineare e impiegare dati accurati per valutare il sistema. Elena Rossi controllerà 24 rapporti entro venerdì, mentre il sistema deve mantenere ogni URL come https://example.org/rapporto. Il prodotto dovrebbe mostrare se un limitato cambiamento può migliorare la qualità senza alterare nomi o numeri.","Un valore rilevante del nuovo sistema è la capacità di ridurre il lavoro manuale. Il processo può aiutare l’analista, indicare contenuti insoliti e costruire un risultato chiaro. Comunque, Priya Neri ha detto che lo strumento non deve sostituire 9 termini legali, nomi personali o collegamenti come https://legge.example.org/policy.

Il gruppo di ingegneria costruirà un servizio protetto per i testi e testerà tre strategie diverse. Una base semplice può essere rapida, mentre un metodo complesso potrebbe preservare più informazioni. Oliver Grandi valuterà 42 risultati e il team non cambierà la specifica disponibile su https://ingegneria.example.com/spec.

La redazione vuole usare un metodo accurato per migliorare un lungo brano senza cambiarne il significato. Un flusso rapido può aiutare, ma deve mantenere i nomi Ada Lovelace e Charles Babbage, l’anno 1843 e https://storia.example.org. Il risultato finale dovrebbe dimostrare un miglioramento sostanziale della qualità.

Il gruppo di ricerca vuole iniziare con un metodo semplice e usare elementi accurati per testare il sistema. Elena Rossi controllerà 24 rapporti entro venerdì, mentre il sistema deve mantenere ogni URL come https://example.org/rapporto. Il risultato dovrebbe mostrare se un piccolo cambiamento può migliorare la qualità senza alterare nomi o numeri.",1.0,,,,
it-006+it-007+it-008+it-001,it,unigram,bira,paper_proxy,"Un vantaggio importante del nuovo sistema è la capacità di abbassare il lavoro manuale. Il processo può aiutare l’analista, indicare contenuti insoliti e creare un prodotto ovvio. Tuttavia, Priya Neri ha detto che lo strumento non deve sostituire 9 termini legali, nomi personali o collegamenti come https://legge.example.org/policy.

Il gruppo di ingegneria costruirà un sistema sicuro per i testi e testerà tre strategie diverse. Una base lineare può essere rapida, mentre un metodo articolato potrebbe mantenere più informazioni. Oliver Grandi valuterà 42 risultati e il team non cambierà la specifica disponibile su https://ingegneria.example.com/spec.

La redazione vuole impiegare un metodo corretto per migliorare un lungo testo senza cambiarne il significato. Un processo veloce può aiutare, ma deve mantenere i nomi Ada Lovelace e Charles Babbage, l’anno 1843 e https://storia.example.org. Il prodotto finale dovrebbe dimostrare un miglioramento grande della qualità.

Il gruppo di ricerca vuole cominciare con un metodo lineare e impiegare dati accurati per valutare il sistema. Elena Rossi controllerà 24 rapporti entro venerdì, mentre il sistema deve mantenere ogni URL come https://example.org/rapporto. Il prodotto dovrebbe mostrare se un limitato cambiamento può migliorare la qualità senza alterare nomi o numeri.","Un valore importante del nuovo sistema è la capacità di ridurre il lavoro manuale. Il processo può aiutare l’analista, indicare contenuti insoliti e costruire un risultato chiaro. Tuttavia, Priya Neri ha detto che lo strumento non deve sostituire 9 termini legali, nomi personali o collegamenti come https://legge.example.org/policy.

Il gruppo di ingegneria costruirà un sistema sicuro per i testi e testerà tre strategie diverse. Una base semplice può essere rapida, mentre un metodo complesso potrebbe mantenere più informazioni. Oliver Grandi valuterà 42 risultati e il team non cambierà la specifica disponibile su https://ingegneria.example.com/spec.

La redazione vuole usare un metodo accurato per migliorare un lungo brano senza cambiarne il significato. Un processo rapido può aiutare, ma deve mantenere i nomi Ada Lovelace e Charles Babbage, l’anno 1843 e https://storia.example.org. Il risultato finale dovrebbe dimostrare un miglioramento sostanziale della qualità.

Il gruppo di ricerca vuole iniziare con un metodo semplice e usare dati accurati per testare il sistema. Elena Rossi controllerà 24 rapporti entro venerdì, mentre il sistema deve mantenere ogni URL come https://example.org/rapporto. Il risultato dovrebbe mostrare se un piccolo cambiamento può migliorare la qualità senza alterare nomi o numeri.",1.0,,,,
it-006+it-007+it-008+it-001,it,unigram,bira_position_aware,intermediate,"Un vantaggio importante del nuovo sistema è la capacità di abbassare il lavoro manuale. Il processo può aiutare l’analista, indicare contenuti insoliti e creare un prodotto ovvio. Tuttavia, Priya Neri ha detto che lo strumento non deve sostituire 9 termini legali, nomi personali o collegamenti come https://legge.example.org/policy.

Il gruppo di ingegneria costruirà un sistema sicuro per i testi e testerà tre strategie diverse. Una base lineare può essere rapida, mentre un metodo articolato potrebbe mantenere più informazioni. Oliver Grandi valuterà 42 risultati e il team non cambierà la specifica disponibile su https://ingegneria.example.com/spec.

La redazione vuole impiegare un metodo corretto per migliorare un lungo testo senza cambiarne il significato. Un processo veloce può aiutare, ma deve mantenere i nomi Ada Lovelace e Charles Babbage, l’anno 1843 e https://storia.example.org. Il prodotto finale dovrebbe dimostrare un miglioramento grande della qualità.

Il gruppo di ricerca vuole cominciare con un metodo lineare e impiegare dati accurati per valutare il sistema. Elena Rossi controllerà 24 rapporti entro venerdì, mentre il sistema deve mantenere ogni URL come https://example.org/rapporto. Il prodotto dovrebbe mostrare se un limitato cambiamento può migliorare la qualità senza alterare nomi o numeri.","Un valore importante del nuovo sistema è la capacità di ridurre il lavoro manuale. Il processo può aiutare l’analista, indicare contenuti insoliti e creare un risultato ovvio. Tuttavia, Priya Neri ha detto che lo strumento non deve sostituire 9 termini legali, nomi personali o collegamenti come https://legge.example.org/policy.

Il gruppo di ingegneria costruirà un sistema sicuro per i testi e testerà tre strategie diverse. Una base semplice può essere rapida, mentre un metodo complesso potrebbe mantenere più informazioni. Oliver Grandi valuterà 42 risultati e il team non cambierà la specifica disponibile su https://ingegneria.example.com/spec.

La redazione vuole impiegare un metodo accurato per migliorare un lungo testo senza cambiarne il significato. Un processo rapido può aiutare, ma deve mantenere i nomi Ada Lovelace e Charles Babbage, l’anno 1843 e https://storia.example.org. Il risultato finale dovrebbe dimostrare un miglioramento grande della qualità.

Il gruppo di ricerca vuole iniziare con un metodo lineare e usare dati accurati per testare il sistema. Elena Rossi controllerà 24 rapporti entro venerdì, mentre il sistema deve mantenere ogni URL come https://example.org/rapporto. Il risultato dovrebbe mostrare se un piccolo cambiamento può migliorare la qualità senza alterare nomi o numeri.",1.0,,,,
it-006+it-007+it-008+it-001,it,synthid_tournament,simple_paraphrase,fixed,"Un beneficio importante del nuovo meccanismo è la capacità di abbassare il lavoro manuale. Il flusso può aiutare l’analista, indicare contenuti insoliti e produrre un risultato evidente. Eppure, Priya Neri ha detto che lo strumento non deve sostituire 9 termini legali, nomi personali o collegamenti come https://legge.example.org/policy.

Il gruppo di ingegneria costruirà un sistema protetto per i testi e testerà tre strategie diverse. Una base semplice può essere rapida, mentre un approccio articolato potrebbe conservare più informazioni. Oliver Grandi valuterà 42 risultati e il team non cambierà la specifica disponibile su https://ingegneria.example.com/spec.

La redazione vuole impiegare un metodo preciso per migliorare un lungo brano senza cambiarne il significato. Un percorso celere può aiutare, ma deve conservare i nomi Ada Lovelace e Charles Babbage, l’anno 1843 e https://storia.example.org. Il esito finale dovrebbe dimostrare un miglioramento sostanziale della qualità.

Il gruppo di ricerca vuole cominciare con un approccio lineare e impiegare dati accurati per valutare il meccanismo. Elena Rossi controllerà 24 rapporti entro venerdì, mentre il meccanismo deve conservare ogni URL come https://example.org/rapporto. Il esito dovrebbe mostrare se un piccolo cambiamento può raffinare la qualità senza alterare nomi o numeri.","Un vantaggio rilevante del nuovo sistema è la capacità di abbassare il lavoro manuale. Il percorso può aiutare l’analista, indicare contenuti insoliti e produrre un esito evidente. Tuttavia, Priya Neri ha detto che lo strumento non deve sostituire 9 termini legali, nomi personali o collegamenti come https://legge.example.org/policy.

Il gruppo di ingegneria costruirà un sistema protetto per i testi e testerà tre strategie diverse. Una base lineare può essere rapida, mentre un criterio complesso potrebbe mantenere più informazioni. Oliver Grandi valuterà 42 risultati e il team non cambierà la specifica disponibile su https://ingegneria.example.com/spec.

La redazione vuole usare un metodo corretto per perfezionare un lungo contenuto senza cambiarne il significato. Un percorso celere può aiutare, ma deve conservare i nomi Ada Lovelace e Charles Babbage, l’anno 1843 e https://storia.example.org. Il esito finale dovrebbe dimostrare un miglioramento considerevole della qualità.

Il gruppo di ricerca vuole partire con un criterio essenziale e usare elementi accurati per esaminare il meccanismo. Elena Rossi controllerà 24 rapporti entro venerdì, mentre il sistema deve mantenere ogni URL come https://example.org/rapporto. Il prodotto dovrebbe mostrare se un piccolo cambiamento può migliorare la qualità senza alterare nomi o numeri.",1.0,,,,
it-006+it-007+it-008+it-001,it,synthid_tournament,sira,paper_default,"Un beneficio importante del nuovo meccanismo è la capacità di abbassare il lavoro manuale. Il flusso può aiutare l’analista, indicare contenuti insoliti e produrre un risultato evidente. Eppure, Priya Neri ha detto che lo strumento non deve sostituire 9 termini legali, nomi personali o collegamenti come https://legge.example.org/policy.

Il gruppo di ingegneria costruirà un sistema protetto per i testi e testerà tre strategie diverse. Una base semplice può essere rapida, mentre un approccio articolato potrebbe conservare più informazioni. Oliver Grandi valuterà 42 risultati e il team non cambierà la specifica disponibile su https://ingegneria.example.com/spec.

La redazione vuole impiegare un metodo preciso per migliorare un lungo brano senza cambiarne il significato. Un percorso celere può aiutare, ma deve conservare i nomi Ada Lovelace e Charles Babbage, l’anno 1843 e https://storia.example.org. Il esito finale dovrebbe dimostrare un miglioramento sostanziale della qualità.

Il gruppo di ricerca vuole cominciare con un approccio lineare e impiegare dati accurati per valutare il meccanismo. Elena Rossi controllerà 24 rapporti entro venerdì, mentre il meccanismo deve conservare ogni URL come https://example.org/rapporto. Il esito dovrebbe mostrare se un piccolo cambiamento può raffinare la qualità senza alterare nomi o numeri.","Un valore importante del nuovo sistema è la capacità di ridurre il lavoro manuale. Il processo può aiutare l’analista, indicare contenuti insoliti e creare un risultato chiaro. Tuttavia, Priya Neri ha detto che lo strumento non deve sostituire 9 termini legali, nomi personali o collegamenti come https://legge.example.org/policy.

Il gruppo di ingegneria costruirà un sistema sicuro per i testi e testerà tre strategie diverse. Una base semplice può essere rapida, mentre un approccio complesso potrebbe mantenere più informazioni. Oliver Grandi valuterà 42 risultati e il team non cambierà la specifica disponibile su https://ingegneria.example.com/spec.

La redazione vuole usare un metodo accurato per migliorare un lungo testo senza cambiarne il significato. Un processo rapido può aiutare, ma deve mantenere i nomi Ada Lovelace e Charles Babbage, l’anno 1843 e https://storia.example.org. Il risultato finale dovrebbe dimostrare un miglioramento sostanziale della qualità.

Il gruppo di ricerca vuole iniziare con un approccio semplice e usare dati accurati per testare il sistema. Elena Rossi controllerà 24 rapporti entro venerdì, mentre il sistema deve mantenere ogni URL come https://example.org/rapporto. Il risultato dovrebbe mostrare se un piccolo cambiamento può migliorare la qualità senza alterare nomi o numeri.",1.0,,,,
it-006+it-007+it-008+it-001,it,synthid_tournament,bira,paper_proxy,"Un beneficio importante del nuovo meccanismo è la capacità di abbassare il lavoro manuale. Il flusso può aiutare l’analista, indicare contenuti insoliti e produrre un risultato evidente. Eppure, Priya Neri ha detto che lo strumento non deve sostituire 9 termini legali, nomi personali o collegamenti come https://legge.example.org/policy.

Il gruppo di ingegneria costruirà un sistema protetto per i testi e testerà tre strategie diverse. Una base semplice può essere rapida, mentre un approccio articolato potrebbe conservare più informazioni. Oliver Grandi valuterà 42 risultati e il team non cambierà la specifica disponibile su https://ingegneria.example.com/spec.

La redazione vuole impiegare un metodo preciso per migliorare un lungo brano senza cambiarne il significato. Un percorso celere può aiutare, ma deve conservare i nomi Ada Lovelace e Charles Babbage, l’anno 1843 e https://storia.example.org. Il esito finale dovrebbe dimostrare un miglioramento sostanziale della qualità.

Il gruppo di ricerca vuole cominciare con un approccio lineare e impiegare dati accurati per valutare il meccanismo. Elena Rossi controllerà 24 rapporti entro venerdì, mentre il meccanismo deve conservare ogni URL come https://example.org/rapporto. Il esito dovrebbe mostrare se un piccolo cambiamento può raffinare la qualità senza alterare nomi o numeri.","Un valore importante del nuovo sistema è la capacità di ridurre il lavoro manuale. Il processo può aiutare l’analista, indicare contenuti insoliti e creare un risultato chiaro. Tuttavia, Priya Neri ha detto che lo strumento non deve sostituire 9 termini legali, nomi personali o collegamenti come https://legge.example.org/policy.

Il gruppo di ingegneria costruirà un sistema sicuro per i testi e testerà tre strategie diverse. Una base semplice può essere rapida, mentre un metodo complesso potrebbe mantenere più informazioni. Oliver Grandi valuterà 42 risultati e il team non cambierà la specifica disponibile su https://ingegneria.example.com/spec.

La redazione vuole usare un metodo accurato per migliorare un lungo testo senza cambiarne il significato. Un processo rapido può aiutare, ma deve mantenere i nomi Ada Lovelace e Charles Babbage, l’anno 1843 e https://storia.example.org. Il risultato finale dovrebbe dimostrare un miglioramento grande della qualità.

Il gruppo di ricerca vuole iniziare con un metodo semplice e usare dati accurati per testare il sistema. Elena Rossi controllerà 24 rapporti entro venerdì, mentre il sistema deve mantenere ogni URL come https://example.org/rapporto. Il risultato dovrebbe mostrare se un piccolo cambiamento può migliorare la qualità senza alterare nomi o numeri.",1.0,,,,
it-006+it-007+it-008+it-001,it,synthid_tournament,bira_position_aware,intermediate,"Un beneficio importante del nuovo meccanismo è la capacità di abbassare il lavoro manuale. Il flusso può aiutare l’analista, indicare contenuti insoliti e produrre un risultato evidente. Eppure, Priya Neri ha detto che lo strumento non deve sostituire 9 termini legali, nomi personali o collegamenti come https://legge.example.org/policy.

Il gruppo di ingegneria costruirà un sistema protetto per i testi e testerà tre strategie diverse. Una base semplice può essere rapida, mentre un approccio articolato potrebbe conservare più informazioni. Oliver Grandi valuterà 42 risultati e il team non cambierà la specifica disponibile su https://ingegneria.example.com/spec.

La redazione vuole impiegare un metodo preciso per migliorare un lungo brano senza cambiarne il significato. Un percorso celere può aiutare, ma deve conservare i nomi Ada Lovelace e Charles Babbage, l’anno 1843 e https://storia.example.org. Il esito finale dovrebbe dimostrare un miglioramento sostanziale della qualità.

Il gruppo di ricerca vuole cominciare con un approccio lineare e impiegare dati accurati per valutare il meccanismo. Elena Rossi controllerà 24 rapporti entro venerdì, mentre il meccanismo deve conservare ogni URL come https://example.org/rapporto. Il esito dovrebbe mostrare se un piccolo cambiamento può raffinare la qualità senza alterare nomi o numeri.","Un beneficio importante del nuovo sistema è la capacità di ridurre il lavoro manuale. Il flusso può aiutare l’analista, indicare contenuti insoliti e creare un risultato evidente. Tuttavia, Priya Neri ha detto che lo strumento non deve sostituire 9 termini legali, nomi personali o collegamenti come https://legge.example.org/policy.

Il gruppo di ingegneria costruirà un sistema sicuro per i testi e testerà tre strategie diverse. Una base semplice può essere rapida, mentre un approccio complesso potrebbe conservare più informazioni. Oliver Grandi valuterà 42 risultati e il team non cambierà la specifica disponibile su https://ingegneria.example.com/spec.

La redazione vuole usare un metodo preciso per migliorare un lungo brano senza cambiarne il significato. Un processo celere può aiutare, ma deve mantenere i nomi Ada Lovelace e Charles Babbage, l’anno 1843 e https://storia.example.org. Il esito finale dovrebbe dimostrare un miglioramento sostanziale della qualità.

Il gruppo di ricerca vuole cominciare con un approccio lineare e usare dati accurati per valutare il sistema. Elena Rossi controllerà 24 rapporti entro venerdì, mentre il sistema deve conservare ogni URL come https://example.org/rapporto. Il esito dovrebbe mostrare se un piccolo cambiamento può migliorare la qualità senza alterare nomi o numeri.",1.0,,,,
it-007+it-008+it-001+it-002,it,kgw,simple_paraphrase,fixed,"Il gruppo di ingegneria costruirà un servizio sicuro per i testi e testerà tre strategie diverse. Una base lineare può essere rapida, mentre un criterio difficile potrebbe conservare più informazioni. Oliver Grandi valuterà 42 risultati e il team non cambierà la specifica disponibile su https://ingegneria.example.com/spec.

La redazione vuole utilizzare un criterio accurato per raffinare un lungo brano senza cambiarne il significato. Un flusso celere può aiutare, ma deve preservare i nomi Ada Lovelace e Charles Babbage, l’anno 1843 e https://storia.example.org. Il prodotto finale dovrebbe dimostrare un miglioramento grande della qualità.

Il gruppo di ricerca vuole partire con un criterio essenziale e impiegare valori accurati per valutare il meccanismo. Elena Rossi controllerà 24 rapporti entro venerdì, mentre il meccanismo deve preservare ogni URL come https://example.org/rapporto. Il prodotto dovrebbe mostrare se un piccolo cambiamento può raffinare la qualità senza alterare nomi o numeri.

Una piattaforma sicura dovrebbe aiutare ogni persona a comprendere il processo. Il team può preferire un criterio alternativo quando il primo test mostra un problema; eppure, non deve cambiare l’istruzione citata “mantenere il significato originale”. Marco Bianchi attende un risultato evidente dopo 18 valutazioni e pubblicherà i dettagli su https://example.com/ricerca.","Il gruppo di ingegneria costruirà un servizio sicuro per i testi e testerà tre strategie diverse. Una base essenziale può essere rapida, mentre un metodo difficile potrebbe mantenere più informazioni. Oliver Grandi valuterà 42 risultati e il team non cambierà la specifica disponibile su https://ingegneria.example.com/spec.

La redazione vuole impiegare un metodo accurato per migliorare un lungo contenuto senza cambiarne il significato. Un percorso rapido può aiutare, ma deve conservare i nomi Ada Lovelace e Charles Babbage, l’anno 1843 e https://storia.example.org. Il prodotto finale dovrebbe dimostrare un miglioramento sostanziale della qualità.

Il gruppo di ricerca vuole iniziare con un criterio semplice e usare dati accurati per esaminare il meccanismo. Elena Rossi controllerà 24 rapporti entro venerdì, mentre il meccanismo deve conservare ogni URL come https://example.org/rapporto. Il prodotto dovrebbe mostrare se un piccolo cambiamento può raffinare la qualità senza alterare nomi o numeri.

Una piattaforma sicura dovrebbe aiutare ogni utente a comprendere il flusso. Il team può scegliere un metodo diverso quando il primo test mostra un quesito; tuttavia, non deve cambiare l’istruzione citata “mantenere il significato originale”. Marco Bianchi attende un esito evidente dopo 18 valutazioni e pubblicherà i dettagli su https://example.com/ricerca.",1.0,,,,
it-007+it-008+it-001+it-002,it,kgw,sira,paper_default,"Il gruppo di ingegneria costruirà un servizio sicuro per i testi e testerà tre strategie diverse. Una base lineare può essere rapida, mentre un criterio difficile potrebbe conservare più informazioni. Oliver Grandi valuterà 42 risultati e il team non cambierà la specifica disponibile su https://ingegneria.example.com/spec.

La redazione vuole utilizzare un criterio accurato per raffinare un lungo brano senza cambiarne il significato. Un flusso celere può aiutare, ma deve preservare i nomi Ada Lovelace e Charles Babbage, l’anno 1843 e https://storia.example.org. Il prodotto finale dovrebbe dimostrare un miglioramento grande della qualità.

Il gruppo di ricerca vuole partire con un criterio essenziale e impiegare valori accurati per valutare il meccanismo. Elena Rossi controllerà 24 rapporti entro venerdì, mentre il meccanismo deve preservare ogni URL come https://example.org/rapporto. Il prodotto dovrebbe mostrare se un piccolo cambiamento può raffinare la qualità senza alterare nomi o numeri.

Una piattaforma sicura dovrebbe aiutare ogni persona a comprendere il processo. Il team può preferire un criterio alternativo quando il primo test mostra un problema; eppure, non deve cambiare l’istruzione citata “mantenere il significato originale”. Marco Bianchi attende un risultato evidente dopo 18 valutazioni e pubblicherà i dettagli su https://example.com/ricerca.","Il gruppo di ingegneria costruirà un servizio sicuro per i testi e testerà tre strategie diverse. Una base semplice può essere rapida, mentre un metodo complesso potrebbe mantenere più informazioni. Oliver Grandi valuterà 42 risultati e il team non cambierà la specifica disponibile su https://ingegneria.example.com/spec.

La redazione vuole usare un metodo accurato per migliorare un lungo brano senza cambiarne il significato. Un processo rapido può aiutare, ma deve mantenere i nomi Ada Lovelace e Charles Babbage, l’anno 1843 e https://storia.example.org. Il risultato finale dovrebbe dimostrare un miglioramento grande della qualità.

Il gruppo di ricerca vuole iniziare con un metodo semplice e usare dati accurati per valutare il sistema. Elena Rossi controllerà 24 rapporti entro venerdì, mentre il sistema deve mantenere ogni URL come https://example.org/rapporto. Il risultato dovrebbe mostrare se un piccolo cambiamento può migliorare la qualità senza alterare nomi o numeri.

Una piattaforma sicura dovrebbe aiutare ogni utente a comprendere il processo. Il team può scegliere un metodo diverso quando il primo test mostra un problema; tuttavia, non deve cambiare l’istruzione citata “mantenere il significato originale”. Marco Bianchi attende un risultato chiaro dopo 18 valutazioni e pubblicherà i dettagli su https://example.com/ricerca.",1.0,,,,
it-007+it-008+it-001+it-002,it,kgw,bira,paper_proxy,"Il gruppo di ingegneria costruirà un servizio sicuro per i testi e testerà tre strategie diverse. Una base lineare può essere rapida, mentre un criterio difficile potrebbe conservare più informazioni. Oliver Grandi valuterà 42 risultati e il team non cambierà la specifica disponibile su https://ingegneria.example.com/spec.

La redazione vuole utilizzare un criterio accurato per raffinare un lungo brano senza cambiarne il significato. Un flusso celere può aiutare, ma deve preservare i nomi Ada Lovelace e Charles Babbage, l’anno 1843 e https://storia.example.org. Il prodotto finale dovrebbe dimostrare un miglioramento grande della qualità.

Il gruppo di ricerca vuole partire con un criterio essenziale e impiegare valori accurati per valutare il meccanismo. Elena Rossi controllerà 24 rapporti entro venerdì, mentre il meccanismo deve preservare ogni URL come https://example.org/rapporto. Il prodotto dovrebbe mostrare se un piccolo cambiamento può raffinare la qualità senza alterare nomi o numeri.

Una piattaforma sicura dovrebbe aiutare ogni persona a comprendere il processo. Il team può preferire un criterio alternativo quando il primo test mostra un problema; eppure, non deve cambiare l’istruzione citata “mantenere il significato originale”. Marco Bianchi attende un risultato evidente dopo 18 valutazioni e pubblicherà i dettagli su https://example.com/ricerca.","Il gruppo di ingegneria costruirà un sistema sicuro per i testi e testerà tre strategie diverse. Una base semplice può essere rapida, mentre un metodo complesso potrebbe mantenere più informazioni. Oliver Grandi valuterà 42 risultati e il team non cambierà la specifica disponibile su https://ingegneria.example.com/spec.

La redazione vuole usare un metodo accurato per migliorare un lungo testo senza cambiarne il significato. Un processo rapido può aiutare, ma deve mantenere i nomi Ada Lovelace e Charles Babbage, l’anno 1843 e https://storia.example.org. Il risultato finale dovrebbe dimostrare un miglioramento grande della qualità.

Il gruppo di ricerca vuole iniziare con un metodo semplice e usare dati accurati per testare il sistema. Elena Rossi controllerà 24 rapporti entro venerdì, mentre il sistema deve mantenere ogni URL come https://example.org/rapporto. Il risultato dovrebbe mostrare se un piccolo cambiamento può migliorare la qualità senza alterare nomi o numeri.

Una piattaforma sicura dovrebbe aiutare ogni utente a comprendere il processo. Il team può scegliere un metodo diverso quando il primo test mostra un problema; tuttavia, non deve cambiare l’istruzione citata “mantenere il significato originale”. Marco Bianchi attende un risultato chiaro dopo 18 valutazioni e pubblicherà i dettagli su https://example.com/ricerca.",1.0,,,,
it-007+it-008+it-001+it-002,it,kgw,bira_position_aware,conservative,"Il gruppo di ingegneria costruirà un servizio sicuro per i testi e testerà tre strategie diverse. Una base lineare può essere rapida, mentre un criterio difficile potrebbe conservare più informazioni. Oliver Grandi valuterà 42 risultati e il team non cambierà la specifica disponibile su https://ingegneria.example.com/spec.

La redazione vuole utilizzare un criterio accurato per raffinare un lungo brano senza cambiarne il significato. Un flusso celere può aiutare, ma deve preservare i nomi Ada Lovelace e Charles Babbage, l’anno 1843 e https://storia.example.org. Il prodotto finale dovrebbe dimostrare un miglioramento grande della qualità.

Il gruppo di ricerca vuole partire con un criterio essenziale e impiegare valori accurati per valutare il meccanismo. Elena Rossi controllerà 24 rapporti entro venerdì, mentre il meccanismo deve preservare ogni URL come https://example.org/rapporto. Il prodotto dovrebbe mostrare se un piccolo cambiamento può raffinare la qualità senza alterare nomi o numeri.

Una piattaforma sicura dovrebbe aiutare ogni persona a comprendere il processo. Il team può preferire un criterio alternativo quando il primo test mostra un problema; eppure, non deve cambiare l’istruzione citata “mantenere il significato originale”. Marco Bianchi attende un risultato evidente dopo 18 valutazioni e pubblicherà i dettagli su https://example.com/ricerca.","Il gruppo di ingegneria costruirà un servizio sicuro per i testi e testerà tre strategie diverse. Una base lineare può essere rapida, mentre un metodo difficile potrebbe conservare più informazioni. Oliver Grandi valuterà 42 risultati e il team non cambierà la specifica disponibile su https://ingegneria.example.com/spec.

La redazione vuole utilizzare un metodo accurato per raffinare un lungo brano senza cambiarne il significato. Un flusso celere può aiutare, ma deve preservare i nomi Ada Lovelace e Charles Babbage, l’anno 1843 e https://storia.example.org. Il risultato finale dovrebbe dimostrare un miglioramento grande della qualità.

Il gruppo di ricerca vuole partire con un criterio essenziale e impiegare valori accurati per valutare il sistema. Elena Rossi controllerà 24 rapporti entro venerdì, mentre il sistema deve preservare ogni URL come https://example.org/rapporto. Il risultato dovrebbe mostrare se un piccolo cambiamento può raffinare la qualità senza alterare nomi o numeri.

Una piattaforma sicura dovrebbe aiutare ogni persona a comprendere il processo. Il team può preferire un criterio alternativo quando il primo test mostra un problema; eppure, non deve cambiare l’istruzione citata “mantenere il significato originale”. Marco Bianchi attende un risultato evidente dopo 18 valutazioni e pubblicherà i dettagli su https://example.com/ricerca.",1.0,,,,
it-007+it-008+it-001+it-002,it,unigram,simple_paraphrase,fixed,"Il gruppo di ingegneria costruirà un sistema sicuro per i testi e testerà tre strategie diverse. Una base lineare può essere rapida, mentre un metodo articolato potrebbe mantenere più informazioni. Oliver Grandi valuterà 42 risultati e il team non cambierà la specifica disponibile su https://ingegneria.example.com/spec.

La redazione vuole impiegare un metodo corretto per migliorare un lungo testo senza cambiarne il significato. Un processo veloce può aiutare, ma deve mantenere i nomi Ada Lovelace e Charles Babbage, l’anno 1843 e https://storia.example.org. Il prodotto finale dovrebbe dimostrare un miglioramento grande della qualità.

Il gruppo di ricerca vuole cominciare con un metodo lineare e impiegare dati accurati per valutare il sistema. Elena Rossi controllerà 24 rapporti entro venerdì, mentre il sistema deve mantenere ogni URL come https://example.org/rapporto. Il prodotto dovrebbe mostrare se un limitato cambiamento può migliorare la qualità senza alterare nomi o numeri.

Una piattaforma sicura dovrebbe aiutare ogni cliente a comprendere il processo. Il team può scegliere un metodo alternativo quando il primo test dimostra un problema; tuttavia, non deve cambiare l’istruzione citata “mantenere il significato originale”. Marco Bianchi attende un prodotto ovvio dopo 18 valutazioni e pubblicherà i dettagli su https://example.com/ricerca.","Il gruppo di ingegneria costruirà un servizio sicuro per i testi e testerà tre strategie diverse. Una base essenziale può essere rapida, mentre un approccio complesso potrebbe preservare più informazioni. Oliver Grandi valuterà 42 risultati e il team non cambierà la specifica disponibile su https://ingegneria.example.com/spec.

La redazione vuole impiegare un approccio accurato per perfezionare un lungo brano senza cambiarne il significato. Un flusso celere può aiutare, ma deve mantenere i nomi Ada Lovelace e Charles Babbage, l’anno 1843 e https://storia.example.org. Il prodotto finale dovrebbe dimostrare un miglioramento sostanziale della qualità.

Il gruppo di ricerca vuole partire con un metodo essenziale e usare dati accurati per esaminare il sistema. Elena Rossi controllerà 24 rapporti entro venerdì, mentre il sistema deve preservare ogni URL come https://example.org/rapporto. Il prodotto dovrebbe mostrare se un piccolo cambiamento può perfezionare la qualità senza alterare nomi o numeri.

Una piattaforma sicura dovrebbe aiutare ogni cliente a comprendere il flusso. Il team può selezionare un metodo diverso quando il primo test dimostra un quesito; tuttavia, non deve cambiare l’istruzione citata “mantenere il significato originale”. Marco Bianchi attende un risultato chiaro dopo 18 valutazioni e pubblicherà i dettagli su https://example.com/ricerca.",1.0,,,,
it-007+it-008+it-001+it-002,it,unigram,sira,paper_default,"Il gruppo di ingegneria costruirà un sistema sicuro per i testi e testerà tre strategie diverse. Una base lineare può essere rapida, mentre un metodo articolato potrebbe mantenere più informazioni. Oliver Grandi valuterà 42 risultati e il team non cambierà la specifica disponibile su https://ingegneria.example.com/spec.

La redazione vuole impiegare un metodo corretto per migliorare un lungo testo senza cambiarne il significato. Un processo veloce può aiutare, ma deve mantenere i nomi Ada Lovelace e Charles Babbage, l’anno 1843 e https://storia.example.org. Il prodotto finale dovrebbe dimostrare un miglioramento grande della qualità.

Il gruppo di ricerca vuole cominciare con un metodo lineare e impiegare dati accurati per valutare il sistema. Elena Rossi controllerà 24 rapporti entro venerdì, mentre il sistema deve mantenere ogni URL come https://example.org/rapporto. Il prodotto dovrebbe mostrare se un limitato cambiamento può migliorare la qualità senza alterare nomi o numeri.

Una piattaforma sicura dovrebbe aiutare ogni cliente a comprendere il processo. Il team può scegliere un metodo alternativo quando il primo test dimostra un problema; tuttavia, non deve cambiare l’istruzione citata “mantenere il significato originale”. Marco Bianchi attende un prodotto ovvio dopo 18 valutazioni e pubblicherà i dettagli su https://example.com/ricerca.","Il gruppo di ingegneria costruirà un servizio protetto per i testi e testerà tre strategie diverse. Una base semplice può essere rapida, mentre un metodo complesso potrebbe preservare più informazioni. Oliver Grandi valuterà 42 risultati e il team non cambierà la specifica disponibile su https://ingegneria.example.com/spec.

La redazione vuole usare un metodo accurato per migliorare un lungo brano senza cambiarne il significato. Un flusso rapido può aiutare, ma deve preservare i nomi Ada Lovelace e Charles Babbage, l’anno 1843 e https://storia.example.org. Il risultato finale dovrebbe dimostrare un miglioramento sostanziale della qualità.

Il gruppo di ricerca vuole iniziare con un metodo semplice e usare elementi accurati per testare il sistema. Elena Rossi controllerà 24 rapporti entro venerdì, mentre il sistema deve mantenere ogni URL come https://example.org/rapporto. Il risultato dovrebbe mostrare se un piccolo cambiamento può migliorare la qualità senza alterare nomi o numeri.

Una piattaforma sicura dovrebbe aiutare ogni utente a comprendere il processo. Il team può selezionare un metodo diverso quando il primo test mostra un quesito; tuttavia, non deve cambiare l’istruzione citata “mantenere il significato originale”. Marco Bianchi attende un risultato chiaro dopo 18 valutazioni e pubblicherà i dettagli su https://example.com/ricerca.",1.0,,,,
it-007+it-008+it-001+it-002,it,unigram,bira,paper_proxy,"Il gruppo di ingegneria costruirà un sistema sicuro per i testi e testerà tre strategie diverse. Una base lineare può essere rapida, mentre un metodo articolato potrebbe mantenere più informazioni. Oliver Grandi valuterà 42 risultati e il team non cambierà la specifica disponibile su https://ingegneria.example.com/spec.

La redazione vuole impiegare un metodo corretto per migliorare un lungo testo senza cambiarne il significato. Un processo veloce può aiutare, ma deve mantenere i nomi Ada Lovelace e Charles Babbage, l’anno 1843 e https://storia.example.org. Il prodotto finale dovrebbe dimostrare un miglioramento grande della qualità.

Il gruppo di ricerca vuole cominciare con un metodo lineare e impiegare dati accurati per valutare il sistema. Elena Rossi controllerà 24 rapporti entro venerdì, mentre il sistema deve mantenere ogni URL come https://example.org/rapporto. Il prodotto dovrebbe mostrare se un limitato cambiamento può migliorare la qualità senza alterare nomi o numeri.

Una piattaforma sicura dovrebbe aiutare ogni cliente a comprendere il processo. Il team può scegliere un metodo alternativo quando il primo test dimostra un problema; tuttavia, non deve cambiare l’istruzione citata “mantenere il significato originale”. Marco Bianchi attende un prodotto ovvio dopo 18 valutazioni e pubblicherà i dettagli su https://example.com/ricerca.","Il gruppo di ingegneria costruirà un sistema sicuro per i testi e testerà tre strategie diverse. Una base semplice può essere rapida, mentre un metodo complesso potrebbe mantenere più informazioni. Oliver Grandi valuterà 42 risultati e il team non cambierà la specifica disponibile su https://ingegneria.example.com/spec.

La redazione vuole usare un metodo accurato per migliorare un lungo brano senza cambiarne il significato. Un processo rapido può aiutare, ma deve mantenere i nomi Ada Lovelace e Charles Babbage, l’anno 1843 e https://storia.example.org. Il risultato finale dovrebbe dimostrare un miglioramento sostanziale della qualità.

Il gruppo di ricerca vuole iniziare con un metodo semplice e usare dati accurati per testare il sistema. Elena Rossi controllerà 24 rapporti entro venerdì, mentre il sistema deve mantenere ogni URL come https://example.org/rapporto. Il risultato dovrebbe mostrare se un piccolo cambiamento può migliorare la qualità senza alterare nomi o numeri.

Una piattaforma sicura dovrebbe aiutare ogni utente a comprendere il processo. Il team può scegliere un metodo diverso quando il primo test mostra un problema; tuttavia, non deve cambiare l’istruzione citata “mantenere il significato originale”. Marco Bianchi attende un risultato chiaro dopo 18 valutazioni e pubblicherà i dettagli su https://example.com/ricerca.",1.0,,,,
it-007+it-008+it-001+it-002,it,unigram,bira_position_aware,intermediate,"Il gruppo di ingegneria costruirà un sistema sicuro per i testi e testerà tre strategie diverse. Una base lineare può essere rapida, mentre un metodo articolato potrebbe mantenere più informazioni. Oliver Grandi valuterà 42 risultati e il team non cambierà la specifica disponibile su https://ingegneria.example.com/spec.

La redazione vuole impiegare un metodo corretto per migliorare un lungo testo senza cambiarne il significato. Un processo veloce può aiutare, ma deve mantenere i nomi Ada Lovelace e Charles Babbage, l’anno 1843 e https://storia.example.org. Il prodotto finale dovrebbe dimostrare un miglioramento grande della qualità.

Il gruppo di ricerca vuole cominciare con un metodo lineare e impiegare dati accurati per valutare il sistema. Elena Rossi controllerà 24 rapporti entro venerdì, mentre il sistema deve mantenere ogni URL come https://example.org/rapporto. Il prodotto dovrebbe mostrare se un limitato cambiamento può migliorare la qualità senza alterare nomi o numeri.

Una piattaforma sicura dovrebbe aiutare ogni cliente a comprendere il processo. Il team può scegliere un metodo alternativo quando il primo test dimostra un problema; tuttavia, non deve cambiare l’istruzione citata “mantenere il significato originale”. Marco Bianchi attende un prodotto ovvio dopo 18 valutazioni e pubblicherà i dettagli su https://example.com/ricerca.","Il gruppo di ingegneria costruirà un sistema sicuro per i testi e testerà tre strategie diverse. Una base semplice può essere rapida, mentre un metodo complesso potrebbe mantenere più informazioni. Oliver Grandi valuterà 42 risultati e il team non cambierà la specifica disponibile su https://ingegneria.example.com/spec.

La redazione vuole impiegare un metodo accurato per migliorare un lungo testo senza cambiarne il significato. Un processo rapido può aiutare, ma deve mantenere i nomi Ada Lovelace e Charles Babbage, l’anno 1843 e https://storia.example.org. Il risultato finale dovrebbe dimostrare un miglioramento grande della qualità.

Il gruppo di ricerca vuole iniziare con un metodo lineare e usare dati accurati per testare il sistema. Elena Rossi controllerà 24 rapporti entro venerdì, mentre il sistema deve mantenere ogni URL come https://example.org/rapporto. Il risultato dovrebbe mostrare se un piccolo cambiamento può migliorare la qualità senza alterare nomi o numeri.

Una piattaforma sicura dovrebbe aiutare ogni utente a comprendere il processo. Il team può scegliere un metodo diverso quando il primo test mostra un problema; tuttavia, non deve cambiare l’istruzione citata “mantenere il significato originale”. Marco Bianchi attende un risultato ovvio dopo 18 valutazioni e pubblicherà i dettagli su https://example.com/ricerca.",1.0,,,,
it-007+it-008+it-001+it-002,it,synthid_tournament,simple_paraphrase,fixed,"Il gruppo di ingegneria costruirà un sistema protetto per i testi e testerà tre strategie diverse. Una base semplice può essere rapida, mentre un approccio articolato potrebbe conservare più informazioni. Oliver Grandi valuterà 42 risultati e il team non cambierà la specifica disponibile su https://ingegneria.example.com/spec.

La redazione vuole impiegare un metodo preciso per migliorare un lungo brano senza cambiarne il significato. Un percorso celere può aiutare, ma deve conservare i nomi Ada Lovelace e Charles Babbage, l’anno 1843 e https://storia.example.org. Il esito finale dovrebbe dimostrare un miglioramento sostanziale della qualità.

Il gruppo di ricerca vuole cominciare con un approccio lineare e impiegare dati accurati per valutare il meccanismo. Elena Rossi controllerà 24 rapporti entro venerdì, mentre il meccanismo deve conservare ogni URL come https://example.org/rapporto. Il esito dovrebbe mostrare se un piccolo cambiamento può raffinare la qualità senza alterare nomi o numeri.

Una piattaforma sicura dovrebbe aiutare ogni utente a comprendere il percorso. Il team può preferire un approccio alternativo quando il primo test mostra un problema; comunque, non deve cambiare l’istruzione citata “mantenere il significato originale”. Marco Bianchi attende un esito evidente dopo 18 valutazioni e pubblicherà i dettagli su https://example.com/ricerca.","Il gruppo di ingegneria costruirà un servizio affidabile per i testi e testerà tre strategie diverse. Una base lineare può essere rapida, mentre un criterio complesso potrebbe mantenere più informazioni. Oliver Grandi valuterà 42 risultati e il team non cambierà la specifica disponibile su https://ingegneria.example.com/spec.

La redazione vuole impiegare un approccio corretto per perfezionare un lungo contenuto senza cambiarne il significato. Un processo rapido può aiutare, ma deve conservare i nomi Ada Lovelace e Charles Babbage, l’anno 1843 e https://storia.example.org. Il prodotto finale dovrebbe dimostrare un miglioramento sostanziale della qualità.

Il gruppo di ricerca vuole partire con un criterio essenziale e usare dati accurati per esaminare il meccanismo. Elena Rossi controllerà 24 rapporti entro venerdì, mentre il meccanismo deve mantenere ogni URL come https://example.org/rapporto. Il esito dovrebbe mostrare se un piccolo cambiamento può raffinare la qualità senza alterare nomi o numeri.

Una piattaforma sicura dovrebbe aiutare ogni cliente a comprendere il processo. Il team può scegliere un criterio diverso quando il primo test mostra un quesito; comunque, non deve cambiare l’istruzione citata “mantenere il significato originale”. Marco Bianchi attende un esito evidente dopo 18 valutazioni e pubblicherà i dettagli su https://example.com/ricerca.",1.0,,,,
it-007+it-008+it-001+it-002,it,synthid_tournament,sira,paper_default,"Il gruppo di ingegneria costruirà un sistema protetto per i testi e testerà tre strategie diverse. Una base semplice può essere rapida, mentre un approccio articolato potrebbe conservare più informazioni. Oliver Grandi valuterà 42 risultati e il team non cambierà la specifica disponibile su https://ingegneria.example.com/spec.

La redazione vuole impiegare un metodo preciso per migliorare un lungo brano senza cambiarne il significato. Un percorso celere può aiutare, ma deve conservare i nomi Ada Lovelace e Charles Babbage, l’anno 1843 e https://storia.example.org. Il esito finale dovrebbe dimostrare un miglioramento sostanziale della qualità.

Il gruppo di ricerca vuole cominciare con un approccio lineare e impiegare dati accurati per valutare il meccanismo. Elena Rossi controllerà 24 rapporti entro venerdì, mentre il meccanismo deve conservare ogni URL come https://example.org/rapporto. Il esito dovrebbe mostrare se un piccolo cambiamento può raffinare la qualità senza alterare nomi o numeri.

Una piattaforma sicura dovrebbe aiutare ogni utente a comprendere il percorso. Il team può preferire un approccio alternativo quando il primo test mostra un problema; comunque, non deve cambiare l’istruzione citata “mantenere il significato originale”. Marco Bianchi attende un esito evidente dopo 18 valutazioni e pubblicherà i dettagli su https://example.com/ricerca.","Il gruppo di ingegneria costruirà un sistema sicuro per i testi e testerà tre strategie diverse. Una base semplice può essere rapida, mentre un metodo complesso potrebbe mantenere più informazioni. Oliver Grandi valuterà 42 risultati e il team non cambierà la specifica disponibile su https://ingegneria.example.com/spec.

La redazione vuole usare un metodo accurato per migliorare un lungo testo senza cambiarne il significato. Un processo rapido può aiutare, ma deve mantenere i nomi Ada Lovelace e Charles Babbage, l’anno 1843 e https://storia.example.org. Il risultato finale dovrebbe dimostrare un miglioramento grande della qualità.

Il gruppo di ricerca vuole iniziare con un approccio semplice e usare dati accurati per testare il sistema. Elena Rossi controllerà 24 rapporti entro venerdì, mentre il sistema deve mantenere ogni URL come https://example.org/rapporto. Il risultato dovrebbe mostrare se un piccolo cambiamento può migliorare la qualità senza alterare nomi o numeri.

Una piattaforma sicura dovrebbe aiutare ogni utente a comprendere il processo. Il team può scegliere un approccio diverso quando il primo test mostra un problema; tuttavia, non deve cambiare l’istruzione citata “mantenere il significato originale”. Marco Bianchi attende un risultato chiaro dopo 18 valutazioni e pubblicherà i dettagli su https://example.com/ricerca.",1.0,,,,
it-007+it-008+it-001+it-002,it,synthid_tournament,bira,paper_proxy,"Il gruppo di ingegneria costruirà un sistema protetto per i testi e testerà tre strategie diverse. Una base semplice può essere rapida, mentre un approccio articolato potrebbe conservare più informazioni. Oliver Grandi valuterà 42 risultati e il team non cambierà la specifica disponibile su https://ingegneria.example.com/spec.

La redazione vuole impiegare un metodo preciso per migliorare un lungo brano senza cambiarne il significato. Un percorso celere può aiutare, ma deve conservare i nomi Ada Lovelace e Charles Babbage, l’anno 1843 e https://storia.example.org. Il esito finale dovrebbe dimostrare un miglioramento sostanziale della qualità.

Il gruppo di ricerca vuole cominciare con un approccio lineare e impiegare dati accurati per valutare il meccanismo. Elena Rossi controllerà 24 rapporti entro venerdì, mentre il meccanismo deve conservare ogni URL come https://example.org/rapporto. Il esito dovrebbe mostrare se un piccolo cambiamento può raffinare la qualità senza alterare nomi o numeri.

Una piattaforma sicura dovrebbe aiutare ogni utente a comprendere il percorso. Il team può preferire un approccio alternativo quando il primo test mostra un problema; comunque, non deve cambiare l’istruzione citata “mantenere il significato originale”. Marco Bianchi attende un esito evidente dopo 18 valutazioni e pubblicherà i dettagli su https://example.com/ricerca.","Il gruppo di ingegneria costruirà un sistema sicuro per i testi e testerà tre strategie diverse. Una base semplice può essere rapida, mentre un metodo complesso potrebbe mantenere più informazioni. Oliver Grandi valuterà 42 risultati e il team non cambierà la specifica disponibile su https://ingegneria.example.com/spec.

La redazione vuole usare un metodo accurato per migliorare un lungo testo senza cambiarne il significato. Un processo rapido può aiutare, ma deve mantenere i nomi Ada Lovelace e Charles Babbage, l’anno 1843 e https://storia.example.org. Il risultato finale dovrebbe dimostrare un miglioramento grande della qualità.

Il gruppo di ricerca vuole iniziare con un metodo semplice e usare dati accurati per testare il sistema. Elena Rossi controllerà 24 rapporti entro venerdì, mentre il sistema deve mantenere ogni URL come https://example.org/rapporto. Il risultato dovrebbe mostrare se un piccolo cambiamento può migliorare la qualità senza alterare nomi o numeri.

Una piattaforma sicura dovrebbe aiutare ogni utente a comprendere il processo. Il team può scegliere un metodo diverso quando il primo test mostra un problema; tuttavia, non deve cambiare l’istruzione citata “mantenere il significato originale”. Marco Bianchi attende un risultato chiaro dopo 18 valutazioni e pubblicherà i dettagli su https://example.com/ricerca.",1.0,,,,
it-007+it-008+it-001+it-002,it,synthid_tournament,bira_position_aware,aggressive,"Il gruppo di ingegneria costruirà un sistema protetto per i testi e testerà tre strategie diverse. Una base semplice può essere rapida, mentre un approccio articolato potrebbe conservare più informazioni. Oliver Grandi valuterà 42 risultati e il team non cambierà la specifica disponibile su https://ingegneria.example.com/spec.

La redazione vuole impiegare un metodo preciso per migliorare un lungo brano senza cambiarne il significato. Un percorso celere può aiutare, ma deve conservare i nomi Ada Lovelace e Charles Babbage, l’anno 1843 e https://storia.example.org. Il esito finale dovrebbe dimostrare un miglioramento sostanziale della qualità.

Il gruppo di ricerca vuole cominciare con un approccio lineare e impiegare dati accurati per valutare il meccanismo. Elena Rossi controllerà 24 rapporti entro venerdì, mentre il meccanismo deve conservare ogni URL come https://example.org/rapporto. Il esito dovrebbe mostrare se un piccolo cambiamento può raffinare la qualità senza alterare nomi o numeri.

Una piattaforma sicura dovrebbe aiutare ogni utente a comprendere il percorso. Il team può preferire un approccio alternativo quando il primo test mostra un problema; comunque, non deve cambiare l’istruzione citata “mantenere il significato originale”. Marco Bianchi attende un esito evidente dopo 18 valutazioni e pubblicherà i dettagli su https://example.com/ricerca.","Il gruppo di ingegneria costruirà un sistema sicuro per i testi e testerà tre strategie diverse. Una base lineare può essere rapida, mentre un approccio complesso potrebbe mantenere più informazioni. Oliver Grandi valuterà 42 risultati e il team non cambierà la specifica disponibile su https://ingegneria.example.com/spec.

La redazione vuole usare un metodo preciso per migliorare un lungo testo senza cambiarne il significato. Un processo rapido può aiutare, ma deve mantenere i nomi Ada Lovelace e Charles Babbage, l’anno 1843 e https://storia.example.org. Il risultato finale dovrebbe dimostrare un miglioramento grande della qualità.

Il gruppo di ricerca vuole iniziare con un approccio lineare e usare dati accurati per valutare il sistema. Elena Rossi controllerà 24 rapporti entro venerdì, mentre il sistema deve mantenere ogni URL come https://example.org/rapporto. Il risultato dovrebbe mostrare se un piccolo cambiamento può migliorare la qualità senza alterare nomi o numeri.

Una piattaforma sicura dovrebbe aiutare ogni cliente a comprendere il processo. Il team può scegliere un approccio diverso quando il primo test indica un problema; tuttavia, non deve cambiare l’istruzione citata “mantenere il significato originale”. Marco Bianchi attende un esito chiaro dopo 18 valutazioni e pubblicherà i dettagli su https://example.com/ricerca.",1.0,,,,
it-008+it-001+it-002+it-003,it,kgw,simple_paraphrase,fixed,"La redazione vuole utilizzare un criterio accurato per raffinare un lungo brano senza cambiarne il significato. Un flusso celere può aiutare, ma deve preservare i nomi Ada Lovelace e Charles Babbage, l’anno 1843 e https://storia.example.org. Il prodotto finale dovrebbe dimostrare un miglioramento grande della qualità.

Il gruppo di ricerca vuole partire con un criterio essenziale e impiegare valori accurati per valutare il meccanismo. Elena Rossi controllerà 24 rapporti entro venerdì, mentre il meccanismo deve preservare ogni URL come https://example.org/rapporto. Il prodotto dovrebbe mostrare se un piccolo cambiamento può raffinare la qualità senza alterare nomi o numeri.

Una piattaforma sicura dovrebbe aiutare ogni persona a comprendere il processo. Il team può preferire un criterio alternativo quando il primo test mostra un problema; eppure, non deve cambiare l’istruzione citata “mantenere il significato originale”. Marco Bianchi attende un risultato evidente dopo 18 valutazioni e pubblicherà i dettagli su https://example.com/ricerca.

L’ospedale intende produrre un servizio veloce per valutare testi clinici. La dottoressa Maya Chen controllerà 37 cartelle, ma il meccanismo non deve mai modificare gli identificativi dei pazienti, le quantità dei farmaci o l’indirizzo https://salute.example.net. Questo vincolo significativo può abbassare la flessibilità; pertanto, il approccio finale deve restare preciso e sicuro.","La redazione vuole utilizzare un metodo preciso per migliorare un lungo brano senza cambiarne il significato. Un percorso rapido può aiutare, ma deve conservare i nomi Ada Lovelace e Charles Babbage, l’anno 1843 e https://storia.example.org. Il prodotto finale dovrebbe dimostrare un miglioramento sostanziale della qualità.

Il gruppo di ricerca vuole iniziare con un criterio essenziale e impiegare dati accurati per esaminare il meccanismo. Elena Rossi controllerà 24 rapporti entro venerdì, mentre il sistema deve conservare ogni URL come https://example.org/rapporto. Il risultato dovrebbe mostrare se un minore cambiamento può migliorare la qualità senza alterare nomi o numeri.

Una piattaforma sicura dovrebbe aiutare ogni utente a comprendere il flusso. Il team può preferire un metodo diverso quando il primo test indica un problema; tuttavia, non deve cambiare l’istruzione citata “mantenere il significato originale”. Marco Bianchi attende un esito ovvio dopo 18 valutazioni e pubblicherà i dettagli su https://example.com/ricerca.

L’ospedale intende produrre un servizio veloce per esaminare testi clinici. La dottoressa Maya Chen controllerà 37 cartelle, ma il sistema non deve mai modificare gli identificativi dei pazienti, le quantità dei farmaci o l’indirizzo https://salute.example.net. Questo vincolo significativo può abbassare la flessibilità; dunque, il criterio finale deve restare corretto e sicuro.",1.0,,,,
it-008+it-001+it-002+it-003,it,kgw,sira,paper_default,"La redazione vuole utilizzare un criterio accurato per raffinare un lungo brano senza cambiarne il significato. Un flusso celere può aiutare, ma deve preservare i nomi Ada Lovelace e Charles Babbage, l’anno 1843 e https://storia.example.org. Il prodotto finale dovrebbe dimostrare un miglioramento grande della qualità.

Il gruppo di ricerca vuole partire con un criterio essenziale e impiegare valori accurati per valutare il meccanismo. Elena Rossi controllerà 24 rapporti entro venerdì, mentre il meccanismo deve preservare ogni URL come https://example.org/rapporto. Il prodotto dovrebbe mostrare se un piccolo cambiamento può raffinare la qualità senza alterare nomi o numeri.

Una piattaforma sicura dovrebbe aiutare ogni persona a comprendere il processo. Il team può preferire un criterio alternativo quando il primo test mostra un problema; eppure, non deve cambiare l’istruzione citata “mantenere il significato originale”. Marco Bianchi attende un risultato evidente dopo 18 valutazioni e pubblicherà i dettagli su https://example.com/ricerca.

L’ospedale intende produrre un servizio veloce per valutare testi clinici. La dottoressa Maya Chen controllerà 37 cartelle, ma il meccanismo non deve mai modificare gli identificativi dei pazienti, le quantità dei farmaci o l’indirizzo https://salute.example.net. Questo vincolo significativo può abbassare la flessibilità; pertanto, il approccio finale deve restare preciso e sicuro.","La redazione vuole usare un metodo accurato per migliorare un lungo brano senza cambiarne il significato. Un processo rapido può aiutare, ma deve mantenere i nomi Ada Lovelace e Charles Babbage, l’anno 1843 e https://storia.example.org. Il risultato finale dovrebbe dimostrare un miglioramento grande della qualità.

Il gruppo di ricerca vuole iniziare con un metodo semplice e usare dati accurati per valutare il sistema. Elena Rossi controllerà 24 rapporti entro venerdì, mentre il sistema deve mantenere ogni URL come https://example.org/rapporto. Il risultato dovrebbe mostrare se un piccolo cambiamento può migliorare la qualità senza alterare nomi o numeri.

Una piattaforma sicura dovrebbe aiutare ogni utente a comprendere il processo. Il team può scegliere un metodo diverso quando il primo test mostra un problema; tuttavia, non deve cambiare l’istruzione citata “mantenere il significato originale”. Marco Bianchi attende un risultato chiaro dopo 18 valutazioni e pubblicherà i dettagli su https://example.com/ricerca.

L’ospedale intende creare un servizio rapido per valutare testi clinici. La dottoressa Maya Chen controllerà 37 cartelle, ma il sistema non deve mai modificare gli identificativi dei pazienti, le quantità dei farmaci o l’indirizzo https://salute.example.net. Questo vincolo importante può ridurre la flessibilità; quindi, il metodo finale deve restare accurato e sicuro.",1.0,,,,
it-008+it-001+it-002+it-003,it,kgw,bira,paper_proxy,"La redazione vuole utilizzare un criterio accurato per raffinare un lungo brano senza cambiarne il significato. Un flusso celere può aiutare, ma deve preservare i nomi Ada Lovelace e Charles Babbage, l’anno 1843 e https://storia.example.org. Il prodotto finale dovrebbe dimostrare un miglioramento grande della qualità.

Il gruppo di ricerca vuole partire con un criterio essenziale e impiegare valori accurati per valutare il meccanismo. Elena Rossi controllerà 24 rapporti entro venerdì, mentre il meccanismo deve preservare ogni URL come https://example.org/rapporto. Il prodotto dovrebbe mostrare se un piccolo cambiamento può raffinare la qualità senza alterare nomi o numeri.

Una piattaforma sicura dovrebbe aiutare ogni persona a comprendere il processo. Il team può preferire un criterio alternativo quando il primo test mostra un problema; eppure, non deve cambiare l’istruzione citata “mantenere il significato originale”. Marco Bianchi attende un risultato evidente dopo 18 valutazioni e pubblicherà i dettagli su https://example.com/ricerca.

L’ospedale intende produrre un servizio veloce per valutare testi clinici. La dottoressa Maya Chen controllerà 37 cartelle, ma il meccanismo non deve mai modificare gli identificativi dei pazienti, le quantità dei farmaci o l’indirizzo https://salute.example.net. Questo vincolo significativo può abbassare la flessibilità; pertanto, il approccio finale deve restare preciso e sicuro.","La redazione vuole usare un metodo accurato per migliorare un lungo testo senza cambiarne il significato. Un processo rapido può aiutare, ma deve mantenere i nomi Ada Lovelace e Charles Babbage, l’anno 1843 e https://storia.example.org. Il risultato finale dovrebbe dimostrare un miglioramento grande della qualità.

Il gruppo di ricerca vuole iniziare con un metodo semplice e usare dati accurati per testare il sistema. Elena Rossi controllerà 24 rapporti entro venerdì, mentre il sistema deve mantenere ogni URL come https://example.org/rapporto. Il risultato dovrebbe mostrare se un piccolo cambiamento può migliorare la qualità senza alterare nomi o numeri.

Una piattaforma sicura dovrebbe aiutare ogni utente a comprendere il processo. Il team può scegliere un metodo diverso quando il primo test mostra un problema; tuttavia, non deve cambiare l’istruzione citata “mantenere il significato originale”. Marco Bianchi attende un risultato chiaro dopo 18 valutazioni e pubblicherà i dettagli su https://example.com/ricerca.

L’ospedale intende creare un sistema rapido per testare testi clinici. La dottoressa Maya Chen controllerà 37 cartelle, ma il sistema non deve mai modificare gli identificativi dei pazienti, le quantità dei farmaci o l’indirizzo https://salute.example.net. Questo vincolo importante può ridurre la flessibilità; quindi, il metodo finale deve restare accurato e sicuro.",1.0,,,,
it-008+it-001+it-002+it-003,it,kgw,bira_position_aware,conservative,"La redazione vuole utilizzare un criterio accurato per raffinare un lungo brano senza cambiarne il significato. Un flusso celere può aiutare, ma deve preservare i nomi Ada Lovelace e Charles Babbage, l’anno 1843 e https://storia.example.org. Il prodotto finale dovrebbe dimostrare un miglioramento grande della qualità.

Il gruppo di ricerca vuole partire con un criterio essenziale e impiegare valori accurati per valutare il meccanismo. Elena Rossi controllerà 24 rapporti entro venerdì, mentre il meccanismo deve preservare ogni URL come https://example.org/rapporto. Il prodotto dovrebbe mostrare se un piccolo cambiamento può raffinare la qualità senza alterare nomi o numeri.

Una piattaforma sicura dovrebbe aiutare ogni persona a comprendere il processo. Il team può preferire un criterio alternativo quando il primo test mostra un problema; eppure, non deve cambiare l’istruzione citata “mantenere il significato originale”. Marco Bianchi attende un risultato evidente dopo 18 valutazioni e pubblicherà i dettagli su https://example.com/ricerca.

L’ospedale intende produrre un servizio veloce per valutare testi clinici. La dottoressa Maya Chen controllerà 37 cartelle, ma il meccanismo non deve mai modificare gli identificativi dei pazienti, le quantità dei farmaci o l’indirizzo https://salute.example.net. Questo vincolo significativo può abbassare la flessibilità; pertanto, il approccio finale deve restare preciso e sicuro.","La redazione vuole utilizzare un metodo accurato per raffinare un lungo brano senza cambiarne il significato. Un flusso celere può aiutare, ma deve preservare i nomi Ada Lovelace e Charles Babbage, l’anno 1843 e https://storia.example.org. Il risultato finale dovrebbe dimostrare un miglioramento grande della qualità.

Il gruppo di ricerca vuole partire con un metodo essenziale e impiegare valori accurati per valutare il sistema. Elena Rossi controllerà 24 rapporti entro venerdì, mentre il sistema deve preservare ogni URL come https://example.org/rapporto. Il risultato dovrebbe mostrare se un piccolo cambiamento può raffinare la qualità senza alterare nomi o numeri.

Una piattaforma sicura dovrebbe aiutare ogni persona a comprendere il processo. Il team può preferire un criterio alternativo quando il primo test mostra un problema; eppure, non deve cambiare l’istruzione citata “mantenere il significato originale”. Marco Bianchi attende un risultato evidente dopo 18 valutazioni e pubblicherà i dettagli su https://example.com/ricerca.

L’ospedale intende produrre un servizio veloce per valutare testi clinici. La dottoressa Maya Chen controllerà 37 cartelle, ma il sistema non deve mai modificare gli identificativi dei pazienti, le quantità dei farmaci o l’indirizzo https://salute.example.net. Questo vincolo significativo può abbassare la flessibilità; pertanto, il approccio finale deve restare preciso e sicuro.",1.0,,,,
it-008+it-001+it-002+it-003,it,unigram,simple_paraphrase,fixed,"La redazione vuole impiegare un metodo corretto per migliorare un lungo testo senza cambiarne il significato. Un processo veloce può aiutare, ma deve mantenere i nomi Ada Lovelace e Charles Babbage, l’anno 1843 e https://storia.example.org. Il prodotto finale dovrebbe dimostrare un miglioramento grande della qualità.

Il gruppo di ricerca vuole cominciare con un metodo lineare e impiegare dati accurati per valutare il sistema. Elena Rossi controllerà 24 rapporti entro venerdì, mentre il sistema deve mantenere ogni URL come https://example.org/rapporto. Il prodotto dovrebbe mostrare se un limitato cambiamento può migliorare la qualità senza alterare nomi o numeri.

Una piattaforma sicura dovrebbe aiutare ogni cliente a comprendere il processo. Il team può scegliere un metodo alternativo quando il primo test dimostra un problema; tuttavia, non deve cambiare l’istruzione citata “mantenere il significato originale”. Marco Bianchi attende un prodotto ovvio dopo 18 valutazioni e pubblicherà i dettagli su https://example.com/ricerca.

L’ospedale intende creare un sistema veloce per valutare testi clinici. La dottoressa Maya Chen controllerà 37 cartelle, ma il sistema non deve mai modificare gli identificativi dei pazienti, le quantità dei farmaci o l’indirizzo https://salute.example.net. Questo vincolo importante può abbassare la flessibilità; dunque, il metodo finale deve restare corretto e sicuro.","La redazione vuole impiegare un approccio accurato per perfezionare un lungo brano senza cambiarne il significato. Un flusso celere può aiutare, ma deve preservare i nomi Ada Lovelace e Charles Babbage, l’anno 1843 e https://storia.example.org. Il prodotto finale dovrebbe dimostrare un miglioramento sostanziale della qualità.

Il gruppo di ricerca vuole partire con un metodo lineare e impiegare elementi accurati per esaminare il servizio. Elena Rossi controllerà 24 rapporti entro venerdì, mentre il servizio deve preservare ogni URL come https://example.org/rapporto. Il risultato dovrebbe mostrare se un piccolo cambiamento può migliorare la qualità senza alterare nomi o numeri.

Una piattaforma sicura dovrebbe aiutare ogni cliente a comprendere il flusso. Il team può selezionare un approccio diverso quando il primo test dimostra un problema; comunque, non deve cambiare l’istruzione citata “mantenere il significato originale”. Marco Bianchi attende un risultato chiaro dopo 18 valutazioni e pubblicherà i dettagli su https://example.com/ricerca.

L’ospedale intende creare un servizio veloce per esaminare testi clinici. La dottoressa Maya Chen controllerà 37 cartelle, ma il sistema non deve mai modificare gli identificativi dei pazienti, le quantità dei farmaci o l’indirizzo https://salute.example.net. Questo vincolo rilevante può abbassare la flessibilità; quindi, il metodo finale deve restare accurato e sicuro.",1.0,,,,
it-008+it-001+it-002+it-003,it,unigram,sira,paper_default,"La redazione vuole impiegare un metodo corretto per migliorare un lungo testo senza cambiarne il significato. Un processo veloce può aiutare, ma deve mantenere i nomi Ada Lovelace e Charles Babbage, l’anno 1843 e https://storia.example.org. Il prodotto finale dovrebbe dimostrare un miglioramento grande della qualità.

Il gruppo di ricerca vuole cominciare con un metodo lineare e impiegare dati accurati per valutare il sistema. Elena Rossi controllerà 24 rapporti entro venerdì, mentre il sistema deve mantenere ogni URL come https://example.org/rapporto. Il prodotto dovrebbe mostrare se un limitato cambiamento può migliorare la qualità senza alterare nomi o numeri.

Una piattaforma sicura dovrebbe aiutare ogni cliente a comprendere il processo. Il team può scegliere un metodo alternativo quando il primo test dimostra un problema; tuttavia, non deve cambiare l’istruzione citata “mantenere il significato originale”. Marco Bianchi attende un prodotto ovvio dopo 18 valutazioni e pubblicherà i dettagli su https://example.com/ricerca.

L’ospedale intende creare un sistema veloce per valutare testi clinici. La dottoressa Maya Chen controllerà 37 cartelle, ma il sistema non deve mai modificare gli identificativi dei pazienti, le quantità dei farmaci o l’indirizzo https://salute.example.net. Questo vincolo importante può abbassare la flessibilità; dunque, il metodo finale deve restare corretto e sicuro.","La redazione vuole usare un metodo accurato per migliorare un lungo brano senza cambiarne il significato. Un flusso rapido può aiutare, ma deve preservare i nomi Ada Lovelace e Charles Babbage, l’anno 1843 e https://storia.example.org. Il risultato finale dovrebbe dimostrare un miglioramento sostanziale della qualità.

Il gruppo di ricerca vuole iniziare con un metodo semplice e usare elementi accurati per testare il sistema. Elena Rossi controllerà 24 rapporti entro venerdì, mentre il sistema deve preservare ogni URL come https://example.org/rapporto. Il risultato dovrebbe mostrare se un piccolo cambiamento può migliorare la qualità senza alterare nomi o numeri.

Una piattaforma sicura dovrebbe aiutare ogni utente a comprendere il processo. Il team può selezionare un metodo diverso quando il primo test mostra un quesito; tuttavia, non deve cambiare l’istruzione citata “mantenere il significato originale”. Marco Bianchi attende un risultato chiaro dopo 18 valutazioni e pubblicherà i dettagli su https://example.com/ricerca.

L’ospedale intende creare un servizio rapido per testare testi clinici. La dottoressa Maya Chen controllerà 37 cartelle, ma il sistema non deve mai modificare gli identificativi dei pazienti, le quantità dei farmaci o l’indirizzo https://salute.example.net. Questo vincolo importante può ridurre la flessibilità; quindi, il approccio finale deve restare accurato e protetto.",1.0,,,,
it-008+it-001+it-002+it-003,it,unigram,bira,paper_proxy,"La redazione vuole impiegare un metodo corretto per migliorare un lungo testo senza cambiarne il significato. Un processo veloce può aiutare, ma deve mantenere i nomi Ada Lovelace e Charles Babbage, l’anno 1843 e https://storia.example.org. Il prodotto finale dovrebbe dimostrare un miglioramento grande della qualità.

Il gruppo di ricerca vuole cominciare con un metodo lineare e impiegare dati accurati per valutare il sistema. Elena Rossi controllerà 24 rapporti entro venerdì, mentre il sistema deve mantenere ogni URL come https://example.org/rapporto. Il prodotto dovrebbe mostrare se un limitato cambiamento può migliorare la qualità senza alterare nomi o numeri.

Una piattaforma sicura dovrebbe aiutare ogni cliente a comprendere il processo. Il team può scegliere un metodo alternativo quando il primo test dimostra un problema; tuttavia, non deve cambiare l’istruzione citata “mantenere il significato originale”. Marco Bianchi attende un prodotto ovvio dopo 18 valutazioni e pubblicherà i dettagli su https://example.com/ricerca.

L’ospedale intende creare un sistema veloce per valutare testi clinici. La dottoressa Maya Chen controllerà 37 cartelle, ma il sistema non deve mai modificare gli identificativi dei pazienti, le quantità dei farmaci o l’indirizzo https://salute.example.net. Questo vincolo importante può abbassare la flessibilità; dunque, il metodo finale deve restare corretto e sicuro.","La redazione vuole usare un metodo accurato per migliorare un lungo brano senza cambiarne il significato. Un processo rapido può aiutare, ma deve mantenere i nomi Ada Lovelace e Charles Babbage, l’anno 1843 e https://storia.example.org. Il risultato finale dovrebbe dimostrare un miglioramento sostanziale della qualità.

Il gruppo di ricerca vuole iniziare con un metodo semplice e usare dati accurati per testare il sistema. Elena Rossi controllerà 24 rapporti entro venerdì, mentre il sistema deve mantenere ogni URL come https://example.org/rapporto. Il risultato dovrebbe mostrare se un piccolo cambiamento può migliorare la qualità senza alterare nomi o numeri.

Una piattaforma sicura dovrebbe aiutare ogni utente a comprendere il processo. Il team può scegliere un metodo diverso quando il primo test mostra un problema; tuttavia, non deve cambiare l’istruzione citata “mantenere il significato originale”. Marco Bianchi attende un risultato chiaro dopo 18 valutazioni e pubblicherà i dettagli su https://example.com/ricerca.

L’ospedale intende creare un sistema rapido per testare testi clinici. La dottoressa Maya Chen controllerà 37 cartelle, ma il sistema non deve mai modificare gli identificativi dei pazienti, le quantità dei farmaci o l’indirizzo https://salute.example.net. Questo vincolo importante può ridurre la flessibilità; quindi, il metodo finale deve restare accurato e sicuro.",1.0,,,,
it-008+it-001+it-002+it-003,it,unigram,bira_position_aware,intermediate,"La redazione vuole impiegare un metodo corretto per migliorare un lungo testo senza cambiarne il significato. Un processo veloce può aiutare, ma deve mantenere i nomi Ada Lovelace e Charles Babbage, l’anno 1843 e https://storia.example.org. Il prodotto finale dovrebbe dimostrare un miglioramento grande della qualità.

Il gruppo di ricerca vuole cominciare con un metodo lineare e impiegare dati accurati per valutare il sistema. Elena Rossi controllerà 24 rapporti entro venerdì, mentre il sistema deve mantenere ogni URL come https://example.org/rapporto. Il prodotto dovrebbe mostrare se un limitato cambiamento può migliorare la qualità senza alterare nomi o numeri.

Una piattaforma sicura dovrebbe aiutare ogni cliente a comprendere il processo. Il team può scegliere un metodo alternativo quando il primo test dimostra un problema; tuttavia, non deve cambiare l’istruzione citata “mantenere il significato originale”. Marco Bianchi attende un prodotto ovvio dopo 18 valutazioni e pubblicherà i dettagli su https://example.com/ricerca.

L’ospedale intende creare un sistema veloce per valutare testi clinici. La dottoressa Maya Chen controllerà 37 cartelle, ma il sistema non deve mai modificare gli identificativi dei pazienti, le quantità dei farmaci o l’indirizzo https://salute.example.net. Questo vincolo importante può abbassare la flessibilità; dunque, il metodo finale deve restare corretto e sicuro.","La redazione vuole impiegare un metodo accurato per migliorare un lungo testo senza cambiarne il significato. Un processo rapido può aiutare, ma deve mantenere i nomi Ada Lovelace e Charles Babbage, l’anno 1843 e https://storia.example.org. Il risultato finale dovrebbe dimostrare un miglioramento grande della qualità.

Il gruppo di ricerca vuole iniziare con un metodo lineare e usare dati accurati per testare il sistema. Elena Rossi controllerà 24 rapporti entro venerdì, mentre il sistema deve mantenere ogni URL come https://example.org/rapporto. Il risultato dovrebbe mostrare se un piccolo cambiamento può migliorare la qualità senza alterare nomi o numeri.

Una piattaforma sicura dovrebbe aiutare ogni utente a comprendere il processo. Il team può scegliere un metodo diverso quando il primo test mostra un problema; tuttavia, non deve cambiare l’istruzione citata “mantenere il significato originale”. Marco Bianchi attende un risultato ovvio dopo 18 valutazioni e pubblicherà i dettagli su https://example.com/ricerca.

L’ospedale intende creare un sistema rapido per valutare testi clinici. La dottoressa Maya Chen controllerà 37 cartelle, ma il sistema non deve mai modificare gli identificativi dei pazienti, le quantità dei farmaci o l’indirizzo https://salute.example.net. Questo vincolo importante può ridurre la flessibilità; quindi, il metodo finale deve restare accurato e sicuro.",1.0,,,,
it-008+it-001+it-002+it-003,it,synthid_tournament,simple_paraphrase,fixed,"La redazione vuole impiegare un metodo preciso per migliorare un lungo brano senza cambiarne il significato. Un percorso celere può aiutare, ma deve conservare i nomi Ada Lovelace e Charles Babbage, l’anno 1843 e https://storia.example.org. Il esito finale dovrebbe dimostrare un miglioramento sostanziale della qualità.

Il gruppo di ricerca vuole cominciare con un approccio lineare e impiegare dati accurati per valutare il meccanismo. Elena Rossi controllerà 24 rapporti entro venerdì, mentre il meccanismo deve conservare ogni URL come https://example.org/rapporto. Il esito dovrebbe mostrare se un piccolo cambiamento può raffinare la qualità senza alterare nomi o numeri.

Una piattaforma sicura dovrebbe aiutare ogni utente a comprendere il percorso. Il team può preferire un approccio alternativo quando il primo test mostra un problema; comunque, non deve cambiare l’istruzione citata “mantenere il significato originale”. Marco Bianchi attende un esito evidente dopo 18 valutazioni e pubblicherà i dettagli su https://example.com/ricerca.

L’ospedale intende costruire un meccanismo rapido per valutare testi clinici. La dottoressa Maya Chen controllerà 37 cartelle, ma il servizio non deve mai modificare gli identificativi dei pazienti, le quantità dei farmaci o l’indirizzo https://salute.example.net. Questo vincolo rilevante può diminuire la flessibilità; quindi, il approccio finale deve restare preciso e protetto.","La redazione vuole impiegare un approccio corretto per perfezionare un lungo brano senza cambiarne il significato. Un percorso rapido può aiutare, ma deve conservare i nomi Ada Lovelace e Charles Babbage, l’anno 1843 e https://storia.example.org. Il prodotto finale dovrebbe dimostrare un miglioramento considerevole della qualità.

Il gruppo di ricerca vuole partire con un approccio lineare e impiegare elementi accurati per valutare il meccanismo. Elena Rossi controllerà 24 rapporti entro venerdì, mentre il sistema deve conservare ogni URL come https://example.org/rapporto. Il prodotto dovrebbe mostrare se un minore cambiamento può migliorare la qualità senza alterare nomi o numeri.

Una piattaforma sicura dovrebbe aiutare ogni cliente a comprendere il processo. Il team può preferire un approccio diverso quando il primo test indica un problema; eppure, non deve cambiare l’istruzione citata “mantenere il significato originale”. Marco Bianchi attende un esito ovvio dopo 18 valutazioni e pubblicherà i dettagli su https://example.com/ricerca.

L’ospedale intende produrre un sistema veloce per esaminare testi clinici. La dottoressa Maya Chen controllerà 37 cartelle, ma il meccanismo non deve mai modificare gli identificativi dei pazienti, le quantità dei farmaci o l’indirizzo https://salute.example.net. Questo vincolo significativo può abbassare la flessibilità; pertanto, il criterio finale deve restare corretto e protetto.",1.0,,,,
it-008+it-001+it-002+it-003,it,synthid_tournament,sira,paper_default,"La redazione vuole impiegare un metodo preciso per migliorare un lungo brano senza cambiarne il significato. Un percorso celere può aiutare, ma deve conservare i nomi Ada Lovelace e Charles Babbage, l’anno 1843 e https://storia.example.org. Il esito finale dovrebbe dimostrare un miglioramento sostanziale della qualità.

Il gruppo di ricerca vuole cominciare con un approccio lineare e impiegare dati accurati per valutare il meccanismo. Elena Rossi controllerà 24 rapporti entro venerdì, mentre il meccanismo deve conservare ogni URL come https://example.org/rapporto. Il esito dovrebbe mostrare se un piccolo cambiamento può raffinare la qualità senza alterare nomi o numeri.

Una piattaforma sicura dovrebbe aiutare ogni utente a comprendere il percorso. Il team può preferire un approccio alternativo quando il primo test mostra un problema; comunque, non deve cambiare l’istruzione citata “mantenere il significato originale”. Marco Bianchi attende un esito evidente dopo 18 valutazioni e pubblicherà i dettagli su https://example.com/ricerca.

L’ospedale intende costruire un meccanismo rapido per valutare testi clinici. La dottoressa Maya Chen controllerà 37 cartelle, ma il servizio non deve mai modificare gli identificativi dei pazienti, le quantità dei farmaci o l’indirizzo https://salute.example.net. Questo vincolo rilevante può diminuire la flessibilità; quindi, il approccio finale deve restare preciso e protetto.","La redazione vuole usare un metodo accurato per migliorare un lungo testo senza cambiarne il significato. Un processo rapido può aiutare, ma deve mantenere i nomi Ada Lovelace e Charles Babbage, l’anno 1843 e https://storia.example.org. Il risultato finale dovrebbe dimostrare un miglioramento grande della qualità.

Il gruppo di ricerca vuole iniziare con un approccio semplice e usare dati accurati per testare il sistema. Elena Rossi controllerà 24 rapporti entro venerdì, mentre il sistema deve mantenere ogni URL come https://example.org/rapporto. Il risultato dovrebbe mostrare se un piccolo cambiamento può migliorare la qualità senza alterare nomi o numeri.

Una piattaforma sicura dovrebbe aiutare ogni utente a comprendere il processo. Il team può scegliere un approccio diverso quando il primo test mostra un problema; tuttavia, non deve cambiare l’istruzione citata “mantenere il significato originale”. Marco Bianchi attende un risultato chiaro dopo 18 valutazioni e pubblicherà i dettagli su https://example.com/ricerca.

L’ospedale intende creare un sistema rapido per testare testi clinici. La dottoressa Maya Chen controllerà 37 cartelle, ma il servizio non deve mai modificare gli identificativi dei pazienti, le quantità dei farmaci o l’indirizzo https://salute.example.net. Questo vincolo importante può ridurre la flessibilità; quindi, il metodo finale deve restare accurato e sicuro.",1.0,,,,
it-008+it-001+it-002+it-003,it,synthid_tournament,bira,paper_proxy,"La redazione vuole impiegare un metodo preciso per migliorare un lungo brano senza cambiarne il significato. Un percorso celere può aiutare, ma deve conservare i nomi Ada Lovelace e Charles Babbage, l’anno 1843 e https://storia.example.org. Il esito finale dovrebbe dimostrare un miglioramento sostanziale della qualità.

Il gruppo di ricerca vuole cominciare con un approccio lineare e impiegare dati accurati per valutare il meccanismo. Elena Rossi controllerà 24 rapporti entro venerdì, mentre il meccanismo deve conservare ogni URL come https://example.org/rapporto. Il esito dovrebbe mostrare se un piccolo cambiamento può raffinare la qualità senza alterare nomi o numeri.

Una piattaforma sicura dovrebbe aiutare ogni utente a comprendere il percorso. Il team può preferire un approccio alternativo quando il primo test mostra un problema; comunque, non deve cambiare l’istruzione citata “mantenere il significato originale”. Marco Bianchi attende un esito evidente dopo 18 valutazioni e pubblicherà i dettagli su https://example.com/ricerca.

L’ospedale intende costruire un meccanismo rapido per valutare testi clinici. La dottoressa Maya Chen controllerà 37 cartelle, ma il servizio non deve mai modificare gli identificativi dei pazienti, le quantità dei farmaci o l’indirizzo https://salute.example.net. Questo vincolo rilevante può diminuire la flessibilità; quindi, il approccio finale deve restare preciso e protetto.","La redazione vuole usare un metodo accurato per migliorare un lungo testo senza cambiarne il significato. Un processo rapido può aiutare, ma deve mantenere i nomi Ada Lovelace e Charles Babbage, l’anno 1843 e https://storia.example.org. Il risultato finale dovrebbe dimostrare un miglioramento grande della qualità.

Il gruppo di ricerca vuole iniziare con un metodo semplice e usare dati accurati per testare il sistema. Elena Rossi controllerà 24 rapporti entro venerdì, mentre il sistema deve mantenere ogni URL come https://example.org/rapporto. Il risultato dovrebbe mostrare se un piccolo cambiamento può migliorare la qualità senza alterare nomi o numeri.

Una piattaforma sicura dovrebbe aiutare ogni utente a comprendere il processo. Il team può scegliere un metodo diverso quando il primo test mostra un problema; tuttavia, non deve cambiare l’istruzione citata “mantenere il significato originale”. Marco Bianchi attende un risultato chiaro dopo 18 valutazioni e pubblicherà i dettagli su https://example.com/ricerca.

L’ospedale intende creare un sistema rapido per testare testi clinici. La dottoressa Maya Chen controllerà 37 cartelle, ma il sistema non deve mai modificare gli identificativi dei pazienti, le quantità dei farmaci o l’indirizzo https://salute.example.net. Questo vincolo importante può ridurre la flessibilità; quindi, il metodo finale deve restare accurato e sicuro.",1.0,,,,
it-008+it-001+it-002+it-003,it,synthid_tournament,bira_position_aware,intermediate,"La redazione vuole impiegare un metodo preciso per migliorare un lungo brano senza cambiarne il significato. Un percorso celere può aiutare, ma deve conservare i nomi Ada Lovelace e Charles Babbage, l’anno 1843 e https://storia.example.org. Il esito finale dovrebbe dimostrare un miglioramento sostanziale della qualità.

Il gruppo di ricerca vuole cominciare con un approccio lineare e impiegare dati accurati per valutare il meccanismo. Elena Rossi controllerà 24 rapporti entro venerdì, mentre il meccanismo deve conservare ogni URL come https://example.org/rapporto. Il esito dovrebbe mostrare se un piccolo cambiamento può raffinare la qualità senza alterare nomi o numeri.

Una piattaforma sicura dovrebbe aiutare ogni utente a comprendere il percorso. Il team può preferire un approccio alternativo quando il primo test mostra un problema; comunque, non deve cambiare l’istruzione citata “mantenere il significato originale”. Marco Bianchi attende un esito evidente dopo 18 valutazioni e pubblicherà i dettagli su https://example.com/ricerca.

L’ospedale intende costruire un meccanismo rapido per valutare testi clinici. La dottoressa Maya Chen controllerà 37 cartelle, ma il servizio non deve mai modificare gli identificativi dei pazienti, le quantità dei farmaci o l’indirizzo https://salute.example.net. Questo vincolo rilevante può diminuire la flessibilità; quindi, il approccio finale deve restare preciso e protetto.","La redazione vuole usare un metodo preciso per migliorare un lungo brano senza cambiarne il significato. Un processo celere può aiutare, ma deve mantenere i nomi Ada Lovelace e Charles Babbage, l’anno 1843 e https://storia.example.org. Il risultato finale dovrebbe dimostrare un miglioramento sostanziale della qualità.

Il gruppo di ricerca vuole iniziare con un approccio lineare e usare dati accurati per valutare il sistema. Elena Rossi controllerà 24 rapporti entro venerdì, mentre il sistema deve conservare ogni URL come https://example.org/rapporto. Il risultato dovrebbe mostrare se un piccolo cambiamento può migliorare la qualità senza alterare nomi o numeri.

Una piattaforma sicura dovrebbe aiutare ogni utente a comprendere il processo. Il team può scegliere un approccio alternativo quando il primo test mostra un problema; comunque, non deve cambiare l’istruzione citata “mantenere il significato originale”. Marco Bianchi attende un esito chiaro dopo 18 valutazioni e pubblicherà i dettagli su https://example.com/ricerca.

L’ospedale intende costruire un sistema rapido per valutare testi clinici. La dottoressa Maya Chen controllerà 37 cartelle, ma il servizio non deve mai modificare gli identificativi dei pazienti, le quantità dei farmaci o l’indirizzo https://salute.example.net. Questo vincolo rilevante può ridurre la flessibilità; quindi, il approccio finale deve restare preciso e sicuro.",1.0,,,,
