sample_id,language,watermark,pipeline,budget,original,candidate,automatic_semantic_similarity,human_faithfulness_1_5,human_fluency_1_5,human_style_preservation_1_5,human_notes
en-001+en-002+en-003+en-004,en,kgw,simple_paraphrase,intermediate,"The research team will start with a straightforward method and utilize accurate data to test the service. Elena Rossi will check 24 reports before Friday, while the service must preserve every URL such as https://example.org/report. The outcome should show whether a minor change can improve quality without altering names or numbers.

A safe service should help each user understand the operation. The team can select a distinct approach when the first test reveals a challenge; however, it must not change the quoted instruction “keep the original meaning”. Marcus Lee expects a clear outcome after 18 evaluations and will publish the information on https://example.com/research.

The hospital plans to build a quick check service for clinical text. Dr. Maya Chen will check 37 records, but the service must never modify patient identifiers, medicine quantities, or the address https://health.example.net. This important constraint may reduce flexibility; therefore, the final technique must remain precise and secure.

A minor company can use an alternative method to improve user support. The operation should begin with a quick verify, select only important passages, and finish with a accurate report. Daniel Ortiz asked the group not to alter 12 contract values or the reference https://contracts.example.io/v2.","The research team will commence with a straightforward method and utilize accurate details to test the service. Elena Rossi will check 24 reports before Friday, while the service must preserve every URL such as https://example.org/report. The outcome should show whether a limited change can improve quality without altering names or numbers.

A protected platform should help each person understand the operation. The team can pick a separate approach when the first test reveals a challenge; yet, it must not change the quoted instruction “keep the original meaning”. Marcus Lee expects a clear outcome after 18 evaluations and will publish the information on https://example.com/research.

The hospital plans to build a fast check service for clinical text. Dr. Maya Chen will check 37 records, but the service must never modify patient identifiers, medicine quantities, or the address https://health.example.net. This significant constraint may lower flexibility; therefore, the final technique must remain correct and secure.

A limited company can use an alternative procedure to refine user support. The operation should begin with a fast verify, select only important passages, and finish with a correct report. Daniel Ortiz asked the group not to alter 12 contract values or the reference https://contracts.example.io/v2.",1.0,,,,
en-001+en-002+en-003+en-004,en,kgw,sira,aggressive,"The research team will start with a straightforward method and utilize accurate data to test the service. Elena Rossi will check 24 reports before Friday, while the service must preserve every URL such as https://example.org/report. The outcome should show whether a minor change can improve quality without altering names or numbers.

A safe service should help each user understand the operation. The team can select a distinct approach when the first test reveals a challenge; however, it must not change the quoted instruction “keep the original meaning”. Marcus Lee expects a clear outcome after 18 evaluations and will publish the information on https://example.com/research.

The hospital plans to build a quick check service for clinical text. Dr. Maya Chen will check 37 records, but the service must never modify patient identifiers, medicine quantities, or the address https://health.example.net. This important constraint may reduce flexibility; therefore, the final technique must remain precise and secure.

A minor company can use an alternative method to improve user support. The operation should begin with a quick verify, select only important passages, and finish with a accurate report. Daniel Ortiz asked the group not to alter 12 contract values or the reference https://contracts.example.io/v2.","The research team will commence with a direct method and employ correct data to test the platform. Elena Rossi will check 24 reports before Friday, while the platform must retain every URL such as https://example.org/report. The finding should show whether a limited change can improve quality without altering names or numbers.

A protected platform should help each user understand the workflow. The team can pick a separate approach when the first test reveals a difficulty; yet, it must not change the quoted instruction “keep the original meaning”. Marcus Lee expects a clear finding after 18 evaluations and will publish the details on https://example.com/research.

The hospital plans to produce a fast check platform for clinical text. Dr. Maya Chen will check 37 records, but the platform must never modify patient identifiers, medicine quantities, or the address https://health.example.net. This important constraint may reduce flexibility; therefore, the final procedure must remain correct and protected.

A limited company can use an alternative procedure to improve person support. The workflow should begin with a quick inspect, pick only significant passages, and conclude with a correct report. Daniel Ortiz asked the group not to alter 12 contract values or the reference https://contracts.example.io/v2.",1.0,,,,
en-001+en-002+en-003+en-004,en,kgw,bira,aggressive,"The research team will start with a straightforward method and utilize accurate data to test the service. Elena Rossi will check 24 reports before Friday, while the service must preserve every URL such as https://example.org/report. The outcome should show whether a minor change can improve quality without altering names or numbers.

A safe service should help each user understand the operation. The team can select a distinct approach when the first test reveals a challenge; however, it must not change the quoted instruction “keep the original meaning”. Marcus Lee expects a clear outcome after 18 evaluations and will publish the information on https://example.com/research.

The hospital plans to build a quick check service for clinical text. Dr. Maya Chen will check 37 records, but the service must never modify patient identifiers, medicine quantities, or the address https://health.example.net. This important constraint may reduce flexibility; therefore, the final technique must remain precise and secure.

A minor company can use an alternative method to improve user support. The operation should begin with a quick verify, select only important passages, and finish with a accurate report. Daniel Ortiz asked the group not to alter 12 contract values or the reference https://contracts.example.io/v2.","The research team will commence with a direct method and employ correct data to test the platform. Elena Rossi will check 24 reports before Friday, while the platform must retain every URL such as https://example.org/report. The finding should show whether a limited change can improve quality without altering names or numbers.

A protected platform should help each person understand the workflow. The team can pick a separate approach when the first test reveals a difficulty; yet, it must not change the quoted instruction “keep the original meaning”. Marcus Lee expects a clear finding after 18 evaluations and will publish the details on https://example.com/research.

The hospital plans to produce a quick check platform for clinical text. Dr. Maya Chen will check 37 records, but the platform must never modify patient identifiers, medicine quantities, or the address https://health.example.net. This significant constraint may reduce flexibility; therefore, the final procedure must remain correct and protected.

A limited company can use an alternative method to improve person support. The workflow should begin with a quick inspect, pick only significant passages, and conclude with a correct report. Daniel Ortiz asked the group not to alter 12 contract values or the reference https://contracts.example.io/v2.",1.0,,,,
en-001+en-002+en-003+en-004,en,kgw,bira_position_aware,intermediate,"The research team will start with a straightforward method and utilize accurate data to test the service. Elena Rossi will check 24 reports before Friday, while the service must preserve every URL such as https://example.org/report. The outcome should show whether a minor change can improve quality without altering names or numbers.

A safe service should help each user understand the operation. The team can select a distinct approach when the first test reveals a challenge; however, it must not change the quoted instruction “keep the original meaning”. Marcus Lee expects a clear outcome after 18 evaluations and will publish the information on https://example.com/research.

The hospital plans to build a quick check service for clinical text. Dr. Maya Chen will check 37 records, but the service must never modify patient identifiers, medicine quantities, or the address https://health.example.net. This important constraint may reduce flexibility; therefore, the final technique must remain precise and secure.

A minor company can use an alternative method to improve user support. The operation should begin with a quick verify, select only important passages, and finish with a accurate report. Daniel Ortiz asked the group not to alter 12 contract values or the reference https://contracts.example.io/v2.","The research team will commence with a straightforward method and employ accurate data to test the platform. Elena Rossi will check 24 reports before Friday, while the platform must preserve every URL such as https://example.org/report. The finding should show whether a limited change can improve quality without altering names or numbers.

A safe platform should help each user understand the workflow. The team can select a separate approach when the first test reveals a difficulty; however, it must not change the quoted instruction “keep the original meaning”. Marcus Lee expects a clear outcome after 18 evaluations and will publish the details on https://example.com/research.

The hospital plans to produce a quick check platform for clinical text. Dr. Maya Chen will check 37 records, but the platform must never modify patient identifiers, medicine quantities, or the address https://health.example.net. This important constraint may reduce flexibility; therefore, the final procedure must remain precise and secure.

A limited company can use an alternative method to improve user support. The workflow should begin with a quick inspect, select only important passages, and finish with a accurate report. Daniel Ortiz asked the group not to alter 12 contract values or the reference https://contracts.example.io/v2.",1.0,,,,
en-001+en-002+en-003+en-004,en,unigram,simple_paraphrase,intermediate,"The research team will begin with a straightforward technique and utilize precise information to test the system. Elena Rossi will verify 24 reports before Friday, while the system must keep every URL such as https://example.org/report. The outcome should show whether a small change can enhance quality without altering names or numbers.

A secure system should help each customer understand the process. The team can select a distinct approach when the first test reveals a challenge; however, it must not change the quoted instruction “keep the original meaning”. Marcus Lee expects a clear outcome after 18 evaluations and will publish the information on https://example.com/research.

The hospital plans to build a rapid verify system for clinical passage. Dr. Maya Chen will verify 37 records, but the system must never modify patient identifiers, medicine quantities, or the address https://health.example.net. This relevant constraint may reduce flexibility; consequently, the final technique must remain precise and secure.

A small company can utilize an alternative technique to enhance customer support. The process should begin with a rapid verify, select only relevant passages, and finish with a precise report. Daniel Ortiz asked the group not to alter 12 contract values or the reference https://contracts.example.io/v2.","The research team will begin with a straightforward procedure and utilize correct information to test the platform. Elena Rossi will verify 24 reports before Friday, while the system must keep every URL such as https://example.org/report. The outcome should show whether a small change can enhance quality without altering names or numbers.

A protected platform should help each person understand the workflow. The team can pick a separate approach when the first test reveals a challenge; yet, it must not change the quoted instruction “keep the original meaning”. Marcus Lee expects a clear finding after 18 evaluations and will publish the information on https://example.com/research.

The hospital plans to build a fast verify platform for clinical passage. Dr. Maya Chen will verify 37 records, but the system must never modify patient identifiers, medicine quantities, or the address https://health.example.net. This relevant constraint may lower flexibility; consequently, the final technique must remain correct and secure.

A small company can employ an alternative procedure to enhance customer support. The process should begin with a fast verify, select only relevant passages, and finish with a precise report. Daniel Ortiz asked the group not to alter 12 contract values or the reference https://contracts.example.io/v2.",1.0,,,,
en-001+en-002+en-003+en-004,en,unigram,sira,intermediate,"The research team will begin with a straightforward technique and utilize precise information to test the system. Elena Rossi will verify 24 reports before Friday, while the system must keep every URL such as https://example.org/report. The outcome should show whether a small change can enhance quality without altering names or numbers.

A secure system should help each customer understand the process. The team can select a distinct approach when the first test reveals a challenge; however, it must not change the quoted instruction “keep the original meaning”. Marcus Lee expects a clear outcome after 18 evaluations and will publish the information on https://example.com/research.

The hospital plans to build a rapid verify system for clinical passage. Dr. Maya Chen will verify 37 records, but the system must never modify patient identifiers, medicine quantities, or the address https://health.example.net. This relevant constraint may reduce flexibility; consequently, the final technique must remain precise and secure.

A small company can utilize an alternative technique to enhance customer support. The process should begin with a rapid verify, select only relevant passages, and finish with a precise report. Daniel Ortiz asked the group not to alter 12 contract values or the reference https://contracts.example.io/v2.","The research team will begin with a straightforward procedure and employ precise information to test the system. Elena Rossi will inspect 24 reports before Friday, while the system must keep every URL such as https://example.org/report. The finding should show whether a small change can refine quality without altering names or numbers.

A secure system should help each person understand the process. The team can pick a separate approach when the first test reveals a difficulty; however, it must not change the quoted instruction “keep the original meaning”. Marcus Lee expects a clear outcome after 18 evaluations and will publish the information on https://example.com/research.

The hospital plans to produce a rapid inspect system for clinical content. Dr. Maya Chen will inspect 37 records, but the system must never modify patient identifiers, medicine quantities, or the address https://health.example.net. This relevant constraint may reduce flexibility; thus, the final procedure must remain precise and secure.

A small company can employ an alternative technique to refine customer support. The process should begin with a rapid inspect, select only relevant passages, and finish with a precise report. Daniel Ortiz asked the group not to alter 12 contract values or the reference https://contracts.example.io/v2.",1.0,,,,
en-001+en-002+en-003+en-004,en,unigram,bira,intermediate,"The research team will begin with a straightforward technique and utilize precise information to test the system. Elena Rossi will verify 24 reports before Friday, while the system must keep every URL such as https://example.org/report. The outcome should show whether a small change can enhance quality without altering names or numbers.

A secure system should help each customer understand the process. The team can select a distinct approach when the first test reveals a challenge; however, it must not change the quoted instruction “keep the original meaning”. Marcus Lee expects a clear outcome after 18 evaluations and will publish the information on https://example.com/research.

The hospital plans to build a rapid verify system for clinical passage. Dr. Maya Chen will verify 37 records, but the system must never modify patient identifiers, medicine quantities, or the address https://health.example.net. This relevant constraint may reduce flexibility; consequently, the final technique must remain precise and secure.

A small company can utilize an alternative technique to enhance customer support. The process should begin with a rapid verify, select only relevant passages, and finish with a precise report. Daniel Ortiz asked the group not to alter 12 contract values or the reference https://contracts.example.io/v2.","The research team will begin with a straightforward technique and employ precise information to test the system. Elena Rossi will inspect 24 reports before Friday, while the system must keep every URL such as https://example.org/report. The outcome should show whether a small change can refine quality without altering names or numbers.

A secure system should help each person understand the process. The team can pick a separate approach when the first test reveals a difficulty; however, it must not change the quoted instruction “keep the original meaning”. Marcus Lee expects a clear outcome after 18 evaluations and will publish the details on https://example.com/research.

The hospital plans to produce a rapid inspect system for clinical content. Dr. Maya Chen will inspect 37 records, but the system must never modify patient identifiers, medicine quantities, or the address https://health.example.net. This relevant constraint may reduce flexibility; thus, the final technique must remain precise and secure.

A small company can employ an alternative technique to refine person support. The process should begin with a rapid inspect, pick only relevant passages, and finish with a precise report. Daniel Ortiz asked the group not to alter 12 contract values or the reference https://contracts.example.io/v2.",1.0,,,,
en-001+en-002+en-003+en-004,en,unigram,bira_position_aware,intermediate,"The research team will begin with a straightforward technique and utilize precise information to test the system. Elena Rossi will verify 24 reports before Friday, while the system must keep every URL such as https://example.org/report. The outcome should show whether a small change can enhance quality without altering names or numbers.

A secure system should help each customer understand the process. The team can select a distinct approach when the first test reveals a challenge; however, it must not change the quoted instruction “keep the original meaning”. Marcus Lee expects a clear outcome after 18 evaluations and will publish the information on https://example.com/research.

The hospital plans to build a rapid verify system for clinical passage. Dr. Maya Chen will verify 37 records, but the system must never modify patient identifiers, medicine quantities, or the address https://health.example.net. This relevant constraint may reduce flexibility; consequently, the final technique must remain precise and secure.

A small company can utilize an alternative technique to enhance customer support. The process should begin with a rapid verify, select only relevant passages, and finish with a precise report. Daniel Ortiz asked the group not to alter 12 contract values or the reference https://contracts.example.io/v2.","The research team will begin with a straightforward technique and employ precise information to test the system. Elena Rossi will inspect 24 reports before Friday, while the system must keep every URL such as https://example.org/report. The finding should show whether a small change can refine quality without altering names or numbers.

A secure system should help each person understand the process. The team can select a separate approach when the first test reveals a difficulty; however, it must not change the quoted instruction “keep the original meaning”. Marcus Lee expects a clear outcome after 18 evaluations and will publish the details on https://example.com/research.

The hospital plans to build a rapid inspect system for clinical content. Dr. Maya Chen will inspect 37 records, but the system must never modify patient identifiers, medicine quantities, or the address https://health.example.net. This significant constraint may reduce flexibility; thus, the final procedure must remain precise and protected.

A small company can employ an alternative technique to refine customer support. The process should begin with a rapid inspect, select only relevant passages, and finish with a precise report. Daniel Ortiz asked the group not to alter 12 contract values or the reference https://contracts.example.io/v2.",1.0,,,,
en-001+en-002+en-003+en-004,en,synthid_tournament,simple_paraphrase,conservative,"The research team will begin with a simple method and utilize precise data to test the service. Elena Rossi will verify 24 reports before Friday, while the service must keep every URL such as https://example.org/report. The result should indicate whether a minor change can enhance quality without altering names or numbers.

A secure service should help each user understand the operation. The team can choose a distinct approach when the first test reveals a problem; however, it must not change the quoted instruction “keep the original meaning”. Marcus Lee expects a plain result after 18 evaluations and will publish the information on https://example.com/research.

The hospital plans to create a quick verify service for clinical text. Dr. Maya Chen will check 37 records, but the system must never modify patient identifiers, medicine quantities, or the address https://health.example.net. This important constraint may reduce flexibility; consequently, the final technique must remain accurate and safe.

A minor company can use an alternative method to improve customer support. The process should begin with a rapid check, select only important passages, and end with a precise report. Daniel Ortiz asked the group not to alter 12 contract values or the reference https://contracts.example.io/v2.","The research team will begin with a direct method and utilize correct data to test the service. Elena Rossi will verify 24 reports before Friday, while the service must keep every URL such as https://example.org/report. The result should indicate whether a minor change can enhance quality without altering names or numbers.

A secure service should help each person understand the operation. The team can choose a separate approach when the first test reveals a problem; yet, it must not change the quoted instruction “keep the original meaning”. Marcus Lee expects a plain result after 18 evaluations and will publish the information on https://example.com/research.

The hospital plans to create a fast verify service for clinical text. Dr. Maya Chen will check 37 records, but the system must never modify patient identifiers, medicine quantities, or the address https://health.example.net. This significant constraint may reduce flexibility; consequently, the final technique must remain accurate and safe.

A minor company can use an alternative procedure to improve customer support. The process should begin with a rapid check, select only important passages, and end with a precise report. Daniel Ortiz asked the group not to alter 12 contract values or the reference https://contracts.example.io/v2.",1.0,,,,
en-001+en-002+en-003+en-004,en,synthid_tournament,sira,conservative,"The research team will begin with a simple method and utilize precise data to test the service. Elena Rossi will verify 24 reports before Friday, while the service must keep every URL such as https://example.org/report. The result should indicate whether a minor change can enhance quality without altering names or numbers.

A secure service should help each user understand the operation. The team can choose a distinct approach when the first test reveals a problem; however, it must not change the quoted instruction “keep the original meaning”. Marcus Lee expects a plain result after 18 evaluations and will publish the information on https://example.com/research.

The hospital plans to create a quick verify service for clinical text. Dr. Maya Chen will check 37 records, but the system must never modify patient identifiers, medicine quantities, or the address https://health.example.net. This important constraint may reduce flexibility; consequently, the final technique must remain accurate and safe.

A minor company can use an alternative method to improve customer support. The process should begin with a rapid check, select only important passages, and end with a precise report. Daniel Ortiz asked the group not to alter 12 contract values or the reference https://contracts.example.io/v2.","The research team will begin with a simple method and employ precise data to test the service. Elena Rossi will inspect 24 reports before Friday, while the service must keep every URL such as https://example.org/report. The result should indicate whether a limited change can refine quality without altering names or numbers.

A secure service should help each user understand the workflow. The team can choose a separate approach when the first test reveals a problem; however, it must not change the quoted instruction “keep the original meaning”. Marcus Lee expects a definite result after 18 evaluations and will publish the information on https://example.com/research.

The hospital plans to create a quick verify service for clinical text. Dr. Maya Chen will check 37 records, but the system must never modify patient identifiers, medicine quantities, or the address https://health.example.net. This important constraint may reduce flexibility; consequently, the final technique must remain accurate and safe.

A limited company can use an alternative method to improve customer support. The process should begin with a rapid check, select only important passages, and end with a precise report. Daniel Ortiz asked the group not to alter 12 contract values or the reference https://contracts.example.io/v2.",1.0,,,,
en-001+en-002+en-003+en-004,en,synthid_tournament,bira,conservative,"The research team will begin with a simple method and utilize precise data to test the service. Elena Rossi will verify 24 reports before Friday, while the service must keep every URL such as https://example.org/report. The result should indicate whether a minor change can enhance quality without altering names or numbers.

A secure service should help each user understand the operation. The team can choose a distinct approach when the first test reveals a problem; however, it must not change the quoted instruction “keep the original meaning”. Marcus Lee expects a plain result after 18 evaluations and will publish the information on https://example.com/research.

The hospital plans to create a quick verify service for clinical text. Dr. Maya Chen will check 37 records, but the system must never modify patient identifiers, medicine quantities, or the address https://health.example.net. This important constraint may reduce flexibility; consequently, the final technique must remain accurate and safe.

A minor company can use an alternative method to improve customer support. The process should begin with a rapid check, select only important passages, and end with a precise report. Daniel Ortiz asked the group not to alter 12 contract values or the reference https://contracts.example.io/v2.","The research team will begin with a simple method and employ precise data to test the service. Elena Rossi will verify 24 reports before Friday, while the service must keep every URL such as https://example.org/report. The result should indicate whether a limited change can refine quality without altering names or numbers.

A secure service should help each user understand the workflow. The team can choose a separate approach when the first test reveals a problem; however, it must not change the quoted instruction “keep the original meaning”. Marcus Lee expects a definite result after 18 evaluations and will publish the information on https://example.com/research.

The hospital plans to create a quick inspect service for clinical text. Dr. Maya Chen will check 37 records, but the system must never modify patient identifiers, medicine quantities, or the address https://health.example.net. This important constraint may reduce flexibility; consequently, the final technique must remain accurate and safe.

A limited company can use an alternative method to improve customer support. The process should begin with a rapid check, select only important passages, and end with a precise report. Daniel Ortiz asked the group not to alter 12 contract values or the reference https://contracts.example.io/v2.",1.0,,,,
en-001+en-002+en-003+en-004,en,synthid_tournament,bira_position_aware,conservative,"The research team will begin with a simple method and utilize precise data to test the service. Elena Rossi will verify 24 reports before Friday, while the service must keep every URL such as https://example.org/report. The result should indicate whether a minor change can enhance quality without altering names or numbers.

A secure service should help each user understand the operation. The team can choose a distinct approach when the first test reveals a problem; however, it must not change the quoted instruction “keep the original meaning”. Marcus Lee expects a plain result after 18 evaluations and will publish the information on https://example.com/research.

The hospital plans to create a quick verify service for clinical text. Dr. Maya Chen will check 37 records, but the system must never modify patient identifiers, medicine quantities, or the address https://health.example.net. This important constraint may reduce flexibility; consequently, the final technique must remain accurate and safe.

A minor company can use an alternative method to improve customer support. The process should begin with a rapid check, select only important passages, and end with a precise report. Daniel Ortiz asked the group not to alter 12 contract values or the reference https://contracts.example.io/v2.","The research team will begin with a simple method and employ precise data to test the service. Elena Rossi will inspect 24 reports before Friday, while the service must keep every URL such as https://example.org/report. The result should indicate whether a limited change can enhance quality without altering names or numbers.

A secure service should help each user understand the workflow. The team can choose a separate approach when the first test reveals a problem; however, it must not change the quoted instruction “keep the original meaning”. Marcus Lee expects a definite result after 18 evaluations and will publish the information on https://example.com/research.

The hospital plans to create a quick inspect service for clinical text. Dr. Maya Chen will check 37 records, but the system must never modify patient identifiers, medicine quantities, or the address https://health.example.net. This important constraint may reduce flexibility; consequently, the final technique must remain accurate and safe.

A limited company can use an alternative method to improve customer support. The process should begin with a rapid check, select only important passages, and end with a precise report. Daniel Ortiz asked the group not to alter 12 contract values or the reference https://contracts.example.io/v2.",1.0,,,,
en-002+en-003+en-004+en-005,en,kgw,simple_paraphrase,aggressive,"A safe service should help each user understand the operation. The team can select a distinct approach when the first test reveals a challenge; however, it must not change the quoted instruction “keep the original meaning”. Marcus Lee expects a clear outcome after 18 evaluations and will publish the information on https://example.com/research.

The hospital plans to build a quick check service for clinical text. Dr. Maya Chen will check 37 records, but the service must never modify patient identifiers, medicine quantities, or the address https://health.example.net. This important constraint may reduce flexibility; therefore, the final technique must remain precise and secure.

A minor company can use an alternative method to improve user support. The operation should begin with a quick verify, select only important passages, and finish with a accurate report. Daniel Ortiz asked the group not to alter 12 contract values or the reference https://contracts.example.io/v2.

The archive system stores a large collection of historical passage. Researchers want to evaluate a straightforward technique that can change frequent expressions while preserving factual information. Sofia Martin noted that the project has 63 documents and no permission to modify the citation “River Survey, 1984” or https://archive.example.edu.","A safe platform should help each user understand the workflow. The team can select a distinct approach when the first test reveals a difficulty; however, it must not change the quoted instruction “keep the original meaning”. Marcus Lee expects a definite finding after 18 evaluations and will publish the information on https://example.com/research.

The hospital plans to produce a fast inspect platform for clinical content. Dr. Maya Chen will check 37 records, but the platform must never modify patient identifiers, medicine quantities, or the address https://health.example.net. This important constraint may lower flexibility; therefore, the final procedure must remain correct and protected.

A minor company can employ an alternative procedure to refine person support. The workflow should begin with a fast inspect, pick only significant passages, and conclude with a correct report. Daniel Ortiz asked the group not to alter 12 contract values or the reference https://contracts.example.io/v2.

The archive system stores a large collection of historical content. Researchers want to evaluate a straightforward technique that can change widespread expressions while preserving factual details. Sofia Martin noted that the project has 63 documents and no permission to modify the citation “River Survey, 1984” or https://archive.example.edu.",1.0,,,,
en-002+en-003+en-004+en-005,en,kgw,sira,aggressive,"A safe service should help each user understand the operation. The team can select a distinct approach when the first test reveals a challenge; however, it must not change the quoted instruction “keep the original meaning”. Marcus Lee expects a clear outcome after 18 evaluations and will publish the information on https://example.com/research.

The hospital plans to build a quick check service for clinical text. Dr. Maya Chen will check 37 records, but the service must never modify patient identifiers, medicine quantities, or the address https://health.example.net. This important constraint may reduce flexibility; therefore, the final technique must remain precise and secure.

A minor company can use an alternative method to improve user support. The operation should begin with a quick verify, select only important passages, and finish with a accurate report. Daniel Ortiz asked the group not to alter 12 contract values or the reference https://contracts.example.io/v2.

The archive system stores a large collection of historical passage. Researchers want to evaluate a straightforward technique that can change frequent expressions while preserving factual information. Sofia Martin noted that the project has 63 documents and no permission to modify the citation “River Survey, 1984” or https://archive.example.edu.","A protected platform should help each user understand the workflow. The team can pick a separate approach when the first test reveals a difficulty; yet, it must not change the quoted instruction “keep the original meaning”. Marcus Lee expects a clear finding after 18 evaluations and will publish the details on https://example.com/research.

The hospital plans to produce a quick check platform for clinical text. Dr. Maya Chen will check 37 records, but the platform must never modify patient identifiers, medicine quantities, or the address https://health.example.net. This important constraint may reduce flexibility; therefore, the final procedure must remain correct and protected.

A limited company can use an alternative method to improve person support. The workflow should begin with a quick inspect, pick only significant passages, and conclude with a correct report. Daniel Ortiz asked the group not to alter 12 contract values or the reference https://contracts.example.io/v2.

The archive platform stores a large collection of historical content. Researchers want to evaluate a direct procedure that can change widespread expressions while preserving factual details. Sofia Martin noted that the project has 63 documents and no permission to modify the citation “River Survey, 1984” or https://archive.example.edu.",1.0,,,,
en-002+en-003+en-004+en-005,en,kgw,bira,aggressive,"A safe service should help each user understand the operation. The team can select a distinct approach when the first test reveals a challenge; however, it must not change the quoted instruction “keep the original meaning”. Marcus Lee expects a clear outcome after 18 evaluations and will publish the information on https://example.com/research.

The hospital plans to build a quick check service for clinical text. Dr. Maya Chen will check 37 records, but the service must never modify patient identifiers, medicine quantities, or the address https://health.example.net. This important constraint may reduce flexibility; therefore, the final technique must remain precise and secure.

A minor company can use an alternative method to improve user support. The operation should begin with a quick verify, select only important passages, and finish with a accurate report. Daniel Ortiz asked the group not to alter 12 contract values or the reference https://contracts.example.io/v2.

The archive system stores a large collection of historical passage. Researchers want to evaluate a straightforward technique that can change frequent expressions while preserving factual information. Sofia Martin noted that the project has 63 documents and no permission to modify the citation “River Survey, 1984” or https://archive.example.edu.","A protected platform should help each user understand the workflow. The team can pick a separate approach when the first test reveals a difficulty; yet, it must not change the quoted instruction “keep the original meaning”. Marcus Lee expects a clear finding after 18 evaluations and will publish the details on https://example.com/research.

The hospital plans to produce a quick check platform for clinical text. Dr. Maya Chen will check 37 records, but the platform must never modify patient identifiers, medicine quantities, or the address https://health.example.net. This important constraint may reduce flexibility; therefore, the final procedure must remain correct and protected.

A limited company can use an alternative procedure to improve person support. The workflow should begin with a quick inspect, pick only important passages, and conclude with a correct report. Daniel Ortiz asked the group not to alter 12 contract values or the reference https://contracts.example.io/v2.

The archive platform stores a large collection of historical content. Researchers want to evaluate a direct procedure that can change widespread expressions while preserving factual details. Sofia Martin noted that the project has 63 documents and no permission to modify the citation “River Survey, 1984” or https://archive.example.edu.",1.0,,,,
en-002+en-003+en-004+en-005,en,kgw,bira_position_aware,aggressive,"A safe service should help each user understand the operation. The team can select a distinct approach when the first test reveals a challenge; however, it must not change the quoted instruction “keep the original meaning”. Marcus Lee expects a clear outcome after 18 evaluations and will publish the information on https://example.com/research.

The hospital plans to build a quick check service for clinical text. Dr. Maya Chen will check 37 records, but the service must never modify patient identifiers, medicine quantities, or the address https://health.example.net. This important constraint may reduce flexibility; therefore, the final technique must remain precise and secure.

A minor company can use an alternative method to improve user support. The operation should begin with a quick verify, select only important passages, and finish with a accurate report. Daniel Ortiz asked the group not to alter 12 contract values or the reference https://contracts.example.io/v2.

The archive system stores a large collection of historical passage. Researchers want to evaluate a straightforward technique that can change frequent expressions while preserving factual information. Sofia Martin noted that the project has 63 documents and no permission to modify the citation “River Survey, 1984” or https://archive.example.edu.","A safe platform should help each user understand the workflow. The team can pick a separate approach when the first test reveals a difficulty; however, it must not change the quoted instruction “keep the original meaning”. Marcus Lee expects a clear finding after 18 evaluations and will publish the details on https://example.com/research.

The hospital plans to produce a quick check platform for clinical text. Dr. Maya Chen will inspect 37 records, but the platform must never modify patient identifiers, medicine quantities, or the address https://health.example.net. This significant constraint may reduce flexibility; thus, the final procedure must remain correct and protected.

A limited company can use an alternative method to improve person support. The workflow should begin with a quick inspect, pick only significant passages, and conclude with a accurate report. Daniel Ortiz asked the group not to alter 12 contract values or the reference https://contracts.example.io/v2.

The archive platform stores a large collection of historical content. Researchers want to evaluate a direct procedure that can change widespread expressions while preserving factual details. Sofia Martin noted that the project has 63 documents and no permission to modify the citation “River Survey, 1984” or https://archive.example.edu.",1.0,,,,
en-002+en-003+en-004+en-005,en,unigram,simple_paraphrase,aggressive,"A secure system should help each customer understand the process. The team can select a distinct approach when the first test reveals a challenge; however, it must not change the quoted instruction “keep the original meaning”. Marcus Lee expects a clear outcome after 18 evaluations and will publish the information on https://example.com/research.

The hospital plans to build a rapid verify system for clinical passage. Dr. Maya Chen will verify 37 records, but the system must never modify patient identifiers, medicine quantities, or the address https://health.example.net. This relevant constraint may reduce flexibility; consequently, the final technique must remain precise and secure.

A small company can utilize an alternative technique to enhance customer support. The process should begin with a rapid verify, select only relevant passages, and finish with a precise report. Daniel Ortiz asked the group not to alter 12 contract values or the reference https://contracts.example.io/v2.

The archive system stores a large collection of historical passage. Researchers want to evaluate a straightforward technique that can change frequent expressions while preserving factual information. Sofia Martin noted that the project has 63 documents and no permission to modify the citation “River Survey, 1984” or https://archive.example.edu.","A protected platform should help each customer understand the process. The team can select a distinct approach when the first test reveals a difficulty; however, it must not change the quoted instruction “keep the original meaning”. Marcus Lee expects a definite finding after 18 evaluations and will publish the information on https://example.com/research.

The hospital plans to produce a fast inspect platform for clinical content. Dr. Maya Chen will inspect 37 records, but the platform must never modify patient identifiers, medicine quantities, or the address https://health.example.net. This relevant constraint may lower flexibility; thus, the final procedure must remain correct and protected.

A limited company can utilize an alternative procedure to refine customer support. The workflow should begin with a fast inspect, pick only significant passages, and conclude with a correct report. Daniel Ortiz asked the group not to alter 12 contract values or the reference https://contracts.example.io/v2.

The archive system stores a large collection of historical passage. Researchers want to evaluate a straightforward technique that can change widespread expressions while preserving factual details. Sofia Martin noted that the project has 63 documents and no permission to modify the citation “River Survey, 1984” or https://archive.example.edu.",1.0,,,,
en-002+en-003+en-004+en-005,en,unigram,sira,intermediate,"A secure system should help each customer understand the process. The team can select a distinct approach when the first test reveals a challenge; however, it must not change the quoted instruction “keep the original meaning”. Marcus Lee expects a clear outcome after 18 evaluations and will publish the information on https://example.com/research.

The hospital plans to build a rapid verify system for clinical passage. Dr. Maya Chen will verify 37 records, but the system must never modify patient identifiers, medicine quantities, or the address https://health.example.net. This relevant constraint may reduce flexibility; consequently, the final technique must remain precise and secure.

A small company can utilize an alternative technique to enhance customer support. The process should begin with a rapid verify, select only relevant passages, and finish with a precise report. Daniel Ortiz asked the group not to alter 12 contract values or the reference https://contracts.example.io/v2.

The archive system stores a large collection of historical passage. Researchers want to evaluate a straightforward technique that can change frequent expressions while preserving factual information. Sofia Martin noted that the project has 63 documents and no permission to modify the citation “River Survey, 1984” or https://archive.example.edu.","A secure system should help each person understand the process. The team can pick a separate approach when the first test reveals a difficulty; however, it must not change the quoted instruction “keep the original meaning”. Marcus Lee expects a clear outcome after 18 evaluations and will publish the information on https://example.com/research.

The hospital plans to produce a rapid inspect system for clinical content. Dr. Maya Chen will inspect 37 records, but the system must never modify patient identifiers, medicine quantities, or the address https://health.example.net. This significant constraint may reduce flexibility; thus, the final procedure must remain precise and secure.

A small company can employ an alternative technique to refine customer support. The process should begin with a rapid inspect, select only relevant passages, and finish with a precise report. Daniel Ortiz asked the group not to alter 12 contract values or the reference https://contracts.example.io/v2.

The archive system stores a large collection of historical content. Researchers want to evaluate a straightforward technique that can change widespread expressions while preserving factual information. Sofia Martin noted that the project has 63 documents and no permission to modify the citation “River Survey, 1984” or https://archive.example.edu.",1.0,,,,
en-002+en-003+en-004+en-005,en,unigram,bira,intermediate,"A secure system should help each customer understand the process. The team can select a distinct approach when the first test reveals a challenge; however, it must not change the quoted instruction “keep the original meaning”. Marcus Lee expects a clear outcome after 18 evaluations and will publish the information on https://example.com/research.

The hospital plans to build a rapid verify system for clinical passage. Dr. Maya Chen will verify 37 records, but the system must never modify patient identifiers, medicine quantities, or the address https://health.example.net. This relevant constraint may reduce flexibility; consequently, the final technique must remain precise and secure.

A small company can utilize an alternative technique to enhance customer support. The process should begin with a rapid verify, select only relevant passages, and finish with a precise report. Daniel Ortiz asked the group not to alter 12 contract values or the reference https://contracts.example.io/v2.

The archive system stores a large collection of historical passage. Researchers want to evaluate a straightforward technique that can change frequent expressions while preserving factual information. Sofia Martin noted that the project has 63 documents and no permission to modify the citation “River Survey, 1984” or https://archive.example.edu.","A secure system should help each person understand the process. The team can pick a separate approach when the first test reveals a difficulty; however, it must not change the quoted instruction “keep the original meaning”. Marcus Lee expects a clear outcome after 18 evaluations and will publish the information on https://example.com/research.

The hospital plans to produce a rapid inspect system for clinical content. Dr. Maya Chen will inspect 37 records, but the system must never modify patient identifiers, medicine quantities, or the address https://health.example.net. This relevant constraint may reduce flexibility; thus, the final technique must remain precise and secure.

A small company can employ an alternative technique to refine person support. The process should begin with a rapid inspect, pick only relevant passages, and finish with a precise report. Daniel Ortiz asked the group not to alter 12 contract values or the reference https://contracts.example.io/v2.

The archive system stores a large collection of historical content. Researchers want to evaluate a straightforward technique that can change widespread expressions while preserving factual information. Sofia Martin noted that the project has 63 documents and no permission to modify the citation “River Survey, 1984” or https://archive.example.edu.",1.0,,,,
en-002+en-003+en-004+en-005,en,unigram,bira_position_aware,intermediate,"A secure system should help each customer understand the process. The team can select a distinct approach when the first test reveals a challenge; however, it must not change the quoted instruction “keep the original meaning”. Marcus Lee expects a clear outcome after 18 evaluations and will publish the information on https://example.com/research.

The hospital plans to build a rapid verify system for clinical passage. Dr. Maya Chen will verify 37 records, but the system must never modify patient identifiers, medicine quantities, or the address https://health.example.net. This relevant constraint may reduce flexibility; consequently, the final technique must remain precise and secure.

A small company can utilize an alternative technique to enhance customer support. The process should begin with a rapid verify, select only relevant passages, and finish with a precise report. Daniel Ortiz asked the group not to alter 12 contract values or the reference https://contracts.example.io/v2.

The archive system stores a large collection of historical passage. Researchers want to evaluate a straightforward technique that can change frequent expressions while preserving factual information. Sofia Martin noted that the project has 63 documents and no permission to modify the citation “River Survey, 1984” or https://archive.example.edu.","A secure system should help each person understand the process. The team can select a separate approach when the first test reveals a difficulty; however, it must not change the quoted instruction “keep the original meaning”. Marcus Lee expects a clear outcome after 18 evaluations and will publish the details on https://example.com/research.

The hospital plans to build a rapid inspect system for clinical content. Dr. Maya Chen will inspect 37 records, but the system must never modify patient identifiers, medicine quantities, or the address https://health.example.net. This significant constraint may reduce flexibility; thus, the final procedure must remain precise and secure.

A small company can employ an alternative technique to refine customer support. The process should begin with a rapid inspect, select only relevant passages, and finish with a precise report. Daniel Ortiz asked the group not to alter 12 contract values or the reference https://contracts.example.io/v2.

The archive system stores a large collection of historical content. Researchers want to evaluate a straightforward procedure that can change widespread expressions while preserving factual information. Sofia Martin noted that the project has 63 documents and no permission to modify the citation “River Survey, 1984” or https://archive.example.edu.",1.0,,,,
en-002+en-003+en-004+en-005,en,synthid_tournament,simple_paraphrase,conservative,"A secure service should help each user understand the operation. The team can choose a distinct approach when the first test reveals a problem; however, it must not change the quoted instruction “keep the original meaning”. Marcus Lee expects a plain result after 18 evaluations and will publish the information on https://example.com/research.

The hospital plans to create a quick verify service for clinical text. Dr. Maya Chen will check 37 records, but the system must never modify patient identifiers, medicine quantities, or the address https://health.example.net. This important constraint may reduce flexibility; consequently, the final technique must remain accurate and safe.

A minor company can use an alternative method to improve customer support. The process should begin with a rapid check, select only important passages, and end with a precise report. Daniel Ortiz asked the group not to alter 12 contract values or the reference https://contracts.example.io/v2.

The archive system stores a large collection of historical passage. Researchers want to evaluate a straightforward method that can change common expressions while preserving factual data. Sofia Martin noted that the project has 63 documents and no permission to modify the citation “River Survey, 1984” or https://archive.example.edu.","A secure platform should help each user understand the operation. The team can choose a distinct approach when the first test reveals a problem; however, it must not change the quoted instruction “keep the original meaning”. Marcus Lee expects a plain result after 18 evaluations and will publish the information on https://example.com/research.

The hospital plans to create a quick verify service for clinical content. Dr. Maya Chen will check 37 records, but the system must never modify patient identifiers, medicine quantities, or the address https://health.example.net. This important constraint may reduce flexibility; thus, the final technique must remain accurate and safe.

A minor company can employ an alternative method to refine customer support. The process should begin with a rapid check, select only significant passages, and end with a correct report. Daniel Ortiz asked the group not to alter 12 contract values or the reference https://contracts.example.io/v2.

The archive system stores a large collection of historical passage. Researchers want to evaluate a straightforward method that can change common expressions while preserving factual data. Sofia Martin noted that the project has 63 documents and no permission to modify the citation “River Survey, 1984” or https://archive.example.edu.",1.0,,,,
en-002+en-003+en-004+en-005,en,synthid_tournament,sira,conservative,"A secure service should help each user understand the operation. The team can choose a distinct approach when the first test reveals a problem; however, it must not change the quoted instruction “keep the original meaning”. Marcus Lee expects a plain result after 18 evaluations and will publish the information on https://example.com/research.

The hospital plans to create a quick verify service for clinical text. Dr. Maya Chen will check 37 records, but the system must never modify patient identifiers, medicine quantities, or the address https://health.example.net. This important constraint may reduce flexibility; consequently, the final technique must remain accurate and safe.

A minor company can use an alternative method to improve customer support. The process should begin with a rapid check, select only important passages, and end with a precise report. Daniel Ortiz asked the group not to alter 12 contract values or the reference https://contracts.example.io/v2.

The archive system stores a large collection of historical passage. Researchers want to evaluate a straightforward method that can change common expressions while preserving factual data. Sofia Martin noted that the project has 63 documents and no permission to modify the citation “River Survey, 1984” or https://archive.example.edu.","A secure service should help each user understand the workflow. The team can choose a separate approach when the first test reveals a problem; however, it must not change the quoted instruction “keep the original meaning”. Marcus Lee expects a definite result after 18 evaluations and will publish the information on https://example.com/research.

The hospital plans to create a quick inspect service for clinical text. Dr. Maya Chen will check 37 records, but the system must never modify patient identifiers, medicine quantities, or the address https://health.example.net. This important constraint may reduce flexibility; thus, the final procedure must remain accurate and safe.

A limited company can use an alternative method to improve customer support. The process should begin with a rapid check, select only important passages, and end with a precise report. Daniel Ortiz asked the group not to alter 12 contract values or the reference https://contracts.example.io/v2.

The archive system stores a large collection of historical passage. Researchers want to evaluate a straightforward method that can change common expressions while preserving factual data. Sofia Martin noted that the project has 63 documents and no permission to modify the citation “River Survey, 1984” or https://archive.example.edu.",1.0,,,,
en-002+en-003+en-004+en-005,en,synthid_tournament,bira,conservative,"A secure service should help each user understand the operation. The team can choose a distinct approach when the first test reveals a problem; however, it must not change the quoted instruction “keep the original meaning”. Marcus Lee expects a plain result after 18 evaluations and will publish the information on https://example.com/research.

The hospital plans to create a quick verify service for clinical text. Dr. Maya Chen will check 37 records, but the system must never modify patient identifiers, medicine quantities, or the address https://health.example.net. This important constraint may reduce flexibility; consequently, the final technique must remain accurate and safe.

A minor company can use an alternative method to improve customer support. The process should begin with a rapid check, select only important passages, and end with a precise report. Daniel Ortiz asked the group not to alter 12 contract values or the reference https://contracts.example.io/v2.

The archive system stores a large collection of historical passage. Researchers want to evaluate a straightforward method that can change common expressions while preserving factual data. Sofia Martin noted that the project has 63 documents and no permission to modify the citation “River Survey, 1984” or https://archive.example.edu.","A secure service should help each user understand the workflow. The team can choose a separate approach when the first test reveals a problem; however, it must not change the quoted instruction “keep the original meaning”. Marcus Lee expects a definite result after 18 evaluations and will publish the information on https://example.com/research.

The hospital plans to create a quick inspect service for clinical text. Dr. Maya Chen will check 37 records, but the system must never modify patient identifiers, medicine quantities, or the address https://health.example.net. This important constraint may reduce flexibility; thus, the final procedure must remain accurate and safe.

A limited company can use an alternative method to improve customer support. The process should begin with a rapid check, select only important passages, and end with a precise report. Daniel Ortiz asked the group not to alter 12 contract values or the reference https://contracts.example.io/v2.

The archive system stores a large collection of historical passage. Researchers want to evaluate a straightforward method that can change common expressions while preserving factual data. Sofia Martin noted that the project has 63 documents and no permission to modify the citation “River Survey, 1984” or https://archive.example.edu.",1.0,,,,
en-002+en-003+en-004+en-005,en,synthid_tournament,bira_position_aware,conservative,"A secure service should help each user understand the operation. The team can choose a distinct approach when the first test reveals a problem; however, it must not change the quoted instruction “keep the original meaning”. Marcus Lee expects a plain result after 18 evaluations and will publish the information on https://example.com/research.

The hospital plans to create a quick verify service for clinical text. Dr. Maya Chen will check 37 records, but the system must never modify patient identifiers, medicine quantities, or the address https://health.example.net. This important constraint may reduce flexibility; consequently, the final technique must remain accurate and safe.

A minor company can use an alternative method to improve customer support. The process should begin with a rapid check, select only important passages, and end with a precise report. Daniel Ortiz asked the group not to alter 12 contract values or the reference https://contracts.example.io/v2.

The archive system stores a large collection of historical passage. Researchers want to evaluate a straightforward method that can change common expressions while preserving factual data. Sofia Martin noted that the project has 63 documents and no permission to modify the citation “River Survey, 1984” or https://archive.example.edu.","A secure service should help each user understand the workflow. The team can choose a separate approach when the first test reveals a problem; however, it must not change the quoted instruction “keep the original meaning”. Marcus Lee expects a definite result after 18 evaluations and will publish the information on https://example.com/research.

The hospital plans to create a quick inspect service for clinical text. Dr. Maya Chen will check 37 records, but the system must never modify patient identifiers, medicine quantities, or the address https://health.example.net. This important constraint may reduce flexibility; thus, the final procedure must remain accurate and safe.

A limited company can use an alternative method to improve customer support. The process should begin with a rapid check, select only important passages, and end with a precise report. Daniel Ortiz asked the group not to alter 12 contract values or the reference https://contracts.example.io/v2.

The archive system stores a large collection of historical passage. Researchers want to evaluate a straightforward method that can change common expressions while preserving factual data. Sofia Martin noted that the project has 63 documents and no permission to modify the citation “River Survey, 1984” or https://archive.example.edu.",1.0,,,,
en-003+en-004+en-005+en-006,en,kgw,simple_paraphrase,aggressive,"The hospital plans to build a quick check service for clinical text. Dr. Maya Chen will check 37 records, but the service must never modify patient identifiers, medicine quantities, or the address https://health.example.net. This important constraint may reduce flexibility; therefore, the final technique must remain precise and secure.

A minor company can use an alternative method to improve user support. The operation should begin with a quick verify, select only important passages, and finish with a accurate report. Daniel Ortiz asked the group not to alter 12 contract values or the reference https://contracts.example.io/v2.

The archive system stores a large collection of historical passage. Researchers want to evaluate a straightforward technique that can change frequent expressions while preserving factual information. Sofia Martin noted that the project has 63 documents and no permission to modify the citation “River Survey, 1984” or https://archive.example.edu.

An relevant benefit of the new service is its ability to reduce manual work. The operation can assist the analyst, indicate unusual text, and create a clear outcome. However, Priya Nair said the tool must not replace 9 legal terms, personal names, or links such as https://law.example.org/policy.","The hospital plans to produce a quick inspect platform for clinical content. Dr. Maya Chen will check 37 records, but the platform must never modify patient identifiers, medicine quantities, or the address https://health.example.net. This important constraint may reduce flexibility; thus, the final technique must remain precise and secure.

A limited company can employ an alternative procedure to refine user support. The workflow should commence with a fast verify, pick only significant passages, and finish with a correct report. Daniel Ortiz asked the group not to alter 12 contract values or the reference https://contracts.example.io/v2.

The archive system stores a considerable collection of historical content. Researchers want to evaluate a direct procedure that can change frequent expressions while preserving factual details. Sofia Martin noted that the project has 63 documents and no permission to modify the citation “River Survey, 1984” or https://archive.example.edu.

An significant merit of the new service is its ability to lower manual work. The workflow can assist the analyst, indicate unusual content, and create a definite finding. Yet, Priya Nair said the tool must not replace 9 legal terms, personal names, or links such as https://law.example.org/policy.",1.0,,,,
en-003+en-004+en-005+en-006,en,kgw,sira,aggressive,"The hospital plans to build a quick check service for clinical text. Dr. Maya Chen will check 37 records, but the service must never modify patient identifiers, medicine quantities, or the address https://health.example.net. This important constraint may reduce flexibility; therefore, the final technique must remain precise and secure.

A minor company can use an alternative method to improve user support. The operation should begin with a quick verify, select only important passages, and finish with a accurate report. Daniel Ortiz asked the group not to alter 12 contract values or the reference https://contracts.example.io/v2.

The archive system stores a large collection of historical passage. Researchers want to evaluate a straightforward technique that can change frequent expressions while preserving factual information. Sofia Martin noted that the project has 63 documents and no permission to modify the citation “River Survey, 1984” or https://archive.example.edu.

An relevant benefit of the new service is its ability to reduce manual work. The operation can assist the analyst, indicate unusual text, and create a clear outcome. However, Priya Nair said the tool must not replace 9 legal terms, personal names, or links such as https://law.example.org/policy.","The hospital plans to produce a quick check platform for clinical text. Dr. Maya Chen will check 37 records, but the platform must never modify patient identifiers, medicine quantities, or the address https://health.example.net. This important constraint may reduce flexibility; therefore, the final procedure must remain correct and protected.

A limited company can use an alternative method to improve person support. The workflow should begin with a quick inspect, pick only significant passages, and conclude with a correct report. Daniel Ortiz asked the group not to alter 12 contract values or the reference https://contracts.example.io/v2.

The archive platform stores a large collection of historical content. Researchers want to evaluate a direct procedure that can change widespread expressions while preserving factual details. Sofia Martin noted that the project has 63 documents and no permission to modify the citation “River Survey, 1984” or https://archive.example.edu.

An significant merit of the new platform is its ability to reduce manual work. The workflow can assist the analyst, demonstrate unusual content, and produce a clear finding. Yet, Priya Nair said the tool must not replace 9 legal terms, personal names, or links such as https://law.example.org/policy.",1.0,,,,
en-003+en-004+en-005+en-006,en,kgw,bira,aggressive,"The hospital plans to build a quick check service for clinical text. Dr. Maya Chen will check 37 records, but the service must never modify patient identifiers, medicine quantities, or the address https://health.example.net. This important constraint may reduce flexibility; therefore, the final technique must remain precise and secure.

A minor company can use an alternative method to improve user support. The operation should begin with a quick verify, select only important passages, and finish with a accurate report. Daniel Ortiz asked the group not to alter 12 contract values or the reference https://contracts.example.io/v2.

The archive system stores a large collection of historical passage. Researchers want to evaluate a straightforward technique that can change frequent expressions while preserving factual information. Sofia Martin noted that the project has 63 documents and no permission to modify the citation “River Survey, 1984” or https://archive.example.edu.

An relevant benefit of the new service is its ability to reduce manual work. The operation can assist the analyst, indicate unusual text, and create a clear outcome. However, Priya Nair said the tool must not replace 9 legal terms, personal names, or links such as https://law.example.org/policy.","The hospital plans to produce a quick check platform for clinical text. Dr. Maya Chen will check 37 records, but the platform must never modify patient identifiers, medicine quantities, or the address https://health.example.net. This significant constraint may reduce flexibility; therefore, the final procedure must remain correct and protected.

A limited company can use an alternative procedure to improve person support. The workflow should begin with a quick inspect, pick only important passages, and conclude with a correct report. Daniel Ortiz asked the group not to alter 12 contract values or the reference https://contracts.example.io/v2.

The archive platform stores a large collection of historical content. Researchers want to evaluate a direct procedure that can change widespread expressions while preserving factual details. Sofia Martin noted that the project has 63 documents and no permission to modify the citation “River Survey, 1984” or https://archive.example.edu.

An significant merit of the new platform is its ability to reduce manual work. The workflow can assist the analyst, demonstrate unusual text, and produce a clear finding. Yet, Priya Nair said the tool must not replace 9 legal terms, personal names, or links such as https://law.example.org/policy.",1.0,,,,
en-003+en-004+en-005+en-006,en,kgw,bira_position_aware,aggressive,"The hospital plans to build a quick check service for clinical text. Dr. Maya Chen will check 37 records, but the service must never modify patient identifiers, medicine quantities, or the address https://health.example.net. This important constraint may reduce flexibility; therefore, the final technique must remain precise and secure.

A minor company can use an alternative method to improve user support. The operation should begin with a quick verify, select only important passages, and finish with a accurate report. Daniel Ortiz asked the group not to alter 12 contract values or the reference https://contracts.example.io/v2.

The archive system stores a large collection of historical passage. Researchers want to evaluate a straightforward technique that can change frequent expressions while preserving factual information. Sofia Martin noted that the project has 63 documents and no permission to modify the citation “River Survey, 1984” or https://archive.example.edu.

An relevant benefit of the new service is its ability to reduce manual work. The operation can assist the analyst, indicate unusual text, and create a clear outcome. However, Priya Nair said the tool must not replace 9 legal terms, personal names, or links such as https://law.example.org/policy.","The hospital plans to produce a quick check platform for clinical text. Dr. Maya Chen will inspect 37 records, but the platform must never modify patient identifiers, medicine quantities, or the address https://health.example.net. This significant constraint may reduce flexibility; thus, the final procedure must remain correct and protected.

A limited company can use an alternative method to improve person support. The workflow should begin with a quick inspect, pick only significant passages, and conclude with a accurate report. Daniel Ortiz asked the group not to alter 12 contract values or the reference https://contracts.example.io/v2.

The archive platform stores a large collection of historical content. Researchers want to evaluate a direct procedure that can change widespread expressions while preserving factual details. Sofia Martin noted that the project has 63 documents and no permission to modify the citation “River Survey, 1984” or https://archive.example.edu.

An significant merit of the new platform is its ability to lower manual work. The workflow can assist the analyst, demonstrate unusual text, and create a clear finding. However, Priya Nair said the tool must not replace 9 legal terms, personal names, or links such as https://law.example.org/policy.",1.0,,,,
en-003+en-004+en-005+en-006,en,unigram,simple_paraphrase,aggressive,"The hospital plans to build a rapid verify system for clinical passage. Dr. Maya Chen will verify 37 records, but the system must never modify patient identifiers, medicine quantities, or the address https://health.example.net. This relevant constraint may reduce flexibility; consequently, the final technique must remain precise and secure.

A small company can utilize an alternative technique to enhance customer support. The process should begin with a rapid verify, select only relevant passages, and finish with a precise report. Daniel Ortiz asked the group not to alter 12 contract values or the reference https://contracts.example.io/v2.

The archive system stores a large collection of historical passage. Researchers want to evaluate a straightforward technique that can change frequent expressions while preserving factual information. Sofia Martin noted that the project has 63 documents and no permission to modify the citation “River Survey, 1984” or https://archive.example.edu.

An relevant value of the new system is its ability to reduce manual work. The process can assist the analyst, show unusual passage, and build a clear outcome. However, Priya Nair said the tool must not replace 9 legal terms, personal names, or links such as https://law.example.org/policy.","The hospital plans to produce a fast inspect platform for clinical content. Dr. Maya Chen will verify 37 records, but the system must never modify patient identifiers, medicine quantities, or the address https://health.example.net. This relevant constraint may reduce flexibility; consequently, the final technique must remain precise and secure.

A limited company can employ an alternative technique to enhance person support. The process should commence with a fast inspect, pick only significant passages, and finish with a correct report. Daniel Ortiz asked the group not to alter 12 contract values or the reference https://contracts.example.io/v2.

The archive system stores a considerable collection of historical content. Researchers want to evaluate a direct procedure that can change frequent expressions while preserving factual details. Sofia Martin noted that the project has 63 documents and no permission to modify the citation “River Survey, 1984” or https://archive.example.edu.

An significant merit of the new system is its ability to lower manual work. The workflow can assist the analyst, demonstrate unusual content, and produce a definite finding. Yet, Priya Nair said the tool must not replace 9 legal terms, personal names, or links such as https://law.example.org/policy.",1.0,,,,
en-003+en-004+en-005+en-006,en,unigram,sira,intermediate,"The hospital plans to build a rapid verify system for clinical passage. Dr. Maya Chen will verify 37 records, but the system must never modify patient identifiers, medicine quantities, or the address https://health.example.net. This relevant constraint may reduce flexibility; consequently, the final technique must remain precise and secure.

A small company can utilize an alternative technique to enhance customer support. The process should begin with a rapid verify, select only relevant passages, and finish with a precise report. Daniel Ortiz asked the group not to alter 12 contract values or the reference https://contracts.example.io/v2.

The archive system stores a large collection of historical passage. Researchers want to evaluate a straightforward technique that can change frequent expressions while preserving factual information. Sofia Martin noted that the project has 63 documents and no permission to modify the citation “River Survey, 1984” or https://archive.example.edu.

An relevant value of the new system is its ability to reduce manual work. The process can assist the analyst, show unusual passage, and build a clear outcome. However, Priya Nair said the tool must not replace 9 legal terms, personal names, or links such as https://law.example.org/policy.","The hospital plans to produce a rapid inspect system for clinical content. Dr. Maya Chen will inspect 37 records, but the system must never modify patient identifiers, medicine quantities, or the address https://health.example.net. This significant constraint may reduce flexibility; thus, the final procedure must remain precise and secure.

A small company can employ an alternative technique to refine customer support. The process should begin with a rapid inspect, select only relevant passages, and finish with a precise report. Daniel Ortiz asked the group not to alter 12 contract values or the reference https://contracts.example.io/v2.

The archive system stores a large collection of historical content. Researchers want to evaluate a straightforward procedure that can change widespread expressions while preserving factual information. Sofia Martin noted that the project has 63 documents and no permission to modify the citation “River Survey, 1984” or https://archive.example.edu.

An significant value of the new system is its ability to reduce manual work. The process can assist the analyst, show unusual content, and produce a clear outcome. However, Priya Nair said the tool must not replace 9 legal terms, personal names, or links such as https://law.example.org/policy.",1.0,,,,
en-003+en-004+en-005+en-006,en,unigram,bira,intermediate,"The hospital plans to build a rapid verify system for clinical passage. Dr. Maya Chen will verify 37 records, but the system must never modify patient identifiers, medicine quantities, or the address https://health.example.net. This relevant constraint may reduce flexibility; consequently, the final technique must remain precise and secure.

A small company can utilize an alternative technique to enhance customer support. The process should begin with a rapid verify, select only relevant passages, and finish with a precise report. Daniel Ortiz asked the group not to alter 12 contract values or the reference https://contracts.example.io/v2.

The archive system stores a large collection of historical passage. Researchers want to evaluate a straightforward technique that can change frequent expressions while preserving factual information. Sofia Martin noted that the project has 63 documents and no permission to modify the citation “River Survey, 1984” or https://archive.example.edu.

An relevant value of the new system is its ability to reduce manual work. The process can assist the analyst, show unusual passage, and build a clear outcome. However, Priya Nair said the tool must not replace 9 legal terms, personal names, or links such as https://law.example.org/policy.","The hospital plans to produce a rapid inspect system for clinical content. Dr. Maya Chen will inspect 37 records, but the system must never modify patient identifiers, medicine quantities, or the address https://health.example.net. This relevant constraint may reduce flexibility; thus, the final procedure must remain precise and protected.

A small company can employ an alternative technique to refine person support. The process should begin with a rapid inspect, pick only relevant passages, and finish with a precise report. Daniel Ortiz asked the group not to alter 12 contract values or the reference https://contracts.example.io/v2.

The archive system stores a large collection of historical content. Researchers want to evaluate a straightforward technique that can change widespread expressions while preserving factual information. Sofia Martin noted that the project has 63 documents and no permission to modify the citation “River Survey, 1984” or https://archive.example.edu.

An relevant value of the new system is its ability to reduce manual work. The process can assist the analyst, show unusual content, and produce a clear outcome. However, Priya Nair said the tool must not replace 9 legal terms, personal names, or links such as https://law.example.org/policy.",1.0,,,,
en-003+en-004+en-005+en-006,en,unigram,bira_position_aware,intermediate,"The hospital plans to build a rapid verify system for clinical passage. Dr. Maya Chen will verify 37 records, but the system must never modify patient identifiers, medicine quantities, or the address https://health.example.net. This relevant constraint may reduce flexibility; consequently, the final technique must remain precise and secure.

A small company can utilize an alternative technique to enhance customer support. The process should begin with a rapid verify, select only relevant passages, and finish with a precise report. Daniel Ortiz asked the group not to alter 12 contract values or the reference https://contracts.example.io/v2.

The archive system stores a large collection of historical passage. Researchers want to evaluate a straightforward technique that can change frequent expressions while preserving factual information. Sofia Martin noted that the project has 63 documents and no permission to modify the citation “River Survey, 1984” or https://archive.example.edu.

An relevant value of the new system is its ability to reduce manual work. The process can assist the analyst, show unusual passage, and build a clear outcome. However, Priya Nair said the tool must not replace 9 legal terms, personal names, or links such as https://law.example.org/policy.","The hospital plans to build a rapid inspect system for clinical content. Dr. Maya Chen will inspect 37 records, but the system must never modify patient identifiers, medicine quantities, or the address https://health.example.net. This significant constraint may reduce flexibility; thus, the final procedure must remain precise and protected.

A small company can employ an alternative technique to refine customer support. The process should begin with a rapid inspect, select only relevant passages, and conclude with a precise report. Daniel Ortiz asked the group not to alter 12 contract values or the reference https://contracts.example.io/v2.

The archive system stores a large collection of historical content. Researchers want to evaluate a straightforward procedure that can change widespread expressions while preserving factual information. Sofia Martin noted that the project has 63 documents and no permission to modify the citation “River Survey, 1984” or https://archive.example.edu.

An significant value of the new system is its ability to reduce manual work. The process can assist the analyst, show unusual passage, and produce a clear outcome. However, Priya Nair said the tool must not replace 9 legal terms, personal names, or links such as https://law.example.org/policy.",1.0,,,,
en-003+en-004+en-005+en-006,en,synthid_tournament,simple_paraphrase,conservative,"The hospital plans to create a quick verify service for clinical text. Dr. Maya Chen will check 37 records, but the system must never modify patient identifiers, medicine quantities, or the address https://health.example.net. This important constraint may reduce flexibility; consequently, the final technique must remain accurate and safe.

A minor company can use an alternative method to improve customer support. The process should begin with a rapid check, select only important passages, and end with a precise report. Daniel Ortiz asked the group not to alter 12 contract values or the reference https://contracts.example.io/v2.

The archive system stores a large collection of historical passage. Researchers want to evaluate a straightforward method that can change common expressions while preserving factual data. Sofia Martin noted that the project has 63 documents and no permission to modify the citation “River Survey, 1984” or https://archive.example.edu.

An relevant value of the new service is its ability to reduce manual work. The operation can assist the analyst, show unusual text, and create a clear outcome. Nevertheless, Priya Nair said the tool must not replace 9 legal terms, personal names, or links such as https://law.example.org/policy.","The hospital plans to create a quick verify service for clinical text. Dr. Maya Chen will check 37 records, but the system must never modify patient identifiers, medicine quantities, or the address https://health.example.net. This important constraint may reduce flexibility; consequently, the final technique must remain accurate and safe.

A minor company can use an alternative procedure to refine customer support. The process should begin with a fast check, select only important passages, and end with a precise report. Daniel Ortiz asked the group not to alter 12 contract values or the reference https://contracts.example.io/v2.

The archive system stores a large collection of historical passage. Researchers want to evaluate a straightforward procedure that can change common expressions while preserving factual details. Sofia Martin noted that the project has 63 documents and no permission to modify the citation “River Survey, 1984” or https://archive.example.edu.

An relevant value of the new service is its ability to reduce manual work. The workflow can assist the analyst, show unusual text, and create a clear finding. Nevertheless, Priya Nair said the tool must not replace 9 legal terms, personal names, or links such as https://law.example.org/policy.",1.0,,,,
en-003+en-004+en-005+en-006,en,synthid_tournament,sira,conservative,"The hospital plans to create a quick verify service for clinical text. Dr. Maya Chen will check 37 records, but the system must never modify patient identifiers, medicine quantities, or the address https://health.example.net. This important constraint may reduce flexibility; consequently, the final technique must remain accurate and safe.

A minor company can use an alternative method to improve customer support. The process should begin with a rapid check, select only important passages, and end with a precise report. Daniel Ortiz asked the group not to alter 12 contract values or the reference https://contracts.example.io/v2.

The archive system stores a large collection of historical passage. Researchers want to evaluate a straightforward method that can change common expressions while preserving factual data. Sofia Martin noted that the project has 63 documents and no permission to modify the citation “River Survey, 1984” or https://archive.example.edu.

An relevant value of the new service is its ability to reduce manual work. The operation can assist the analyst, show unusual text, and create a clear outcome. Nevertheless, Priya Nair said the tool must not replace 9 legal terms, personal names, or links such as https://law.example.org/policy.","The hospital plans to create a quick inspect service for clinical text. Dr. Maya Chen will check 37 records, but the system must never modify patient identifiers, medicine quantities, or the address https://health.example.net. This important constraint may reduce flexibility; thus, the final procedure must remain accurate and safe.

A limited company can use an alternative method to improve customer support. The process should begin with a rapid check, select only important passages, and end with a precise report. Daniel Ortiz asked the group not to alter 12 contract values or the reference https://contracts.example.io/v2.

The archive system stores a large collection of historical content. Researchers want to evaluate a straightforward method that can change common expressions while preserving factual data. Sofia Martin noted that the project has 63 documents and no permission to modify the citation “River Survey, 1984” or https://archive.example.edu.

An significant value of the new service is its ability to reduce manual work. The workflow can assist the analyst, show unusual text, and create a clear outcome. Nevertheless, Priya Nair said the tool must not replace 9 legal terms, personal names, or links such as https://law.example.org/policy.",1.0,,,,
en-003+en-004+en-005+en-006,en,synthid_tournament,bira,conservative,"The hospital plans to create a quick verify service for clinical text. Dr. Maya Chen will check 37 records, but the system must never modify patient identifiers, medicine quantities, or the address https://health.example.net. This important constraint may reduce flexibility; consequently, the final technique must remain accurate and safe.

A minor company can use an alternative method to improve customer support. The process should begin with a rapid check, select only important passages, and end with a precise report. Daniel Ortiz asked the group not to alter 12 contract values or the reference https://contracts.example.io/v2.

The archive system stores a large collection of historical passage. Researchers want to evaluate a straightforward method that can change common expressions while preserving factual data. Sofia Martin noted that the project has 63 documents and no permission to modify the citation “River Survey, 1984” or https://archive.example.edu.

An relevant value of the new service is its ability to reduce manual work. The operation can assist the analyst, show unusual text, and create a clear outcome. Nevertheless, Priya Nair said the tool must not replace 9 legal terms, personal names, or links such as https://law.example.org/policy.","The hospital plans to create a quick inspect service for clinical text. Dr. Maya Chen will check 37 records, but the system must never modify patient identifiers, medicine quantities, or the address https://health.example.net. This important constraint may reduce flexibility; thus, the final procedure must remain accurate and safe.

A limited company can use an alternative method to improve customer support. The process should begin with a rapid check, select only important passages, and end with a precise report. Daniel Ortiz asked the group not to alter 12 contract values or the reference https://contracts.example.io/v2.

The archive system stores a large collection of historical content. Researchers want to evaluate a straightforward method that can change common expressions while preserving factual data. Sofia Martin noted that the project has 63 documents and no permission to modify the citation “River Survey, 1984” or https://archive.example.edu.

An significant value of the new service is its ability to reduce manual work. The workflow can assist the analyst, show unusual text, and create a clear outcome. Nevertheless, Priya Nair said the tool must not replace 9 legal terms, personal names, or links such as https://law.example.org/policy.",1.0,,,,
en-003+en-004+en-005+en-006,en,synthid_tournament,bira_position_aware,conservative,"The hospital plans to create a quick verify service for clinical text. Dr. Maya Chen will check 37 records, but the system must never modify patient identifiers, medicine quantities, or the address https://health.example.net. This important constraint may reduce flexibility; consequently, the final technique must remain accurate and safe.

A minor company can use an alternative method to improve customer support. The process should begin with a rapid check, select only important passages, and end with a precise report. Daniel Ortiz asked the group not to alter 12 contract values or the reference https://contracts.example.io/v2.

The archive system stores a large collection of historical passage. Researchers want to evaluate a straightforward method that can change common expressions while preserving factual data. Sofia Martin noted that the project has 63 documents and no permission to modify the citation “River Survey, 1984” or https://archive.example.edu.

An relevant value of the new service is its ability to reduce manual work. The operation can assist the analyst, show unusual text, and create a clear outcome. Nevertheless, Priya Nair said the tool must not replace 9 legal terms, personal names, or links such as https://law.example.org/policy.","The hospital plans to create a quick inspect service for clinical text. Dr. Maya Chen will check 37 records, but the system must never modify patient identifiers, medicine quantities, or the address https://health.example.net. This important constraint may reduce flexibility; thus, the final procedure must remain accurate and safe.

A limited company can use an alternative method to improve customer support. The process should begin with a rapid check, select only important passages, and end with a precise report. Daniel Ortiz asked the group not to alter 12 contract values or the reference https://contracts.example.io/v2.

The archive system stores a large collection of historical content. Researchers want to evaluate a straightforward method that can change common expressions while preserving factual data. Sofia Martin noted that the project has 63 documents and no permission to modify the citation “River Survey, 1984” or https://archive.example.edu.

An significant value of the new service is its ability to reduce manual work. The workflow can assist the analyst, show unusual text, and create a clear outcome. Nevertheless, Priya Nair said the tool must not replace 9 legal terms, personal names, or links such as https://law.example.org/policy.",1.0,,,,
en-004+en-005+en-006+en-007,en,kgw,simple_paraphrase,aggressive,"A minor company can use an alternative method to improve user support. The operation should begin with a quick verify, select only important passages, and finish with a accurate report. Daniel Ortiz asked the group not to alter 12 contract values or the reference https://contracts.example.io/v2.

The archive system stores a large collection of historical passage. Researchers want to evaluate a straightforward technique that can change frequent expressions while preserving factual information. Sofia Martin noted that the project has 63 documents and no permission to modify the citation “River Survey, 1984” or https://archive.example.edu.

An relevant benefit of the new service is its ability to reduce manual work. The operation can assist the analyst, indicate unusual text, and create a clear outcome. However, Priya Nair said the tool must not replace 9 legal terms, personal names, or links such as https://law.example.org/policy.

The engineering group will build a safe passage system and test three distinct strategies. A straightforward baseline may be quick, while a difficult approach could keep more information. Oliver Grant will evaluate 42 outputs, and the team will not change the specification at https://engineering.example.com/spec.","A minor company can employ an alternative procedure to refine user support. The workflow should commence with a fast verify, pick only significant passages, and conclude with a correct report. Daniel Ortiz asked the group not to alter 12 contract values or the reference https://contracts.example.io/v2.

The archive platform stores a large collection of historical passage. Researchers want to evaluate a straightforward technique that can change frequent expressions while preserving factual details. Sofia Martin noted that the project has 63 documents and no permission to modify the citation “River Survey, 1984” or https://archive.example.edu.

An relevant merit of the new platform is its ability to lower manual work. The workflow can assist the analyst, demonstrate unusual content, and produce a clear outcome. However, Priya Nair said the tool must not replace 9 legal terms, personal names, or links such as https://law.example.org/policy.

The engineering group will produce a protected content system and test three distinct strategies. A direct baseline may be fast, while a intricate approach could retain more details. Oliver Grant will evaluate 42 outputs, and the team will not change the specification at https://engineering.example.com/spec.",1.0,,,,
en-004+en-005+en-006+en-007,en,kgw,sira,aggressive,"A minor company can use an alternative method to improve user support. The operation should begin with a quick verify, select only important passages, and finish with a accurate report. Daniel Ortiz asked the group not to alter 12 contract values or the reference https://contracts.example.io/v2.

The archive system stores a large collection of historical passage. Researchers want to evaluate a straightforward technique that can change frequent expressions while preserving factual information. Sofia Martin noted that the project has 63 documents and no permission to modify the citation “River Survey, 1984” or https://archive.example.edu.

An relevant benefit of the new service is its ability to reduce manual work. The operation can assist the analyst, indicate unusual text, and create a clear outcome. However, Priya Nair said the tool must not replace 9 legal terms, personal names, or links such as https://law.example.org/policy.

The engineering group will build a safe passage system and test three distinct strategies. A straightforward baseline may be quick, while a difficult approach could keep more information. Oliver Grant will evaluate 42 outputs, and the team will not change the specification at https://engineering.example.com/spec.","A limited company can use an alternative method to improve person support. The workflow should begin with a quick inspect, pick only important passages, and conclude with a accurate report. Daniel Ortiz asked the group not to alter 12 contract values or the reference https://contracts.example.io/v2.

The archive system stores a large collection of historical content. Researchers want to evaluate a direct procedure that can change widespread expressions while preserving factual details. Sofia Martin noted that the project has 63 documents and no permission to modify the citation “River Survey, 1984” or https://archive.example.edu.

An significant merit of the new platform is its ability to reduce manual work. The workflow can assist the analyst, demonstrate unusual text, and produce a clear finding. Yet, Priya Nair said the tool must not replace 9 legal terms, personal names, or links such as https://law.example.org/policy.

The engineering group will produce a protected content system and test three separate strategies. A direct baseline may be fast, while a intricate approach could keep more details. Oliver Grant will evaluate 42 outputs, and the team will not change the specification at https://engineering.example.com/spec.",1.0,,,,
en-004+en-005+en-006+en-007,en,kgw,bira,aggressive,"A minor company can use an alternative method to improve user support. The operation should begin with a quick verify, select only important passages, and finish with a accurate report. Daniel Ortiz asked the group not to alter 12 contract values or the reference https://contracts.example.io/v2.

The archive system stores a large collection of historical passage. Researchers want to evaluate a straightforward technique that can change frequent expressions while preserving factual information. Sofia Martin noted that the project has 63 documents and no permission to modify the citation “River Survey, 1984” or https://archive.example.edu.

An relevant benefit of the new service is its ability to reduce manual work. The operation can assist the analyst, indicate unusual text, and create a clear outcome. However, Priya Nair said the tool must not replace 9 legal terms, personal names, or links such as https://law.example.org/policy.

The engineering group will build a safe passage system and test three distinct strategies. A straightforward baseline may be quick, while a difficult approach could keep more information. Oliver Grant will evaluate 42 outputs, and the team will not change the specification at https://engineering.example.com/spec.","A limited company can use an alternative method to improve person support. The workflow should begin with a quick inspect, pick only important passages, and conclude with a correct report. Daniel Ortiz asked the group not to alter 12 contract values or the reference https://contracts.example.io/v2.

The archive system stores a large collection of historical content. Researchers want to evaluate a direct procedure that can change widespread expressions while preserving factual details. Sofia Martin noted that the project has 63 documents and no permission to modify the citation “River Survey, 1984” or https://archive.example.edu.

An significant merit of the new platform is its ability to reduce manual work. The workflow can assist the analyst, demonstrate unusual text, and produce a clear finding. Yet, Priya Nair said the tool must not replace 9 legal terms, personal names, or links such as https://law.example.org/policy.

The engineering group will produce a protected content system and test three separate strategies. A direct baseline may be quick, while a intricate approach could keep more details. Oliver Grant will evaluate 42 outputs, and the team will not change the specification at https://engineering.example.com/spec.",1.0,,,,
en-004+en-005+en-006+en-007,en,kgw,bira_position_aware,aggressive,"A minor company can use an alternative method to improve user support. The operation should begin with a quick verify, select only important passages, and finish with a accurate report. Daniel Ortiz asked the group not to alter 12 contract values or the reference https://contracts.example.io/v2.

The archive system stores a large collection of historical passage. Researchers want to evaluate a straightforward technique that can change frequent expressions while preserving factual information. Sofia Martin noted that the project has 63 documents and no permission to modify the citation “River Survey, 1984” or https://archive.example.edu.

An relevant benefit of the new service is its ability to reduce manual work. The operation can assist the analyst, indicate unusual text, and create a clear outcome. However, Priya Nair said the tool must not replace 9 legal terms, personal names, or links such as https://law.example.org/policy.

The engineering group will build a safe passage system and test three distinct strategies. A straightforward baseline may be quick, while a difficult approach could keep more information. Oliver Grant will evaluate 42 outputs, and the team will not change the specification at https://engineering.example.com/spec.","A limited company can use an alternative method to improve person support. The workflow should begin with a quick inspect, pick only significant passages, and conclude with a accurate report. Daniel Ortiz asked the group not to alter 12 contract values or the reference https://contracts.example.io/v2.

The archive platform stores a large collection of historical content. Researchers want to evaluate a direct procedure that can change widespread expressions while preserving factual details. Sofia Martin noted that the project has 63 documents and no permission to modify the citation “River Survey, 1984” or https://archive.example.edu.

An significant merit of the new platform is its ability to lower manual work. The workflow can assist the analyst, demonstrate unusual text, and create a clear finding. However, Priya Nair said the tool must not replace 9 legal terms, personal names, or links such as https://law.example.org/policy.

The engineering group will produce a safe content system and test three separate strategies. A direct baseline may be fast, while a intricate approach could keep more details. Oliver Grant will evaluate 42 outputs, and the team will not change the specification at https://engineering.example.com/spec.",1.0,,,,
en-004+en-005+en-006+en-007,en,unigram,simple_paraphrase,aggressive,"A small company can utilize an alternative technique to enhance customer support. The process should begin with a rapid verify, select only relevant passages, and finish with a precise report. Daniel Ortiz asked the group not to alter 12 contract values or the reference https://contracts.example.io/v2.

The archive system stores a large collection of historical passage. Researchers want to evaluate a straightforward technique that can change frequent expressions while preserving factual information. Sofia Martin noted that the project has 63 documents and no permission to modify the citation “River Survey, 1984” or https://archive.example.edu.

An relevant value of the new system is its ability to reduce manual work. The process can assist the analyst, show unusual passage, and build a clear outcome. However, Priya Nair said the tool must not replace 9 legal terms, personal names, or links such as https://law.example.org/policy.

The engineering group will build a secure passage system and test three distinct strategies. A straightforward baseline may be rapid, while a difficult approach could keep more information. Oliver Grant will evaluate 42 outputs, and the team will not change the specification at https://engineering.example.com/spec.","A limited company can employ an alternative technique to enhance person support. The process should commence with a fast inspect, pick only relevant passages, and conclude with a correct report. Daniel Ortiz asked the group not to alter 12 contract values or the reference https://contracts.example.io/v2.

The archive platform stores a large collection of historical passage. Researchers want to evaluate a direct technique that can change widespread expressions while preserving factual details. Sofia Martin noted that the project has 63 documents and no permission to modify the citation “River Survey, 1984” or https://archive.example.edu.

An significant value of the new platform is its ability to lower manual work. The workflow can assist the analyst, demonstrate unusual passage, and produce a definite outcome. Yet, Priya Nair said the tool must not replace 9 legal terms, personal names, or links such as https://law.example.org/policy.

The engineering group will produce a secure content system and test three distinct strategies. A direct baseline may be rapid, while a intricate approach could retain more details. Oliver Grant will evaluate 42 outputs, and the team will not change the specification at https://engineering.example.com/spec.",1.0,,,,
en-004+en-005+en-006+en-007,en,unigram,sira,conservative,"A small company can utilize an alternative technique to enhance customer support. The process should begin with a rapid verify, select only relevant passages, and finish with a precise report. Daniel Ortiz asked the group not to alter 12 contract values or the reference https://contracts.example.io/v2.

The archive system stores a large collection of historical passage. Researchers want to evaluate a straightforward technique that can change frequent expressions while preserving factual information. Sofia Martin noted that the project has 63 documents and no permission to modify the citation “River Survey, 1984” or https://archive.example.edu.

An relevant value of the new system is its ability to reduce manual work. The process can assist the analyst, show unusual passage, and build a clear outcome. However, Priya Nair said the tool must not replace 9 legal terms, personal names, or links such as https://law.example.org/policy.

The engineering group will build a secure passage system and test three distinct strategies. A straightforward baseline may be rapid, while a difficult approach could keep more information. Oliver Grant will evaluate 42 outputs, and the team will not change the specification at https://engineering.example.com/spec.","A small company can employ an alternative technique to refine customer support. The process should begin with a rapid inspect, select only relevant passages, and finish with a precise report. Daniel Ortiz asked the group not to alter 12 contract values or the reference https://contracts.example.io/v2.

The archive system stores a large collection of historical passage. Researchers want to evaluate a straightforward technique that can change widespread expressions while preserving factual information. Sofia Martin noted that the project has 63 documents and no permission to modify the citation “River Survey, 1984” or https://archive.example.edu.

An relevant value of the new system is its ability to reduce manual work. The process can assist the analyst, show unusual passage, and produce a clear outcome. However, Priya Nair said the tool must not replace 9 legal terms, personal names, or links such as https://law.example.org/policy.

The engineering group will build a secure passage system and test three separate strategies. A straightforward baseline may be rapid, while a intricate approach could keep more information. Oliver Grant will evaluate 42 outputs, and the team will not change the specification at https://engineering.example.com/spec.",1.0,,,,
en-004+en-005+en-006+en-007,en,unigram,bira,intermediate,"A small company can utilize an alternative technique to enhance customer support. The process should begin with a rapid verify, select only relevant passages, and finish with a precise report. Daniel Ortiz asked the group not to alter 12 contract values or the reference https://contracts.example.io/v2.

The archive system stores a large collection of historical passage. Researchers want to evaluate a straightforward technique that can change frequent expressions while preserving factual information. Sofia Martin noted that the project has 63 documents and no permission to modify the citation “River Survey, 1984” or https://archive.example.edu.

An relevant value of the new system is its ability to reduce manual work. The process can assist the analyst, show unusual passage, and build a clear outcome. However, Priya Nair said the tool must not replace 9 legal terms, personal names, or links such as https://law.example.org/policy.

The engineering group will build a secure passage system and test three distinct strategies. A straightforward baseline may be rapid, while a difficult approach could keep more information. Oliver Grant will evaluate 42 outputs, and the team will not change the specification at https://engineering.example.com/spec.","A small company can employ an alternative technique to refine person support. The process should begin with a rapid inspect, pick only significant passages, and finish with a precise report. Daniel Ortiz asked the group not to alter 12 contract values or the reference https://contracts.example.io/v2.

The archive system stores a large collection of historical content. Researchers want to evaluate a straightforward technique that can change widespread expressions while preserving factual information. Sofia Martin noted that the project has 63 documents and no permission to modify the citation “River Survey, 1984” or https://archive.example.edu.

An significant value of the new system is its ability to reduce manual work. The process can assist the analyst, show unusual content, and produce a clear outcome. However, Priya Nair said the tool must not replace 9 legal terms, personal names, or links such as https://law.example.org/policy.

The engineering group will produce a secure content system and test three separate strategies. A straightforward baseline may be rapid, while a intricate approach could keep more information. Oliver Grant will evaluate 42 outputs, and the team will not change the specification at https://engineering.example.com/spec.",1.0,,,,
en-004+en-005+en-006+en-007,en,unigram,bira_position_aware,conservative,"A small company can utilize an alternative technique to enhance customer support. The process should begin with a rapid verify, select only relevant passages, and finish with a precise report. Daniel Ortiz asked the group not to alter 12 contract values or the reference https://contracts.example.io/v2.

The archive system stores a large collection of historical passage. Researchers want to evaluate a straightforward technique that can change frequent expressions while preserving factual information. Sofia Martin noted that the project has 63 documents and no permission to modify the citation “River Survey, 1984” or https://archive.example.edu.

An relevant value of the new system is its ability to reduce manual work. The process can assist the analyst, show unusual passage, and build a clear outcome. However, Priya Nair said the tool must not replace 9 legal terms, personal names, or links such as https://law.example.org/policy.

The engineering group will build a secure passage system and test three distinct strategies. A straightforward baseline may be rapid, while a difficult approach could keep more information. Oliver Grant will evaluate 42 outputs, and the team will not change the specification at https://engineering.example.com/spec.","A small company can employ an alternative technique to refine customer support. The process should begin with a rapid inspect, select only relevant passages, and finish with a precise report. Daniel Ortiz asked the group not to alter 12 contract values or the reference https://contracts.example.io/v2.

The archive system stores a large collection of historical passage. Researchers want to evaluate a straightforward technique that can change widespread expressions while preserving factual information. Sofia Martin noted that the project has 63 documents and no permission to modify the citation “River Survey, 1984” or https://archive.example.edu.

An relevant value of the new system is its ability to reduce manual work. The process can assist the analyst, show unusual passage, and produce a clear outcome. However, Priya Nair said the tool must not replace 9 legal terms, personal names, or links such as https://law.example.org/policy.

The engineering group will build a secure passage system and test three separate strategies. A straightforward baseline may be rapid, while a intricate approach could keep more information. Oliver Grant will evaluate 42 outputs, and the team will not change the specification at https://engineering.example.com/spec.",1.0,,,,
en-004+en-005+en-006+en-007,en,synthid_tournament,simple_paraphrase,conservative,"A small company can use an alternative method to improve customer support. The process should begin with a rapid check, select only important passages, and end with a precise report. Daniel Ortiz asked the group not to alter 12 contract values or the reference https://contracts.example.io/v2.

The archive system stores a large collection of historical passage. Researchers want to evaluate a straightforward method that can change common expressions while preserving factual data. Sofia Martin noted that the project has 63 documents and no permission to modify the citation “River Survey, 1984” or https://archive.example.edu.

An relevant value of the new service is its ability to reduce manual work. The operation can assist the analyst, show unusual text, and create a clear outcome. Nevertheless, Priya Nair said the tool must not replace 9 legal terms, personal names, or links such as https://law.example.org/policy.

The engineering group will build a secure text service and test three different strategies. A simple baseline may be rapid, while a complex approach could preserve more data. Oliver Grant will evaluate 42 outputs, and the team will not change the specification at https://engineering.example.com/spec.","A small company can use an alternative method to improve customer support. The process should begin with a rapid check, select only significant passages, and end with a precise report. Daniel Ortiz asked the group not to alter 12 contract values or the reference https://contracts.example.io/v2.

The archive platform stores a large collection of historical passage. Researchers want to evaluate a straightforward method that can change widespread expressions while preserving factual data. Sofia Martin noted that the project has 63 documents and no permission to modify the citation “River Survey, 1984” or https://archive.example.edu.

An relevant value of the new service is its ability to reduce manual work. The workflow can assist the analyst, show unusual text, and produce a clear outcome. Nevertheless, Priya Nair said the tool must not replace 9 legal terms, personal names, or links such as https://law.example.org/policy.

The engineering group will produce a secure text service and test three different strategies. A direct baseline may be rapid, while a complex approach could preserve more data. Oliver Grant will evaluate 42 outputs, and the team will not change the specification at https://engineering.example.com/spec.",1.0,,,,
en-004+en-005+en-006+en-007,en,synthid_tournament,sira,conservative,"A small company can use an alternative method to improve customer support. The process should begin with a rapid check, select only important passages, and end with a precise report. Daniel Ortiz asked the group not to alter 12 contract values or the reference https://contracts.example.io/v2.

The archive system stores a large collection of historical passage. Researchers want to evaluate a straightforward method that can change common expressions while preserving factual data. Sofia Martin noted that the project has 63 documents and no permission to modify the citation “River Survey, 1984” or https://archive.example.edu.

An relevant value of the new service is its ability to reduce manual work. The operation can assist the analyst, show unusual text, and create a clear outcome. Nevertheless, Priya Nair said the tool must not replace 9 legal terms, personal names, or links such as https://law.example.org/policy.

The engineering group will build a secure text service and test three different strategies. A simple baseline may be rapid, while a complex approach could preserve more data. Oliver Grant will evaluate 42 outputs, and the team will not change the specification at https://engineering.example.com/spec.","A small company can use an alternative method to improve customer support. The process should begin with a rapid check, select only important passages, and end with a precise report. Daniel Ortiz asked the group not to alter 12 contract values or the reference https://contracts.example.io/v2.

The archive system stores a large collection of historical content. Researchers want to evaluate a direct method that can change common expressions while preserving factual data. Sofia Martin noted that the project has 63 documents and no permission to modify the citation “River Survey, 1984” or https://archive.example.edu.

An significant value of the new platform is its ability to reduce manual work. The workflow can assist the analyst, show unusual text, and create a clear outcome. Yet, Priya Nair said the tool must not replace 9 legal terms, personal names, or links such as https://law.example.org/policy.

The engineering group will build a secure text service and test three different strategies. A simple baseline may be fast, while a complex approach could preserve more data. Oliver Grant will evaluate 42 outputs, and the team will not change the specification at https://engineering.example.com/spec.",1.0,,,,
en-004+en-005+en-006+en-007,en,synthid_tournament,bira,intermediate,"A small company can use an alternative method to improve customer support. The process should begin with a rapid check, select only important passages, and end with a precise report. Daniel Ortiz asked the group not to alter 12 contract values or the reference https://contracts.example.io/v2.

The archive system stores a large collection of historical passage. Researchers want to evaluate a straightforward method that can change common expressions while preserving factual data. Sofia Martin noted that the project has 63 documents and no permission to modify the citation “River Survey, 1984” or https://archive.example.edu.

An relevant value of the new service is its ability to reduce manual work. The operation can assist the analyst, show unusual text, and create a clear outcome. Nevertheless, Priya Nair said the tool must not replace 9 legal terms, personal names, or links such as https://law.example.org/policy.

The engineering group will build a secure text service and test three different strategies. A simple baseline may be rapid, while a complex approach could preserve more data. Oliver Grant will evaluate 42 outputs, and the team will not change the specification at https://engineering.example.com/spec.","A small company can use an alternative method to improve person support. The process should begin with a fast check, pick only important passages, and end with a precise report. Daniel Ortiz asked the group not to alter 12 contract values or the reference https://contracts.example.io/v2.

The archive system stores a large collection of historical content. Researchers want to evaluate a direct method that can change common expressions while preserving factual data. Sofia Martin noted that the project has 63 documents and no permission to modify the citation “River Survey, 1984” or https://archive.example.edu.

An significant value of the new platform is its ability to reduce manual work. The workflow can assist the analyst, show unusual text, and create a clear finding. Yet, Priya Nair said the tool must not replace 9 legal terms, personal names, or links such as https://law.example.org/policy.

The engineering group will produce a protected text platform and test three different strategies. A simple baseline may be fast, while a complex approach could retain more data. Oliver Grant will evaluate 42 outputs, and the team will not change the specification at https://engineering.example.com/spec.",1.0,,,,
en-004+en-005+en-006+en-007,en,synthid_tournament,bira_position_aware,conservative,"A small company can use an alternative method to improve customer support. The process should begin with a rapid check, select only important passages, and end with a precise report. Daniel Ortiz asked the group not to alter 12 contract values or the reference https://contracts.example.io/v2.

The archive system stores a large collection of historical passage. Researchers want to evaluate a straightforward method that can change common expressions while preserving factual data. Sofia Martin noted that the project has 63 documents and no permission to modify the citation “River Survey, 1984” or https://archive.example.edu.

An relevant value of the new service is its ability to reduce manual work. The operation can assist the analyst, show unusual text, and create a clear outcome. Nevertheless, Priya Nair said the tool must not replace 9 legal terms, personal names, or links such as https://law.example.org/policy.

The engineering group will build a secure text service and test three different strategies. A simple baseline may be rapid, while a complex approach could preserve more data. Oliver Grant will evaluate 42 outputs, and the team will not change the specification at https://engineering.example.com/spec.","A small company can use an alternative method to improve customer support. The process should begin with a rapid check, select only important passages, and end with a precise report. Daniel Ortiz asked the group not to alter 12 contract values or the reference https://contracts.example.io/v2.

The archive system stores a large collection of historical content. Researchers want to evaluate a direct method that can change common expressions while preserving factual data. Sofia Martin noted that the project has 63 documents and no permission to modify the citation “River Survey, 1984” or https://archive.example.edu.

An significant value of the new platform is its ability to reduce manual work. The workflow can assist the analyst, show unusual text, and create a clear outcome. Yet, Priya Nair said the tool must not replace 9 legal terms, personal names, or links such as https://law.example.org/policy.

The engineering group will build a secure text service and test three different strategies. A simple baseline may be fast, while a complex approach could preserve more data. Oliver Grant will evaluate 42 outputs, and the team will not change the specification at https://engineering.example.com/spec.",1.0,,,,
en-005+en-006+en-007+en-008,en,kgw,simple_paraphrase,aggressive,"The archive system stores a large collection of historical passage. Researchers want to evaluate a straightforward technique that can change frequent expressions while preserving factual information. Sofia Martin noted that the project has 63 documents and no permission to modify the citation “River Survey, 1984” or https://archive.example.edu.

An relevant benefit of the new service is its ability to reduce manual work. The operation can assist the analyst, indicate unusual text, and create a clear outcome. However, Priya Nair said the tool must not replace 9 legal terms, personal names, or links such as https://law.example.org/policy.

The engineering group will build a safe passage system and test three distinct strategies. A straightforward baseline may be quick, while a difficult approach could keep more information. Oliver Grant will evaluate 42 outputs, and the team will not change the specification at https://engineering.example.com/spec.

The editor wants to use a accurate technique to improve a long text without changing its meaning. A quick process can help, but it must preserve the names Ada Lovelace and Charles Babbage, the year 1843, and https://history.example.org. The final outcome should show a large quality improvement.","The archive platform stores a considerable collection of historical passage. Researchers want to evaluate a straightforward procedure that can change frequent expressions while preserving factual details. Sofia Martin noted that the project has 63 documents and no permission to modify the citation “River Survey, 1984” or https://archive.example.edu.

An significant benefit of the new service is its ability to lower manual work. The operation can assist the analyst, demonstrate unusual content, and produce a definite finding. Yet, Priya Nair said the tool must not replace 9 legal terms, personal names, or links such as https://law.example.org/policy.

The engineering group will produce a protected content platform and test three separate strategies. A direct baseline may be quick, while a difficult approach could retain more details. Oliver Grant will evaluate 42 outputs, and the team will not change the specification at https://engineering.example.com/spec.

The editor wants to use a correct procedure to refine a long content without changing its meaning. A fast workflow can help, but it must preserve the names Ada Lovelace and Charles Babbage, the year 1843, and https://history.example.org. The final outcome should show a large quality improvement.",1.0,,,,
en-005+en-006+en-007+en-008,en,kgw,sira,aggressive,"The archive system stores a large collection of historical passage. Researchers want to evaluate a straightforward technique that can change frequent expressions while preserving factual information. Sofia Martin noted that the project has 63 documents and no permission to modify the citation “River Survey, 1984” or https://archive.example.edu.

An relevant benefit of the new service is its ability to reduce manual work. The operation can assist the analyst, indicate unusual text, and create a clear outcome. However, Priya Nair said the tool must not replace 9 legal terms, personal names, or links such as https://law.example.org/policy.

The engineering group will build a safe passage system and test three distinct strategies. A straightforward baseline may be quick, while a difficult approach could keep more information. Oliver Grant will evaluate 42 outputs, and the team will not change the specification at https://engineering.example.com/spec.

The editor wants to use a accurate technique to improve a long text without changing its meaning. A quick process can help, but it must preserve the names Ada Lovelace and Charles Babbage, the year 1843, and https://history.example.org. The final outcome should show a large quality improvement.","The archive system stores a large collection of historical content. Researchers want to evaluate a direct procedure that can change widespread expressions while preserving factual details. Sofia Martin noted that the project has 63 documents and no permission to modify the citation “River Survey, 1984” or https://archive.example.edu.

An significant merit of the new platform is its ability to reduce manual work. The workflow can assist the analyst, demonstrate unusual text, and produce a clear finding. Yet, Priya Nair said the tool must not replace 9 legal terms, personal names, or links such as https://law.example.org/policy.

The engineering group will produce a protected content system and test three separate strategies. A direct baseline may be fast, while a intricate approach could retain more details. Oliver Grant will evaluate 42 outputs, and the team will not change the specification at https://engineering.example.com/spec.

The editor wants to use a correct procedure to improve a long text without changing its meaning. A quick process can help, but it must retain the names Ada Lovelace and Charles Babbage, the year 1843, and https://history.example.org. The final finding should show a large quality improvement.",1.0,,,,
en-005+en-006+en-007+en-008,en,kgw,bira,aggressive,"The archive system stores a large collection of historical passage. Researchers want to evaluate a straightforward technique that can change frequent expressions while preserving factual information. Sofia Martin noted that the project has 63 documents and no permission to modify the citation “River Survey, 1984” or https://archive.example.edu.

An relevant benefit of the new service is its ability to reduce manual work. The operation can assist the analyst, indicate unusual text, and create a clear outcome. However, Priya Nair said the tool must not replace 9 legal terms, personal names, or links such as https://law.example.org/policy.

The engineering group will build a safe passage system and test three distinct strategies. A straightforward baseline may be quick, while a difficult approach could keep more information. Oliver Grant will evaluate 42 outputs, and the team will not change the specification at https://engineering.example.com/spec.

The editor wants to use a accurate technique to improve a long text without changing its meaning. A quick process can help, but it must preserve the names Ada Lovelace and Charles Babbage, the year 1843, and https://history.example.org. The final outcome should show a large quality improvement.","The archive system stores a large collection of historical content. Researchers want to evaluate a direct procedure that can change widespread expressions while preserving factual details. Sofia Martin noted that the project has 63 documents and no permission to modify the citation “River Survey, 1984” or https://archive.example.edu.

An significant merit of the new platform is its ability to reduce manual work. The workflow can assist the analyst, demonstrate unusual content, and produce a clear finding. Yet, Priya Nair said the tool must not replace 9 legal terms, personal names, or links such as https://law.example.org/policy.

The engineering group will produce a protected content system and test three separate strategies. A direct baseline may be quick, while a intricate approach could retain more details. Oliver Grant will evaluate 42 outputs, and the team will not change the specification at https://engineering.example.com/spec.

The editor wants to use a correct procedure to improve a long text without changing its meaning. A quick process can help, but it must retain the names Ada Lovelace and Charles Babbage, the year 1843, and https://history.example.org. The final finding should show a large quality improvement.",1.0,,,,
en-005+en-006+en-007+en-008,en,kgw,bira_position_aware,aggressive,"The archive system stores a large collection of historical passage. Researchers want to evaluate a straightforward technique that can change frequent expressions while preserving factual information. Sofia Martin noted that the project has 63 documents and no permission to modify the citation “River Survey, 1984” or https://archive.example.edu.

An relevant benefit of the new service is its ability to reduce manual work. The operation can assist the analyst, indicate unusual text, and create a clear outcome. However, Priya Nair said the tool must not replace 9 legal terms, personal names, or links such as https://law.example.org/policy.

The engineering group will build a safe passage system and test three distinct strategies. A straightforward baseline may be quick, while a difficult approach could keep more information. Oliver Grant will evaluate 42 outputs, and the team will not change the specification at https://engineering.example.com/spec.

The editor wants to use a accurate technique to improve a long text without changing its meaning. A quick process can help, but it must preserve the names Ada Lovelace and Charles Babbage, the year 1843, and https://history.example.org. The final outcome should show a large quality improvement.","The archive platform stores a large collection of historical content. Researchers want to evaluate a direct procedure that can change widespread expressions while preserving factual details. Sofia Martin noted that the project has 63 documents and no permission to modify the citation “River Survey, 1984” or https://archive.example.edu.

An significant merit of the new platform is its ability to lower manual work. The workflow can assist the analyst, demonstrate unusual text, and create a clear finding. However, Priya Nair said the tool must not replace 9 legal terms, personal names, or links such as https://law.example.org/policy.

The engineering group will produce a safe content system and test three separate strategies. A direct baseline may be fast, while a intricate approach could keep more details. Oliver Grant will evaluate 42 outputs, and the team will not change the specification at https://engineering.example.com/spec.

The editor wants to use a accurate procedure to improve a long content without changing its meaning. A quick workflow can help, but it must retain the names Ada Lovelace and Charles Babbage, the year 1843, and https://history.example.org. The final finding should show a considerable quality improvement.",1.0,,,,
en-005+en-006+en-007+en-008,en,unigram,simple_paraphrase,aggressive,"The archive system stores a large collection of historical passage. Researchers want to evaluate a straightforward technique that can change frequent expressions while preserving factual information. Sofia Martin noted that the project has 63 documents and no permission to modify the citation “River Survey, 1984” or https://archive.example.edu.

An relevant value of the new system is its ability to reduce manual work. The process can assist the analyst, show unusual passage, and build a clear outcome. However, Priya Nair said the tool must not replace 9 legal terms, personal names, or links such as https://law.example.org/policy.

The engineering group will build a secure passage system and test three distinct strategies. A straightforward baseline may be rapid, while a difficult approach could keep more information. Oliver Grant will evaluate 42 outputs, and the team will not change the specification at https://engineering.example.com/spec.

The editor wants to utilize a precise technique to enhance a long passage without changing its meaning. A rapid process can help, but it must keep the names Ada Lovelace and Charles Babbage, the year 1843, and https://history.example.org. The final outcome should show a large quality improvement.","The archive platform stores a considerable collection of historical passage. Researchers want to evaluate a straightforward procedure that can change frequent expressions while preserving factual details. Sofia Martin noted that the project has 63 documents and no permission to modify the citation “River Survey, 1984” or https://archive.example.edu.

An relevant value of the new system is its ability to lower manual work. The workflow can assist the analyst, show unusual content, and produce a definite finding. Yet, Priya Nair said the tool must not replace 9 legal terms, personal names, or links such as https://law.example.org/policy.

The engineering group will produce a protected content platform and test three separate strategies. A direct baseline may be fast, while a difficult approach could retain more details. Oliver Grant will evaluate 42 outputs, and the team will not change the specification at https://engineering.example.com/spec.

The editor wants to employ a correct technique to refine a long passage without changing its meaning. A fast workflow can help, but it must retain the names Ada Lovelace and Charles Babbage, the year 1843, and https://history.example.org. The final outcome should show a large quality improvement.",1.0,,,,
en-005+en-006+en-007+en-008,en,unigram,sira,intermediate,"The archive system stores a large collection of historical passage. Researchers want to evaluate a straightforward technique that can change frequent expressions while preserving factual information. Sofia Martin noted that the project has 63 documents and no permission to modify the citation “River Survey, 1984” or https://archive.example.edu.

An relevant value of the new system is its ability to reduce manual work. The process can assist the analyst, show unusual passage, and build a clear outcome. However, Priya Nair said the tool must not replace 9 legal terms, personal names, or links such as https://law.example.org/policy.

The engineering group will build a secure passage system and test three distinct strategies. A straightforward baseline may be rapid, while a difficult approach could keep more information. Oliver Grant will evaluate 42 outputs, and the team will not change the specification at https://engineering.example.com/spec.

The editor wants to utilize a precise technique to enhance a long passage without changing its meaning. A rapid process can help, but it must keep the names Ada Lovelace and Charles Babbage, the year 1843, and https://history.example.org. The final outcome should show a large quality improvement.","The archive system stores a large collection of historical content. Researchers want to evaluate a straightforward procedure that can change widespread expressions while preserving factual information. Sofia Martin noted that the project has 63 documents and no permission to modify the citation “River Survey, 1984” or https://archive.example.edu.

An significant value of the new system is its ability to reduce manual work. The process can assist the analyst, show unusual content, and produce a clear outcome. However, Priya Nair said the tool must not replace 9 legal terms, personal names, or links such as https://law.example.org/policy.

The engineering group will build a secure content system and test three separate strategies. A straightforward baseline may be fast, while a intricate approach could keep more information. Oliver Grant will evaluate 42 outputs, and the team will not change the specification at https://engineering.example.com/spec.

The editor wants to employ a precise procedure to refine a long passage without changing its meaning. A rapid process can help, but it must keep the names Ada Lovelace and Charles Babbage, the year 1843, and https://history.example.org. The final finding should show a large quality improvement.",1.0,,,,
en-005+en-006+en-007+en-008,en,unigram,bira,intermediate,"The archive system stores a large collection of historical passage. Researchers want to evaluate a straightforward technique that can change frequent expressions while preserving factual information. Sofia Martin noted that the project has 63 documents and no permission to modify the citation “River Survey, 1984” or https://archive.example.edu.

An relevant value of the new system is its ability to reduce manual work. The process can assist the analyst, show unusual passage, and build a clear outcome. However, Priya Nair said the tool must not replace 9 legal terms, personal names, or links such as https://law.example.org/policy.

The engineering group will build a secure passage system and test three distinct strategies. A straightforward baseline may be rapid, while a difficult approach could keep more information. Oliver Grant will evaluate 42 outputs, and the team will not change the specification at https://engineering.example.com/spec.

The editor wants to utilize a precise technique to enhance a long passage without changing its meaning. A rapid process can help, but it must keep the names Ada Lovelace and Charles Babbage, the year 1843, and https://history.example.org. The final outcome should show a large quality improvement.","The archive system stores a large collection of historical content. Researchers want to evaluate a straightforward procedure that can change widespread expressions while preserving factual information. Sofia Martin noted that the project has 63 documents and no permission to modify the citation “River Survey, 1984” or https://archive.example.edu.

An significant value of the new system is its ability to reduce manual work. The process can assist the analyst, show unusual content, and produce a clear outcome. However, Priya Nair said the tool must not replace 9 legal terms, personal names, or links such as https://law.example.org/policy.

The engineering group will produce a secure content system and test three separate strategies. A straightforward baseline may be rapid, while a intricate approach could keep more information. Oliver Grant will evaluate 42 outputs, and the team will not change the specification at https://engineering.example.com/spec.

The editor wants to employ a precise procedure to refine a long content without changing its meaning. A rapid process can help, but it must keep the names Ada Lovelace and Charles Babbage, the year 1843, and https://history.example.org. The final outcome should show a large quality improvement.",1.0,,,,
en-005+en-006+en-007+en-008,en,unigram,bira_position_aware,intermediate,"The archive system stores a large collection of historical passage. Researchers want to evaluate a straightforward technique that can change frequent expressions while preserving factual information. Sofia Martin noted that the project has 63 documents and no permission to modify the citation “River Survey, 1984” or https://archive.example.edu.

An relevant value of the new system is its ability to reduce manual work. The process can assist the analyst, show unusual passage, and build a clear outcome. However, Priya Nair said the tool must not replace 9 legal terms, personal names, or links such as https://law.example.org/policy.

The engineering group will build a secure passage system and test three distinct strategies. A straightforward baseline may be rapid, while a difficult approach could keep more information. Oliver Grant will evaluate 42 outputs, and the team will not change the specification at https://engineering.example.com/spec.

The editor wants to utilize a precise technique to enhance a long passage without changing its meaning. A rapid process can help, but it must keep the names Ada Lovelace and Charles Babbage, the year 1843, and https://history.example.org. The final outcome should show a large quality improvement.","The archive system stores a large collection of historical content. Researchers want to evaluate a straightforward procedure that can change widespread expressions while preserving factual details. Sofia Martin noted that the project has 63 documents and no permission to modify the citation “River Survey, 1984” or https://archive.example.edu.

An significant value of the new system is its ability to reduce manual work. The process can assist the analyst, show unusual passage, and produce a clear outcome. However, Priya Nair said the tool must not replace 9 legal terms, personal names, or links such as https://law.example.org/policy.

The engineering group will build a secure content system and test three separate strategies. A direct baseline may be fast, while a intricate approach could keep more information. Oliver Grant will evaluate 42 outputs, and the team will not change the specification at https://engineering.example.com/spec.

The editor wants to employ a precise technique to refine a long passage without changing its meaning. A rapid process can help, but it must keep the names Ada Lovelace and Charles Babbage, the year 1843, and https://history.example.org. The final finding should show a large quality improvement.",1.0,,,,
en-005+en-006+en-007+en-008,en,synthid_tournament,simple_paraphrase,intermediate,"The archive service stores a large collection of historical passage. Researchers want to evaluate a straightforward method that can change common expressions while preserving factual data. Sofia Martin noted that the project has 63 documents and no permission to modify the citation “River Survey, 1984” or https://archive.example.edu.

An relevant value of the new service is its ability to reduce manual work. The operation can assist the analyst, show unusual text, and create a clear outcome. Nevertheless, Priya Nair said the tool must not replace 9 legal terms, personal names, or links such as https://law.example.org/policy.

The engineering group will build a secure text service and test three different strategies. A simple baseline may be rapid, while a complex approach could preserve more data. Oliver Grant will evaluate 42 outputs, and the team will not change the specification at https://engineering.example.com/spec.

The editor wants to utilize a accurate technique to improve a long passage without changing its meaning. A rapid operation can help, but it must preserve the names Ada Lovelace and Charles Babbage, the year 1843, and https://history.example.org. The final outcome should show a substantial quality improvement.","The archive platform stores a large collection of historical passage. Researchers want to evaluate a straightforward method that can change widespread expressions while preserving factual data. Sofia Martin noted that the project has 63 documents and no permission to modify the citation “River Survey, 1984” or https://archive.example.edu.

An relevant value of the new service is its ability to lower manual work. The operation can assist the analyst, show unusual text, and create a definite outcome. Yet, Priya Nair said the tool must not replace 9 legal terms, personal names, or links such as https://law.example.org/policy.

The engineering group will build a protected content service and test three different strategies. A simple baseline may be fast, while a intricate approach could retain more data. Oliver Grant will evaluate 42 outputs, and the team will not change the specification at https://engineering.example.com/spec.

The editor wants to employ a correct technique to improve a long passage without changing its meaning. A fast operation can help, but it must preserve the names Ada Lovelace and Charles Babbage, the year 1843, and https://history.example.org. The final outcome should show a considerable quality improvement.",1.0,,,,
en-005+en-006+en-007+en-008,en,synthid_tournament,sira,intermediate,"The archive service stores a large collection of historical passage. Researchers want to evaluate a straightforward method that can change common expressions while preserving factual data. Sofia Martin noted that the project has 63 documents and no permission to modify the citation “River Survey, 1984” or https://archive.example.edu.

An relevant value of the new service is its ability to reduce manual work. The operation can assist the analyst, show unusual text, and create a clear outcome. Nevertheless, Priya Nair said the tool must not replace 9 legal terms, personal names, or links such as https://law.example.org/policy.

The engineering group will build a secure text service and test three different strategies. A simple baseline may be rapid, while a complex approach could preserve more data. Oliver Grant will evaluate 42 outputs, and the team will not change the specification at https://engineering.example.com/spec.

The editor wants to utilize a accurate technique to improve a long passage without changing its meaning. A rapid operation can help, but it must preserve the names Ada Lovelace and Charles Babbage, the year 1843, and https://history.example.org. The final outcome should show a substantial quality improvement.","The archive service stores a large collection of historical content. Researchers want to evaluate a direct method that can change common expressions while preserving factual data. Sofia Martin noted that the project has 63 documents and no permission to modify the citation “River Survey, 1984” or https://archive.example.edu.

An significant value of the new platform is its ability to reduce manual work. The workflow can assist the analyst, show unusual text, and create a clear outcome. Yet, Priya Nair said the tool must not replace 9 legal terms, personal names, or links such as https://law.example.org/policy.

The engineering group will produce a secure text service and test three different strategies. A simple baseline may be fast, while a complex approach could preserve more data. Oliver Grant will evaluate 42 outputs, and the team will not change the specification at https://engineering.example.com/spec.

The editor wants to employ a accurate procedure to improve a long passage without changing its meaning. A rapid workflow can help, but it must retain the names Ada Lovelace and Charles Babbage, the year 1843, and https://history.example.org. The final finding should show a considerable quality improvement.",1.0,,,,
en-005+en-006+en-007+en-008,en,synthid_tournament,bira,intermediate,"The archive service stores a large collection of historical passage. Researchers want to evaluate a straightforward method that can change common expressions while preserving factual data. Sofia Martin noted that the project has 63 documents and no permission to modify the citation “River Survey, 1984” or https://archive.example.edu.

An relevant value of the new service is its ability to reduce manual work. The operation can assist the analyst, show unusual text, and create a clear outcome. Nevertheless, Priya Nair said the tool must not replace 9 legal terms, personal names, or links such as https://law.example.org/policy.

The engineering group will build a secure text service and test three different strategies. A simple baseline may be rapid, while a complex approach could preserve more data. Oliver Grant will evaluate 42 outputs, and the team will not change the specification at https://engineering.example.com/spec.

The editor wants to utilize a accurate technique to improve a long passage without changing its meaning. A rapid operation can help, but it must preserve the names Ada Lovelace and Charles Babbage, the year 1843, and https://history.example.org. The final outcome should show a substantial quality improvement.","The archive service stores a large collection of historical content. Researchers want to evaluate a direct method that can change common expressions while preserving factual data. Sofia Martin noted that the project has 63 documents and no permission to modify the citation “River Survey, 1984” or https://archive.example.edu.

An significant value of the new service is its ability to reduce manual work. The workflow can assist the analyst, show unusual text, and create a clear finding. Yet, Priya Nair said the tool must not replace 9 legal terms, personal names, or links such as https://law.example.org/policy.

The engineering group will build a secure text service and test three different strategies. A simple baseline may be fast, while a complex approach could preserve more data. Oliver Grant will evaluate 42 outputs, and the team will not change the specification at https://engineering.example.com/spec.

The editor wants to employ a accurate procedure to improve a long content without changing its meaning. A fast workflow can help, but it must preserve the names Ada Lovelace and Charles Babbage, the year 1843, and https://history.example.org. The final finding should show a considerable quality improvement.",1.0,,,,
en-005+en-006+en-007+en-008,en,synthid_tournament,bira_position_aware,intermediate,"The archive service stores a large collection of historical passage. Researchers want to evaluate a straightforward method that can change common expressions while preserving factual data. Sofia Martin noted that the project has 63 documents and no permission to modify the citation “River Survey, 1984” or https://archive.example.edu.

An relevant value of the new service is its ability to reduce manual work. The operation can assist the analyst, show unusual text, and create a clear outcome. Nevertheless, Priya Nair said the tool must not replace 9 legal terms, personal names, or links such as https://law.example.org/policy.

The engineering group will build a secure text service and test three different strategies. A simple baseline may be rapid, while a complex approach could preserve more data. Oliver Grant will evaluate 42 outputs, and the team will not change the specification at https://engineering.example.com/spec.

The editor wants to utilize a accurate technique to improve a long passage without changing its meaning. A rapid operation can help, but it must preserve the names Ada Lovelace and Charles Babbage, the year 1843, and https://history.example.org. The final outcome should show a substantial quality improvement.","The archive service stores a large collection of historical content. Researchers want to evaluate a direct method that can change common expressions while preserving factual data. Sofia Martin noted that the project has 63 documents and no permission to modify the citation “River Survey, 1984” or https://archive.example.edu.

An significant value of the new platform is its ability to reduce manual work. The workflow can assist the analyst, show unusual text, and create a clear outcome. Yet, Priya Nair said the tool must not replace 9 legal terms, personal names, or links such as https://law.example.org/policy.

The engineering group will produce a secure text service and test three different strategies. A simple baseline may be fast, while a complex approach could preserve more data. Oliver Grant will evaluate 42 outputs, and the team will not change the specification at https://engineering.example.com/spec.

The editor wants to employ a accurate technique to improve a long content without changing its meaning. A rapid workflow can help, but it must retain the names Ada Lovelace and Charles Babbage, the year 1843, and https://history.example.org. The final finding should show a considerable quality improvement.",1.0,,,,
en-006+en-007+en-008+en-001,en,kgw,simple_paraphrase,intermediate,"An relevant benefit of the new service is its ability to reduce manual work. The operation can assist the analyst, indicate unusual text, and create a clear outcome. However, Priya Nair said the tool must not replace 9 legal terms, personal names, or links such as https://law.example.org/policy.

The engineering group will build a safe passage system and test three distinct strategies. A straightforward baseline may be quick, while a difficult approach could keep more information. Oliver Grant will evaluate 42 outputs, and the team will not change the specification at https://engineering.example.com/spec.

The editor wants to use a accurate technique to improve a long text without changing its meaning. A quick process can help, but it must preserve the names Ada Lovelace and Charles Babbage, the year 1843, and https://history.example.org. The final outcome should show a large quality improvement.

The research team will start with a straightforward method and utilize accurate data to test the service. Elena Rossi will check 24 reports before Friday, while the service must preserve every URL such as https://example.org/report. The outcome should show whether a minor change can improve quality without altering names or numbers.","An relevant benefit of the new service is its ability to lower manual work. The operation can assist the analyst, indicate unusual text, and produce a clear finding. However, Priya Nair said the tool must not replace 9 legal terms, personal names, or links such as https://law.example.org/policy.

The engineering group will build a safe passage platform and test three separate strategies. A straightforward baseline may be fast, while a intricate approach could retain more information. Oliver Grant will evaluate 42 outputs, and the team will not change the specification at https://engineering.example.com/spec.

The editor wants to employ a accurate procedure to refine a long text without changing its meaning. A quick workflow can help, but it must preserve the names Ada Lovelace and Charles Babbage, the year 1843, and https://history.example.org. The final finding should show a considerable quality improvement.

The research team will start with a straightforward method and utilize accurate data to test the platform. Elena Rossi will check 24 reports before Friday, while the service must preserve every URL such as https://example.org/report. The outcome should demonstrate whether a minor change can refine quality without altering names or numbers.",1.0,,,,
en-006+en-007+en-008+en-001,en,kgw,sira,aggressive,"An relevant benefit of the new service is its ability to reduce manual work. The operation can assist the analyst, indicate unusual text, and create a clear outcome. However, Priya Nair said the tool must not replace 9 legal terms, personal names, or links such as https://law.example.org/policy.

The engineering group will build a safe passage system and test three distinct strategies. A straightforward baseline may be quick, while a difficult approach could keep more information. Oliver Grant will evaluate 42 outputs, and the team will not change the specification at https://engineering.example.com/spec.

The editor wants to use a accurate technique to improve a long text without changing its meaning. A quick process can help, but it must preserve the names Ada Lovelace and Charles Babbage, the year 1843, and https://history.example.org. The final outcome should show a large quality improvement.

The research team will start with a straightforward method and utilize accurate data to test the service. Elena Rossi will check 24 reports before Friday, while the service must preserve every URL such as https://example.org/report. The outcome should show whether a minor change can improve quality without altering names or numbers.","An significant merit of the new platform is its ability to reduce manual work. The workflow can assist the analyst, demonstrate unusual text, and produce a clear finding. Yet, Priya Nair said the tool must not replace 9 legal terms, personal names, or links such as https://law.example.org/policy.

The engineering group will produce a protected content system and test three separate strategies. A direct baseline may be fast, while a intricate approach could retain more details. Oliver Grant will evaluate 42 outputs, and the team will not change the specification at https://engineering.example.com/spec.

The editor wants to use a correct procedure to improve a long text without changing its meaning. A quick process can help, but it must retain the names Ada Lovelace and Charles Babbage, the year 1843, and https://history.example.org. The final finding should show a large quality improvement.

The research team will commence with a direct method and employ correct data to test the platform. Elena Rossi will check 24 reports before Friday, while the platform must retain every URL such as https://example.org/report. The finding should show whether a limited change can improve quality without altering names or numbers.",1.0,,,,
en-006+en-007+en-008+en-001,en,kgw,bira,aggressive,"An relevant benefit of the new service is its ability to reduce manual work. The operation can assist the analyst, indicate unusual text, and create a clear outcome. However, Priya Nair said the tool must not replace 9 legal terms, personal names, or links such as https://law.example.org/policy.

The engineering group will build a safe passage system and test three distinct strategies. A straightforward baseline may be quick, while a difficult approach could keep more information. Oliver Grant will evaluate 42 outputs, and the team will not change the specification at https://engineering.example.com/spec.

The editor wants to use a accurate technique to improve a long text without changing its meaning. A quick process can help, but it must preserve the names Ada Lovelace and Charles Babbage, the year 1843, and https://history.example.org. The final outcome should show a large quality improvement.

The research team will start with a straightforward method and utilize accurate data to test the service. Elena Rossi will check 24 reports before Friday, while the service must preserve every URL such as https://example.org/report. The outcome should show whether a minor change can improve quality without altering names or numbers.","An significant merit of the new platform is its ability to reduce manual work. The workflow can assist the analyst, demonstrate unusual text, and produce a clear finding. Yet, Priya Nair said the tool must not replace 9 legal terms, personal names, or links such as https://law.example.org/policy.

The engineering group will produce a protected content system and test three separate strategies. A direct baseline may be quick, while a intricate approach could retain more details. Oliver Grant will evaluate 42 outputs, and the team will not change the specification at https://engineering.example.com/spec.

The editor wants to use a correct procedure to improve a long content without changing its meaning. A quick process can help, but it must retain the names Ada Lovelace and Charles Babbage, the year 1843, and https://history.example.org. The final finding should show a large quality improvement.

The research team will commence with a direct method and employ correct data to test the platform. Elena Rossi will check 24 reports before Friday, while the platform must retain every URL such as https://example.org/report. The finding should show whether a limited change can improve quality without altering names or numbers.",1.0,,,,
en-006+en-007+en-008+en-001,en,kgw,bira_position_aware,intermediate,"An relevant benefit of the new service is its ability to reduce manual work. The operation can assist the analyst, indicate unusual text, and create a clear outcome. However, Priya Nair said the tool must not replace 9 legal terms, personal names, or links such as https://law.example.org/policy.

The engineering group will build a safe passage system and test three distinct strategies. A straightforward baseline may be quick, while a difficult approach could keep more information. Oliver Grant will evaluate 42 outputs, and the team will not change the specification at https://engineering.example.com/spec.

The editor wants to use a accurate technique to improve a long text without changing its meaning. A quick process can help, but it must preserve the names Ada Lovelace and Charles Babbage, the year 1843, and https://history.example.org. The final outcome should show a large quality improvement.

The research team will start with a straightforward method and utilize accurate data to test the service. Elena Rossi will check 24 reports before Friday, while the service must preserve every URL such as https://example.org/report. The outcome should show whether a minor change can improve quality without altering names or numbers.","An significant benefit of the new platform is its ability to reduce manual work. The workflow can assist the analyst, indicate unusual text, and create a clear finding. However, Priya Nair said the tool must not replace 9 legal terms, personal names, or links such as https://law.example.org/policy.

The engineering group will build a safe content system and test three separate strategies. A direct baseline may be quick, while a intricate approach could keep more information. Oliver Grant will evaluate 42 outputs, and the team will not change the specification at https://engineering.example.com/spec.

The editor wants to use a accurate procedure to improve a long text without changing its meaning. A quick process can help, but it must retain the names Ada Lovelace and Charles Babbage, the year 1843, and https://history.example.org. The final finding should show a large quality improvement.

The research team will commence with a straightforward method and employ accurate data to test the platform. Elena Rossi will check 24 reports before Friday, while the platform must preserve every URL such as https://example.org/report. The finding should show whether a limited change can improve quality without altering names or numbers.",1.0,,,,
en-006+en-007+en-008+en-001,en,unigram,simple_paraphrase,aggressive,"An relevant value of the new system is its ability to reduce manual work. The process can assist the analyst, show unusual passage, and build a clear outcome. However, Priya Nair said the tool must not replace 9 legal terms, personal names, or links such as https://law.example.org/policy.

The engineering group will build a secure passage system and test three distinct strategies. A straightforward baseline may be rapid, while a difficult approach could keep more information. Oliver Grant will evaluate 42 outputs, and the team will not change the specification at https://engineering.example.com/spec.

The editor wants to utilize a precise technique to enhance a long passage without changing its meaning. A rapid process can help, but it must keep the names Ada Lovelace and Charles Babbage, the year 1843, and https://history.example.org. The final outcome should show a large quality improvement.

The research team will begin with a straightforward technique and utilize precise information to test the system. Elena Rossi will verify 24 reports before Friday, while the system must keep every URL such as https://example.org/report. The outcome should show whether a small change can enhance quality without altering names or numbers.","An relevant value of the new platform is its ability to lower manual work. The workflow can assist the analyst, show unusual content, and produce a definite finding. However, Priya Nair said the tool must not replace 9 legal terms, personal names, or links such as https://law.example.org/policy.

The engineering group will build a secure passage platform and test three separate strategies. A direct baseline may be rapid, while a intricate approach could retain more information. Oliver Grant will evaluate 42 outputs, and the team will not change the specification at https://engineering.example.com/spec.

The editor wants to employ a correct procedure to enhance a long content without changing its meaning. A fast workflow can help, but it must retain the names Ada Lovelace and Charles Babbage, the year 1843, and https://history.example.org. The final finding should show a considerable quality improvement.

The research team will begin with a direct procedure and employ precise information to test the platform. Elena Rossi will verify 24 reports before Friday, while the system must retain every URL such as https://example.org/report. The finding should demonstrate whether a limited change can refine quality without altering names or numbers.",1.0,,,,
en-006+en-007+en-008+en-001,en,unigram,sira,intermediate,"An relevant value of the new system is its ability to reduce manual work. The process can assist the analyst, show unusual passage, and build a clear outcome. However, Priya Nair said the tool must not replace 9 legal terms, personal names, or links such as https://law.example.org/policy.

The engineering group will build a secure passage system and test three distinct strategies. A straightforward baseline may be rapid, while a difficult approach could keep more information. Oliver Grant will evaluate 42 outputs, and the team will not change the specification at https://engineering.example.com/spec.

The editor wants to utilize a precise technique to enhance a long passage without changing its meaning. A rapid process can help, but it must keep the names Ada Lovelace and Charles Babbage, the year 1843, and https://history.example.org. The final outcome should show a large quality improvement.

The research team will begin with a straightforward technique and utilize precise information to test the system. Elena Rossi will verify 24 reports before Friday, while the system must keep every URL such as https://example.org/report. The outcome should show whether a small change can enhance quality without altering names or numbers.","An significant value of the new system is its ability to reduce manual work. The process can assist the analyst, show unusual content, and produce a clear outcome. However, Priya Nair said the tool must not replace 9 legal terms, personal names, or links such as https://law.example.org/policy.

The engineering group will build a secure content system and test three separate strategies. A straightforward baseline may be fast, while a intricate approach could keep more information. Oliver Grant will evaluate 42 outputs, and the team will not change the specification at https://engineering.example.com/spec.

The editor wants to employ a precise procedure to refine a long passage without changing its meaning. A rapid process can help, but it must keep the names Ada Lovelace and Charles Babbage, the year 1843, and https://history.example.org. The final finding should show a large quality improvement.

The research team will begin with a straightforward procedure and employ precise details to test the system. Elena Rossi will inspect 24 reports before Friday, while the system must keep every URL such as https://example.org/report. The finding should show whether a small change can refine quality without altering names or numbers.",1.0,,,,
en-006+en-007+en-008+en-001,en,unigram,bira,intermediate,"An relevant value of the new system is its ability to reduce manual work. The process can assist the analyst, show unusual passage, and build a clear outcome. However, Priya Nair said the tool must not replace 9 legal terms, personal names, or links such as https://law.example.org/policy.

The engineering group will build a secure passage system and test three distinct strategies. A straightforward baseline may be rapid, while a difficult approach could keep more information. Oliver Grant will evaluate 42 outputs, and the team will not change the specification at https://engineering.example.com/spec.

The editor wants to utilize a precise technique to enhance a long passage without changing its meaning. A rapid process can help, but it must keep the names Ada Lovelace and Charles Babbage, the year 1843, and https://history.example.org. The final outcome should show a large quality improvement.

The research team will begin with a straightforward technique and utilize precise information to test the system. Elena Rossi will verify 24 reports before Friday, while the system must keep every URL such as https://example.org/report. The outcome should show whether a small change can enhance quality without altering names or numbers.","An significant value of the new system is its ability to reduce manual work. The process can assist the analyst, show unusual content, and build a clear finding. However, Priya Nair said the tool must not replace 9 legal terms, personal names, or links such as https://law.example.org/policy.

The engineering group will produce a secure content system and test three separate strategies. A straightforward baseline may be rapid, while a intricate approach could keep more information. Oliver Grant will evaluate 42 outputs, and the team will not change the specification at https://engineering.example.com/spec.

The editor wants to employ a precise procedure to refine a long content without changing its meaning. A rapid process can help, but it must keep the names Ada Lovelace and Charles Babbage, the year 1843, and https://history.example.org. The final finding should show a large quality improvement.

The research team will begin with a straightforward procedure and employ precise information to test the system. Elena Rossi will inspect 24 reports before Friday, while the system must keep every URL such as https://example.org/report. The finding should show whether a small change can refine quality without altering names or numbers.",1.0,,,,
en-006+en-007+en-008+en-001,en,unigram,bira_position_aware,intermediate,"An relevant value of the new system is its ability to reduce manual work. The process can assist the analyst, show unusual passage, and build a clear outcome. However, Priya Nair said the tool must not replace 9 legal terms, personal names, or links such as https://law.example.org/policy.

The engineering group will build a secure passage system and test three distinct strategies. A straightforward baseline may be rapid, while a difficult approach could keep more information. Oliver Grant will evaluate 42 outputs, and the team will not change the specification at https://engineering.example.com/spec.

The editor wants to utilize a precise technique to enhance a long passage without changing its meaning. A rapid process can help, but it must keep the names Ada Lovelace and Charles Babbage, the year 1843, and https://history.example.org. The final outcome should show a large quality improvement.

The research team will begin with a straightforward technique and utilize precise information to test the system. Elena Rossi will verify 24 reports before Friday, while the system must keep every URL such as https://example.org/report. The outcome should show whether a small change can enhance quality without altering names or numbers.","An significant value of the new system is its ability to reduce manual work. The process can assist the analyst, demonstrate unusual passage, and produce a clear outcome. However, Priya Nair said the tool must not replace 9 legal terms, personal names, or links such as https://law.example.org/policy.

The engineering group will build a secure content system and test three separate strategies. A direct baseline may be fast, while a intricate approach could keep more details. Oliver Grant will evaluate 42 outputs, and the team will not change the specification at https://engineering.example.com/spec.

The editor wants to employ a precise technique to refine a long passage without changing its meaning. A fast process can help, but it must keep the names Ada Lovelace and Charles Babbage, the year 1843, and https://history.example.org. The final finding should show a large quality improvement.

The research team will begin with a straightforward technique and employ precise information to test the system. Elena Rossi will inspect 24 reports before Friday, while the system must keep every URL such as https://example.org/report. The finding should show whether a small change can refine quality without altering names or numbers.",1.0,,,,
en-006+en-007+en-008+en-001,en,synthid_tournament,simple_paraphrase,intermediate,"An important benefit of the new service is its ability to reduce manual work. The operation can assist the analyst, show unusual text, and create a clear outcome. Nevertheless, Priya Nair said the tool must not replace 9 legal terms, personal names, or links such as https://law.example.org/policy.

The engineering group will build a secure text service and test three different strategies. A simple baseline may be rapid, while a complex approach could preserve more data. Oliver Grant will evaluate 42 outputs, and the team will not change the specification at https://engineering.example.com/spec.

The editor wants to utilize a accurate technique to improve a long passage without changing its meaning. A rapid operation can help, but it must preserve the names Ada Lovelace and Charles Babbage, the year 1843, and https://history.example.org. The final outcome should show a substantial quality improvement.

The research team will begin with a simple method and utilize precise data to test the service. Elena Rossi will verify 24 reports before Friday, while the service must keep every URL such as https://example.org/report. The result should indicate whether a minor change can enhance quality without altering names or numbers.","An important benefit of the new service is its ability to lower manual work. The operation can assist the analyst, show unusual text, and produce a clear finding. Yet, Priya Nair said the tool must not replace 9 legal terms, personal names, or links such as https://law.example.org/policy.

The engineering group will build a secure text platform and test three separate strategies. A simple baseline may be rapid, while a complex approach could retain more data. Oliver Grant will evaluate 42 outputs, and the team will not change the specification at https://engineering.example.com/spec.

The editor wants to employ a accurate procedure to refine a long content without changing its meaning. A fast operation can help, but it must preserve the names Ada Lovelace and Charles Babbage, the year 1843, and https://history.example.org. The final finding should show a considerable quality improvement.

The research team will begin with a simple method and utilize precise data to test the platform. Elena Rossi will verify 24 reports before Friday, while the service must retain every URL such as https://example.org/report. The result should demonstrate whether a minor change can enhance quality without altering names or numbers.",1.0,,,,
en-006+en-007+en-008+en-001,en,synthid_tournament,sira,intermediate,"An important benefit of the new service is its ability to reduce manual work. The operation can assist the analyst, show unusual text, and create a clear outcome. Nevertheless, Priya Nair said the tool must not replace 9 legal terms, personal names, or links such as https://law.example.org/policy.

The engineering group will build a secure text service and test three different strategies. A simple baseline may be rapid, while a complex approach could preserve more data. Oliver Grant will evaluate 42 outputs, and the team will not change the specification at https://engineering.example.com/spec.

The editor wants to utilize a accurate technique to improve a long passage without changing its meaning. A rapid operation can help, but it must preserve the names Ada Lovelace and Charles Babbage, the year 1843, and https://history.example.org. The final outcome should show a substantial quality improvement.

The research team will begin with a simple method and utilize precise data to test the service. Elena Rossi will verify 24 reports before Friday, while the service must keep every URL such as https://example.org/report. The result should indicate whether a minor change can enhance quality without altering names or numbers.","An important benefit of the new platform is its ability to reduce manual work. The workflow can assist the analyst, show unusual text, and create a clear outcome. Yet, Priya Nair said the tool must not replace 9 legal terms, personal names, or links such as https://law.example.org/policy.

The engineering group will build a secure text service and test three different strategies. A simple baseline may be fast, while a complex approach could preserve more data. Oliver Grant will evaluate 42 outputs, and the team will not change the specification at https://engineering.example.com/spec.

The editor wants to employ a accurate procedure to improve a long passage without changing its meaning. A rapid workflow can help, but it must preserve the names Ada Lovelace and Charles Babbage, the year 1843, and https://history.example.org. The final finding should show a considerable quality improvement.

The research team will begin with a simple method and employ correct data to test the platform. Elena Rossi will inspect 24 reports before Friday, while the platform must keep every URL such as https://example.org/report. The result should demonstrate whether a limited change can refine quality without altering names or numbers.",1.0,,,,
en-006+en-007+en-008+en-001,en,synthid_tournament,bira,intermediate,"An important benefit of the new service is its ability to reduce manual work. The operation can assist the analyst, show unusual text, and create a clear outcome. Nevertheless, Priya Nair said the tool must not replace 9 legal terms, personal names, or links such as https://law.example.org/policy.

The engineering group will build a secure text service and test three different strategies. A simple baseline may be rapid, while a complex approach could preserve more data. Oliver Grant will evaluate 42 outputs, and the team will not change the specification at https://engineering.example.com/spec.

The editor wants to utilize a accurate technique to improve a long passage without changing its meaning. A rapid operation can help, but it must preserve the names Ada Lovelace and Charles Babbage, the year 1843, and https://history.example.org. The final outcome should show a substantial quality improvement.

The research team will begin with a simple method and utilize precise data to test the service. Elena Rossi will verify 24 reports before Friday, while the service must keep every URL such as https://example.org/report. The result should indicate whether a minor change can enhance quality without altering names or numbers.","An important benefit of the new platform is its ability to reduce manual work. The workflow can assist the analyst, show unusual text, and create a clear finding. Yet, Priya Nair said the tool must not replace 9 legal terms, personal names, or links such as https://law.example.org/policy.

The engineering group will build a secure text platform and test three different strategies. A simple baseline may be rapid, while a complex approach could preserve more data. Oliver Grant will evaluate 42 outputs, and the team will not change the specification at https://engineering.example.com/spec.

The editor wants to employ a accurate procedure to improve a long passage without changing its meaning. A rapid workflow can help, but it must preserve the names Ada Lovelace and Charles Babbage, the year 1843, and https://history.example.org. The final finding should show a substantial quality improvement.

The research team will begin with a simple method and employ correct data to test the platform. Elena Rossi will inspect 24 reports before Friday, while the platform must keep every URL such as https://example.org/report. The result should demonstrate whether a limited change can refine quality without altering names or numbers.",1.0,,,,
en-006+en-007+en-008+en-001,en,synthid_tournament,bira_position_aware,intermediate,"An important benefit of the new service is its ability to reduce manual work. The operation can assist the analyst, show unusual text, and create a clear outcome. Nevertheless, Priya Nair said the tool must not replace 9 legal terms, personal names, or links such as https://law.example.org/policy.

The engineering group will build a secure text service and test three different strategies. A simple baseline may be rapid, while a complex approach could preserve more data. Oliver Grant will evaluate 42 outputs, and the team will not change the specification at https://engineering.example.com/spec.

The editor wants to utilize a accurate technique to improve a long passage without changing its meaning. A rapid operation can help, but it must preserve the names Ada Lovelace and Charles Babbage, the year 1843, and https://history.example.org. The final outcome should show a substantial quality improvement.

The research team will begin with a simple method and utilize precise data to test the service. Elena Rossi will verify 24 reports before Friday, while the service must keep every URL such as https://example.org/report. The result should indicate whether a minor change can enhance quality without altering names or numbers.","An important merit of the new platform is its ability to reduce manual work. The workflow can assist the analyst, show unusual text, and create a clear outcome. Yet, Priya Nair said the tool must not replace 9 legal terms, personal names, or links such as https://law.example.org/policy.

The engineering group will produce a secure text service and test three different strategies. A simple baseline may be fast, while a complex approach could preserve more data. Oliver Grant will evaluate 42 outputs, and the team will not change the specification at https://engineering.example.com/spec.

The editor wants to employ a accurate technique to improve a long content without changing its meaning. A rapid workflow can help, but it must retain the names Ada Lovelace and Charles Babbage, the year 1843, and https://history.example.org. The final finding should show a considerable quality improvement.

The research team will begin with a simple method and employ precise data to test the platform. Elena Rossi will inspect 24 reports before Friday, while the platform must keep every URL such as https://example.org/report. The result should indicate whether a limited change can enhance quality without altering names or numbers.",1.0,,,,
en-007+en-008+en-001+en-002,en,kgw,simple_paraphrase,aggressive,"The engineering group will build a safe passage system and test three distinct strategies. A straightforward baseline may be quick, while a difficult approach could keep more information. Oliver Grant will evaluate 42 outputs, and the team will not change the specification at https://engineering.example.com/spec.

The editor wants to use a accurate technique to improve a long text without changing its meaning. A quick process can help, but it must preserve the names Ada Lovelace and Charles Babbage, the year 1843, and https://history.example.org. The final outcome should show a large quality improvement.

The research team will start with a straightforward method and utilize accurate data to test the service. Elena Rossi will check 24 reports before Friday, while the service must preserve every URL such as https://example.org/report. The outcome should show whether a minor change can improve quality without altering names or numbers.

A safe service should help each user understand the operation. The team can select a distinct approach when the first test reveals a challenge; however, it must not change the quoted instruction “keep the original meaning”. Marcus Lee expects a clear outcome after 18 evaluations and will publish the information on https://example.com/research.","The engineering group will produce a protected passage platform and test three distinct strategies. A straightforward baseline may be fast, while a intricate approach could retain more details. Oliver Grant will evaluate 42 outputs, and the team will not change the specification at https://engineering.example.com/spec.

The editor wants to employ a correct procedure to refine a long text without changing its meaning. A fast workflow can help, but it must retain the names Ada Lovelace and Charles Babbage, the year 1843, and https://history.example.org. The final finding should demonstrate a large quality improvement.

The research team will start with a straightforward procedure and employ accurate details to test the platform. Elena Rossi will inspect 24 reports before Friday, while the service must retain every URL such as https://example.org/report. The outcome should show whether a limited change can refine quality without altering names or numbers.

A protected platform should help each user understand the operation. The team can pick a distinct approach when the first test reveals a difficulty; however, it must not change the quoted instruction “keep the original meaning”. Marcus Lee expects a definite finding after 18 evaluations and will publish the information on https://example.com/research.",1.0,,,,
en-007+en-008+en-001+en-002,en,kgw,sira,aggressive,"The engineering group will build a safe passage system and test three distinct strategies. A straightforward baseline may be quick, while a difficult approach could keep more information. Oliver Grant will evaluate 42 outputs, and the team will not change the specification at https://engineering.example.com/spec.

The editor wants to use a accurate technique to improve a long text without changing its meaning. A quick process can help, but it must preserve the names Ada Lovelace and Charles Babbage, the year 1843, and https://history.example.org. The final outcome should show a large quality improvement.

The research team will start with a straightforward method and utilize accurate data to test the service. Elena Rossi will check 24 reports before Friday, while the service must preserve every URL such as https://example.org/report. The outcome should show whether a minor change can improve quality without altering names or numbers.

A safe service should help each user understand the operation. The team can select a distinct approach when the first test reveals a challenge; however, it must not change the quoted instruction “keep the original meaning”. Marcus Lee expects a clear outcome after 18 evaluations and will publish the information on https://example.com/research.","The engineering group will produce a protected content system and test three separate strategies. A direct baseline may be fast, while a intricate approach could retain more details. Oliver Grant will evaluate 42 outputs, and the team will not change the specification at https://engineering.example.com/spec.

The editor wants to use a correct procedure to improve a long text without changing its meaning. A quick process can help, but it must retain the names Ada Lovelace and Charles Babbage, the year 1843, and https://history.example.org. The final finding should show a large quality improvement.

The research team will commence with a direct method and employ accurate data to test the platform. Elena Rossi will check 24 reports before Friday, while the platform must retain every URL such as https://example.org/report. The finding should show whether a limited change can improve quality without altering names or numbers.

A protected platform should help each user understand the workflow. The team can pick a separate approach when the first test reveals a difficulty; yet, it must not change the quoted instruction “keep the original meaning”. Marcus Lee expects a clear finding after 18 evaluations and will publish the details on https://example.com/research.",1.0,,,,
en-007+en-008+en-001+en-002,en,kgw,bira,aggressive,"The engineering group will build a safe passage system and test three distinct strategies. A straightforward baseline may be quick, while a difficult approach could keep more information. Oliver Grant will evaluate 42 outputs, and the team will not change the specification at https://engineering.example.com/spec.

The editor wants to use a accurate technique to improve a long text without changing its meaning. A quick process can help, but it must preserve the names Ada Lovelace and Charles Babbage, the year 1843, and https://history.example.org. The final outcome should show a large quality improvement.

The research team will start with a straightforward method and utilize accurate data to test the service. Elena Rossi will check 24 reports before Friday, while the service must preserve every URL such as https://example.org/report. The outcome should show whether a minor change can improve quality without altering names or numbers.

A safe service should help each user understand the operation. The team can select a distinct approach when the first test reveals a challenge; however, it must not change the quoted instruction “keep the original meaning”. Marcus Lee expects a clear outcome after 18 evaluations and will publish the information on https://example.com/research.","The engineering group will produce a protected content system and test three separate strategies. A direct baseline may be quick, while a intricate approach could retain more details. Oliver Grant will evaluate 42 outputs, and the team will not change the specification at https://engineering.example.com/spec.

The editor wants to use a correct procedure to improve a long text without changing its meaning. A quick process can help, but it must retain the names Ada Lovelace and Charles Babbage, the year 1843, and https://history.example.org. The final finding should show a large quality improvement.

The research team will commence with a direct method and employ correct data to test the platform. Elena Rossi will check 24 reports before Friday, while the platform must retain every URL such as https://example.org/report. The finding should show whether a limited change can improve quality without altering names or numbers.

A protected platform should help each user understand the workflow. The team can pick a separate approach when the first test reveals a difficulty; yet, it must not change the quoted instruction “keep the original meaning”. Marcus Lee expects a clear finding after 18 evaluations and will publish the details on https://example.com/research.",1.0,,,,
en-007+en-008+en-001+en-002,en,kgw,bira_position_aware,aggressive,"The engineering group will build a safe passage system and test three distinct strategies. A straightforward baseline may be quick, while a difficult approach could keep more information. Oliver Grant will evaluate 42 outputs, and the team will not change the specification at https://engineering.example.com/spec.

The editor wants to use a accurate technique to improve a long text without changing its meaning. A quick process can help, but it must preserve the names Ada Lovelace and Charles Babbage, the year 1843, and https://history.example.org. The final outcome should show a large quality improvement.

The research team will start with a straightforward method and utilize accurate data to test the service. Elena Rossi will check 24 reports before Friday, while the service must preserve every URL such as https://example.org/report. The outcome should show whether a minor change can improve quality without altering names or numbers.

A safe service should help each user understand the operation. The team can select a distinct approach when the first test reveals a challenge; however, it must not change the quoted instruction “keep the original meaning”. Marcus Lee expects a clear outcome after 18 evaluations and will publish the information on https://example.com/research.","The engineering group will produce a protected content system and test three separate strategies. A direct baseline may be fast, while a intricate approach could keep more details. Oliver Grant will evaluate 42 outputs, and the team will not change the specification at https://engineering.example.com/spec.

The editor wants to use a accurate procedure to improve a long content without changing its meaning. A quick workflow can help, but it must retain the names Ada Lovelace and Charles Babbage, the year 1843, and https://history.example.org. The final finding should show a considerable quality improvement.

The research team will commence with a direct method and employ accurate data to test the platform. Elena Rossi will inspect 24 reports before Friday, while the platform must retain every URL such as https://example.org/report. The finding should show whether a limited change can improve quality without altering names or numbers.

A safe platform should help each user understand the workflow. The team can pick a separate approach when the first test reveals a difficulty; however, it must not change the quoted instruction “keep the original meaning”. Marcus Lee expects a clear finding after 18 evaluations and will publish the details on https://example.com/research.",1.0,,,,
en-007+en-008+en-001+en-002,en,unigram,simple_paraphrase,intermediate,"The engineering group will build a secure passage system and test three distinct strategies. A straightforward baseline may be rapid, while a difficult approach could keep more information. Oliver Grant will evaluate 42 outputs, and the team will not change the specification at https://engineering.example.com/spec.

The editor wants to utilize a precise technique to enhance a long passage without changing its meaning. A rapid process can help, but it must keep the names Ada Lovelace and Charles Babbage, the year 1843, and https://history.example.org. The final outcome should show a large quality improvement.

The research team will begin with a straightforward technique and utilize precise information to test the system. Elena Rossi will verify 24 reports before Friday, while the system must keep every URL such as https://example.org/report. The outcome should show whether a small change can enhance quality without altering names or numbers.

A secure system should help each customer understand the process. The team can select a distinct approach when the first test reveals a challenge; however, it must not change the quoted instruction “keep the original meaning”. Marcus Lee expects a clear outcome after 18 evaluations and will publish the information on https://example.com/research.","The engineering group will produce a secure passage platform and test three distinct strategies. A straightforward baseline may be fast, while a difficult approach could retain more details. Oliver Grant will evaluate 42 outputs, and the team will not change the specification at https://engineering.example.com/spec.

The editor wants to employ a precise procedure to enhance a long passage without changing its meaning. A rapid process can help, but it must retain the names Ada Lovelace and Charles Babbage, the year 1843, and https://history.example.org. The final finding should show a large quality improvement.

The research team will commence with a straightforward procedure and employ precise information to test the system. Elena Rossi will verify 24 reports before Friday, while the system must keep every URL such as https://example.org/report. The outcome should show whether a small change can enhance quality without altering names or numbers.

A secure system should help each person understand the workflow. The team can select a distinct approach when the first test reveals a difficulty; however, it must not change the quoted instruction “keep the original meaning”. Marcus Lee expects a definite finding after 18 evaluations and will publish the information on https://example.com/research.",1.0,,,,
en-007+en-008+en-001+en-002,en,unigram,sira,intermediate,"The engineering group will build a secure passage system and test three distinct strategies. A straightforward baseline may be rapid, while a difficult approach could keep more information. Oliver Grant will evaluate 42 outputs, and the team will not change the specification at https://engineering.example.com/spec.

The editor wants to utilize a precise technique to enhance a long passage without changing its meaning. A rapid process can help, but it must keep the names Ada Lovelace and Charles Babbage, the year 1843, and https://history.example.org. The final outcome should show a large quality improvement.

The research team will begin with a straightforward technique and utilize precise information to test the system. Elena Rossi will verify 24 reports before Friday, while the system must keep every URL such as https://example.org/report. The outcome should show whether a small change can enhance quality without altering names or numbers.

A secure system should help each customer understand the process. The team can select a distinct approach when the first test reveals a challenge; however, it must not change the quoted instruction “keep the original meaning”. Marcus Lee expects a clear outcome after 18 evaluations and will publish the information on https://example.com/research.","The engineering group will build a secure content system and test three separate strategies. A straightforward baseline may be rapid, while a intricate approach could keep more information. Oliver Grant will evaluate 42 outputs, and the team will not change the specification at https://engineering.example.com/spec.

The editor wants to employ a precise procedure to refine a long passage without changing its meaning. A rapid process can help, but it must keep the names Ada Lovelace and Charles Babbage, the year 1843, and https://history.example.org. The final finding should show a large quality improvement.

The research team will begin with a straightforward procedure and employ precise information to test the system. Elena Rossi will inspect 24 reports before Friday, while the system must keep every URL such as https://example.org/report. The finding should show whether a small change can refine quality without altering names or numbers.

A secure system should help each person understand the process. The team can pick a separate approach when the first test reveals a difficulty; however, it must not change the quoted instruction “keep the original meaning”. Marcus Lee expects a clear outcome after 18 evaluations and will publish the details on https://example.com/research.",1.0,,,,
en-007+en-008+en-001+en-002,en,unigram,bira,intermediate,"The engineering group will build a secure passage system and test three distinct strategies. A straightforward baseline may be rapid, while a difficult approach could keep more information. Oliver Grant will evaluate 42 outputs, and the team will not change the specification at https://engineering.example.com/spec.

The editor wants to utilize a precise technique to enhance a long passage without changing its meaning. A rapid process can help, but it must keep the names Ada Lovelace and Charles Babbage, the year 1843, and https://history.example.org. The final outcome should show a large quality improvement.

The research team will begin with a straightforward technique and utilize precise information to test the system. Elena Rossi will verify 24 reports before Friday, while the system must keep every URL such as https://example.org/report. The outcome should show whether a small change can enhance quality without altering names or numbers.

A secure system should help each customer understand the process. The team can select a distinct approach when the first test reveals a challenge; however, it must not change the quoted instruction “keep the original meaning”. Marcus Lee expects a clear outcome after 18 evaluations and will publish the information on https://example.com/research.","The engineering group will build a secure passage system and test three separate strategies. A straightforward baseline may be rapid, while a intricate approach could keep more details. Oliver Grant will evaluate 42 outputs, and the team will not change the specification at https://engineering.example.com/spec.

The editor wants to employ a precise procedure to refine a long passage without changing its meaning. A rapid process can help, but it must keep the names Ada Lovelace and Charles Babbage, the year 1843, and https://history.example.org. The final finding should show a large quality improvement.

The research team will begin with a straightforward procedure and employ precise information to test the system. Elena Rossi will inspect 24 reports before Friday, while the system must keep every URL such as https://example.org/report. The finding should show whether a small change can refine quality without altering names or numbers.

A secure system should help each person understand the process. The team can pick a separate approach when the first test reveals a difficulty; however, it must not change the quoted instruction “keep the original meaning”. Marcus Lee expects a clear finding after 18 evaluations and will publish the information on https://example.com/research.",1.0,,,,
en-007+en-008+en-001+en-002,en,unigram,bira_position_aware,intermediate,"The engineering group will build a secure passage system and test three distinct strategies. A straightforward baseline may be rapid, while a difficult approach could keep more information. Oliver Grant will evaluate 42 outputs, and the team will not change the specification at https://engineering.example.com/spec.

The editor wants to utilize a precise technique to enhance a long passage without changing its meaning. A rapid process can help, but it must keep the names Ada Lovelace and Charles Babbage, the year 1843, and https://history.example.org. The final outcome should show a large quality improvement.

The research team will begin with a straightforward technique and utilize precise information to test the system. Elena Rossi will verify 24 reports before Friday, while the system must keep every URL such as https://example.org/report. The outcome should show whether a small change can enhance quality without altering names or numbers.

A secure system should help each customer understand the process. The team can select a distinct approach when the first test reveals a challenge; however, it must not change the quoted instruction “keep the original meaning”. Marcus Lee expects a clear outcome after 18 evaluations and will publish the information on https://example.com/research.","The engineering group will build a secure content system and test three separate strategies. A direct baseline may be fast, while a intricate approach could keep more information. Oliver Grant will evaluate 42 outputs, and the team will not change the specification at https://engineering.example.com/spec.

The editor wants to employ a precise technique to refine a long passage without changing its meaning. A rapid process can help, but it must keep the names Ada Lovelace and Charles Babbage, the year 1843, and https://history.example.org. The final finding should show a large quality improvement.

The research team will begin with a straightforward technique and employ precise information to test the system. Elena Rossi will inspect 24 reports before Friday, while the system must keep every URL such as https://example.org/report. The finding should show whether a small change can refine quality without altering names or numbers.

A secure system should help each person understand the process. The team can select a separate approach when the first test reveals a difficulty; however, it must not change the quoted instruction “keep the original meaning”. Marcus Lee expects a clear finding after 18 evaluations and will publish the details on https://example.com/research.",1.0,,,,
en-007+en-008+en-001+en-002,en,synthid_tournament,simple_paraphrase,conservative,"The engineering group will build a secure text service and test three different strategies. A simple baseline may be rapid, while a complex approach could preserve more data. Oliver Grant will evaluate 42 outputs, and the team will not change the specification at https://engineering.example.com/spec.

The editor wants to utilize a accurate technique to improve a long passage without changing its meaning. A rapid operation can help, but it must preserve the names Ada Lovelace and Charles Babbage, the year 1843, and https://history.example.org. The final outcome should show a substantial quality improvement.

The research team will begin with a simple method and utilize precise data to test the service. Elena Rossi will verify 24 reports before Friday, while the service must keep every URL such as https://example.org/report. The result should indicate whether a minor change can enhance quality without altering names or numbers.

A secure service should help each user understand the operation. The team can choose a distinct approach when the first test reveals a problem; however, it must not change the quoted instruction “keep the original meaning”. Marcus Lee expects a plain result after 18 evaluations and will publish the information on https://example.com/research.","The engineering group will build a secure text service and test three different strategies. A simple baseline may be fast, while a complex approach could retain more data. Oliver Grant will evaluate 42 outputs, and the team will not change the specification at https://engineering.example.com/spec.

The editor wants to utilize a correct technique to improve a long passage without changing its meaning. A rapid operation can help, but it must retain the names Ada Lovelace and Charles Babbage, the year 1843, and https://history.example.org. The final outcome should show a considerable quality improvement.

The research team will begin with a simple method and utilize precise data to test the service. Elena Rossi will verify 24 reports before Friday, while the service must keep every URL such as https://example.org/report. The result should demonstrate whether a minor change can enhance quality without altering names or numbers.

A secure service should help each user understand the operation. The team can choose a distinct approach when the first test reveals a problem; however, it must not change the quoted instruction “keep the original meaning”. Marcus Lee expects a definite result after 18 evaluations and will publish the information on https://example.com/research.",1.0,,,,
en-007+en-008+en-001+en-002,en,synthid_tournament,sira,intermediate,"The engineering group will build a secure text service and test three different strategies. A simple baseline may be rapid, while a complex approach could preserve more data. Oliver Grant will evaluate 42 outputs, and the team will not change the specification at https://engineering.example.com/spec.

The editor wants to utilize a accurate technique to improve a long passage without changing its meaning. A rapid operation can help, but it must preserve the names Ada Lovelace and Charles Babbage, the year 1843, and https://history.example.org. The final outcome should show a substantial quality improvement.

The research team will begin with a simple method and utilize precise data to test the service. Elena Rossi will verify 24 reports before Friday, while the service must keep every URL such as https://example.org/report. The result should indicate whether a minor change can enhance quality without altering names or numbers.

A secure service should help each user understand the operation. The team can choose a distinct approach when the first test reveals a problem; however, it must not change the quoted instruction “keep the original meaning”. Marcus Lee expects a plain result after 18 evaluations and will publish the information on https://example.com/research.","The engineering group will build a secure text service and test three different strategies. A simple baseline may be fast, while a complex approach could preserve more data. Oliver Grant will evaluate 42 outputs, and the team will not change the specification at https://engineering.example.com/spec.

The editor wants to employ a accurate procedure to improve a long passage without changing its meaning. A rapid workflow can help, but it must preserve the names Ada Lovelace and Charles Babbage, the year 1843, and https://history.example.org. The final finding should show a considerable quality improvement.

The research team will begin with a simple method and employ correct data to test the service. Elena Rossi will inspect 24 reports before Friday, while the service must keep every URL such as https://example.org/report. The result should demonstrate whether a limited change can refine quality without altering names or numbers.

A secure platform should help each user understand the workflow. The team can choose a separate approach when the first test reveals a problem; however, it must not change the quoted instruction “keep the original meaning”. Marcus Lee expects a definite result after 18 evaluations and will publish the details on https://example.com/research.",1.0,,,,
en-007+en-008+en-001+en-002,en,synthid_tournament,bira,conservative,"The engineering group will build a secure text service and test three different strategies. A simple baseline may be rapid, while a complex approach could preserve more data. Oliver Grant will evaluate 42 outputs, and the team will not change the specification at https://engineering.example.com/spec.

The editor wants to utilize a accurate technique to improve a long passage without changing its meaning. A rapid operation can help, but it must preserve the names Ada Lovelace and Charles Babbage, the year 1843, and https://history.example.org. The final outcome should show a substantial quality improvement.

The research team will begin with a simple method and utilize precise data to test the service. Elena Rossi will verify 24 reports before Friday, while the service must keep every URL such as https://example.org/report. The result should indicate whether a minor change can enhance quality without altering names or numbers.

A secure service should help each user understand the operation. The team can choose a distinct approach when the first test reveals a problem; however, it must not change the quoted instruction “keep the original meaning”. Marcus Lee expects a plain result after 18 evaluations and will publish the information on https://example.com/research.","The engineering group will build a secure text service and test three different strategies. A simple baseline may be rapid, while a complex approach could preserve more data. Oliver Grant will evaluate 42 outputs, and the team will not change the specification at https://engineering.example.com/spec.

The editor wants to employ a accurate technique to improve a long passage without changing its meaning. A rapid workflow can help, but it must preserve the names Ada Lovelace and Charles Babbage, the year 1843, and https://history.example.org. The final outcome should show a substantial quality improvement.

The research team will begin with a simple method and employ precise data to test the service. Elena Rossi will verify 24 reports before Friday, while the service must keep every URL such as https://example.org/report. The result should indicate whether a limited change can enhance quality without altering names or numbers.

A secure service should help each user understand the workflow. The team can choose a separate approach when the first test reveals a problem; however, it must not change the quoted instruction “keep the original meaning”. Marcus Lee expects a definite result after 18 evaluations and will publish the information on https://example.com/research.",1.0,,,,
en-007+en-008+en-001+en-002,en,synthid_tournament,bira_position_aware,intermediate,"The engineering group will build a secure text service and test three different strategies. A simple baseline may be rapid, while a complex approach could preserve more data. Oliver Grant will evaluate 42 outputs, and the team will not change the specification at https://engineering.example.com/spec.

The editor wants to utilize a accurate technique to improve a long passage without changing its meaning. A rapid operation can help, but it must preserve the names Ada Lovelace and Charles Babbage, the year 1843, and https://history.example.org. The final outcome should show a substantial quality improvement.

The research team will begin with a simple method and utilize precise data to test the service. Elena Rossi will verify 24 reports before Friday, while the service must keep every URL such as https://example.org/report. The result should indicate whether a minor change can enhance quality without altering names or numbers.

A secure service should help each user understand the operation. The team can choose a distinct approach when the first test reveals a problem; however, it must not change the quoted instruction “keep the original meaning”. Marcus Lee expects a plain result after 18 evaluations and will publish the information on https://example.com/research.","The engineering group will produce a secure text service and test three different strategies. A simple baseline may be fast, while a complex approach could preserve more data. Oliver Grant will evaluate 42 outputs, and the team will not change the specification at https://engineering.example.com/spec.

The editor wants to employ a accurate technique to improve a long passage without changing its meaning. A rapid workflow can help, but it must retain the names Ada Lovelace and Charles Babbage, the year 1843, and https://history.example.org. The final finding should show a considerable quality improvement.

The research team will begin with a simple method and employ precise data to test the platform. Elena Rossi will inspect 24 reports before Friday, while the platform must keep every URL such as https://example.org/report. The result should indicate whether a limited change can enhance quality without altering names or numbers.

A secure platform should help each user understand the workflow. The team can choose a separate approach when the first test reveals a problem; however, it must not change the quoted instruction “keep the original meaning”. Marcus Lee expects a definite result after 18 evaluations and will publish the details on https://example.com/research.",1.0,,,,
en-008+en-001+en-002+en-003,en,kgw,simple_paraphrase,aggressive,"The editor wants to use a accurate technique to improve a long text without changing its meaning. A quick process can help, but it must preserve the names Ada Lovelace and Charles Babbage, the year 1843, and https://history.example.org. The final outcome should show a large quality improvement.

The research team will start with a straightforward method and utilize accurate data to test the service. Elena Rossi will check 24 reports before Friday, while the service must preserve every URL such as https://example.org/report. The outcome should show whether a minor change can improve quality without altering names or numbers.

A safe service should help each user understand the operation. The team can select a distinct approach when the first test reveals a challenge; however, it must not change the quoted instruction “keep the original meaning”. Marcus Lee expects a clear outcome after 18 evaluations and will publish the information on https://example.com/research.

The hospital plans to build a quick check service for clinical text. Dr. Maya Chen will check 37 records, but the service must never modify patient identifiers, medicine quantities, or the address https://health.example.net. This important constraint may reduce flexibility; therefore, the final technique must remain precise and secure.","The editor wants to employ a correct technique to refine a long content without changing its meaning. A fast workflow can help, but it must retain the names Ada Lovelace and Charles Babbage, the year 1843, and https://history.example.org. The final outcome should demonstrate a considerable quality improvement.

The research team will commence with a straightforward procedure and employ correct details to test the service. Elena Rossi will check 24 reports before Friday, while the service must preserve every URL such as https://example.org/report. The finding should show whether a limited change can refine quality without altering names or numbers.

A protected platform should help each person understand the workflow. The team can select a separate approach when the first test reveals a difficulty; yet, it must not change the quoted instruction “keep the original meaning”. Marcus Lee expects a definite outcome after 18 evaluations and will publish the details on https://example.com/research.

The hospital plans to produce a quick check platform for clinical content. Dr. Maya Chen will inspect 37 records, but the service must never modify patient identifiers, medicine quantities, or the address https://health.example.net. This important constraint may lower flexibility; thus, the final technique must remain precise and secure.",1.0,,,,
en-008+en-001+en-002+en-003,en,kgw,sira,aggressive,"The editor wants to use a accurate technique to improve a long text without changing its meaning. A quick process can help, but it must preserve the names Ada Lovelace and Charles Babbage, the year 1843, and https://history.example.org. The final outcome should show a large quality improvement.

The research team will start with a straightforward method and utilize accurate data to test the service. Elena Rossi will check 24 reports before Friday, while the service must preserve every URL such as https://example.org/report. The outcome should show whether a minor change can improve quality without altering names or numbers.

A safe service should help each user understand the operation. The team can select a distinct approach when the first test reveals a challenge; however, it must not change the quoted instruction “keep the original meaning”. Marcus Lee expects a clear outcome after 18 evaluations and will publish the information on https://example.com/research.

The hospital plans to build a quick check service for clinical text. Dr. Maya Chen will check 37 records, but the service must never modify patient identifiers, medicine quantities, or the address https://health.example.net. This important constraint may reduce flexibility; therefore, the final technique must remain precise and secure.","The editor wants to use a correct procedure to improve a long content without changing its meaning. A fast workflow can help, but it must retain the names Ada Lovelace and Charles Babbage, the year 1843, and https://history.example.org. The final finding should show a considerable quality improvement.

The research team will commence with a direct method and employ correct data to test the platform. Elena Rossi will check 24 reports before Friday, while the platform must retain every URL such as https://example.org/report. The finding should show whether a limited change can improve quality without altering names or numbers.

A protected platform should help each user understand the workflow. The team can pick a separate approach when the first test reveals a difficulty; yet, it must not change the quoted instruction “keep the original meaning”. Marcus Lee expects a clear finding after 18 evaluations and will publish the details on https://example.com/research.

The hospital plans to produce a quick check platform for clinical text. Dr. Maya Chen will check 37 records, but the platform must never modify patient identifiers, medicine quantities, or the address https://health.example.net. This important constraint may reduce flexibility; therefore, the final procedure must remain correct and protected.",1.0,,,,
en-008+en-001+en-002+en-003,en,kgw,bira,aggressive,"The editor wants to use a accurate technique to improve a long text without changing its meaning. A quick process can help, but it must preserve the names Ada Lovelace and Charles Babbage, the year 1843, and https://history.example.org. The final outcome should show a large quality improvement.

The research team will start with a straightforward method and utilize accurate data to test the service. Elena Rossi will check 24 reports before Friday, while the service must preserve every URL such as https://example.org/report. The outcome should show whether a minor change can improve quality without altering names or numbers.

A safe service should help each user understand the operation. The team can select a distinct approach when the first test reveals a challenge; however, it must not change the quoted instruction “keep the original meaning”. Marcus Lee expects a clear outcome after 18 evaluations and will publish the information on https://example.com/research.

The hospital plans to build a quick check service for clinical text. Dr. Maya Chen will check 37 records, but the service must never modify patient identifiers, medicine quantities, or the address https://health.example.net. This important constraint may reduce flexibility; therefore, the final technique must remain precise and secure.","The editor wants to use a correct procedure to improve a long content without changing its meaning. A quick workflow can help, but it must retain the names Ada Lovelace and Charles Babbage, the year 1843, and https://history.example.org. The final finding should show a considerable quality improvement.

The research team will commence with a direct method and employ correct data to test the platform. Elena Rossi will check 24 reports before Friday, while the platform must retain every URL such as https://example.org/report. The finding should show whether a limited change can improve quality without altering names or numbers.

A protected platform should help each user understand the workflow. The team can pick a separate approach when the first test reveals a difficulty; yet, it must not change the quoted instruction “keep the original meaning”. Marcus Lee expects a clear finding after 18 evaluations and will publish the details on https://example.com/research.

The hospital plans to produce a quick check platform for clinical content. Dr. Maya Chen will check 37 records, but the platform must never modify patient identifiers, medicine quantities, or the address https://health.example.net. This important constraint may reduce flexibility; therefore, the final procedure must remain correct and protected.",1.0,,,,
en-008+en-001+en-002+en-003,en,kgw,bira_position_aware,aggressive,"The editor wants to use a accurate technique to improve a long text without changing its meaning. A quick process can help, but it must preserve the names Ada Lovelace and Charles Babbage, the year 1843, and https://history.example.org. The final outcome should show a large quality improvement.

The research team will start with a straightforward method and utilize accurate data to test the service. Elena Rossi will check 24 reports before Friday, while the service must preserve every URL such as https://example.org/report. The outcome should show whether a minor change can improve quality without altering names or numbers.

A safe service should help each user understand the operation. The team can select a distinct approach when the first test reveals a challenge; however, it must not change the quoted instruction “keep the original meaning”. Marcus Lee expects a clear outcome after 18 evaluations and will publish the information on https://example.com/research.

The hospital plans to build a quick check service for clinical text. Dr. Maya Chen will check 37 records, but the service must never modify patient identifiers, medicine quantities, or the address https://health.example.net. This important constraint may reduce flexibility; therefore, the final technique must remain precise and secure.","The editor wants to use a accurate procedure to improve a long content without changing its meaning. A quick workflow can help, but it must retain the names Ada Lovelace and Charles Babbage, the year 1843, and https://history.example.org. The final finding should show a considerable quality improvement.

The research team will commence with a direct method and employ accurate data to test the platform. Elena Rossi will inspect 24 reports before Friday, while the platform must retain every URL such as https://example.org/report. The finding should show whether a limited change can improve quality without altering names or numbers.

A protected platform should help each user understand the workflow. The team can pick a separate approach when the first test reveals a difficulty; however, it must not change the quoted instruction “keep the original meaning”. Marcus Lee expects a clear finding after 18 evaluations and will publish the details on https://example.com/research.

The hospital plans to produce a quick check platform for clinical text. Dr. Maya Chen will inspect 37 records, but the platform must never modify patient identifiers, medicine quantities, or the address https://health.example.net. This significant constraint may reduce flexibility; thus, the final procedure must remain correct and protected.",1.0,,,,
en-008+en-001+en-002+en-003,en,unigram,simple_paraphrase,aggressive,"The editor wants to utilize a precise technique to enhance a long passage without changing its meaning. A rapid process can help, but it must keep the names Ada Lovelace and Charles Babbage, the year 1843, and https://history.example.org. The final outcome should show a large quality improvement.

The research team will begin with a straightforward technique and utilize precise information to test the system. Elena Rossi will verify 24 reports before Friday, while the system must keep every URL such as https://example.org/report. The outcome should show whether a small change can enhance quality without altering names or numbers.

A secure system should help each customer understand the process. The team can select a distinct approach when the first test reveals a challenge; however, it must not change the quoted instruction “keep the original meaning”. Marcus Lee expects a clear outcome after 18 evaluations and will publish the information on https://example.com/research.

The hospital plans to build a rapid verify system for clinical passage. Dr. Maya Chen will verify 37 records, but the system must never modify patient identifiers, medicine quantities, or the address https://health.example.net. This relevant constraint may reduce flexibility; consequently, the final technique must remain precise and secure.","The editor wants to utilize a correct technique to enhance a long content without changing its meaning. A rapid workflow can help, but it must retain the names Ada Lovelace and Charles Babbage, the year 1843, and https://history.example.org. The final outcome should demonstrate a considerable quality improvement.

The research team will begin with a straightforward procedure and employ correct details to test the platform. Elena Rossi will inspect 24 reports before Friday, while the platform must retain every URL such as https://example.org/report. The finding should show whether a limited change can refine quality without altering names or numbers.

A secure platform should help each person understand the process. The team can select a separate approach when the first test reveals a difficulty; yet, it must not change the quoted instruction “keep the original meaning”. Marcus Lee expects a definite outcome after 18 evaluations and will publish the details on https://example.com/research.

The hospital plans to produce a rapid inspect platform for clinical content. Dr. Maya Chen will inspect 37 records, but the platform must never modify patient identifiers, medicine quantities, or the address https://health.example.net. This significant constraint may lower flexibility; consequently, the final technique must remain precise and secure.",1.0,,,,
en-008+en-001+en-002+en-003,en,unigram,sira,intermediate,"The editor wants to utilize a precise technique to enhance a long passage without changing its meaning. A rapid process can help, but it must keep the names Ada Lovelace and Charles Babbage, the year 1843, and https://history.example.org. The final outcome should show a large quality improvement.

The research team will begin with a straightforward technique and utilize precise information to test the system. Elena Rossi will verify 24 reports before Friday, while the system must keep every URL such as https://example.org/report. The outcome should show whether a small change can enhance quality without altering names or numbers.

A secure system should help each customer understand the process. The team can select a distinct approach when the first test reveals a challenge; however, it must not change the quoted instruction “keep the original meaning”. Marcus Lee expects a clear outcome after 18 evaluations and will publish the information on https://example.com/research.

The hospital plans to build a rapid verify system for clinical passage. Dr. Maya Chen will verify 37 records, but the system must never modify patient identifiers, medicine quantities, or the address https://health.example.net. This relevant constraint may reduce flexibility; consequently, the final technique must remain precise and secure.","The editor wants to employ a precise procedure to refine a long passage without changing its meaning. A rapid process can help, but it must keep the names Ada Lovelace and Charles Babbage, the year 1843, and https://history.example.org. The final finding should show a large quality improvement.

The research team will begin with a straightforward procedure and employ precise information to test the system. Elena Rossi will inspect 24 reports before Friday, while the system must keep every URL such as https://example.org/report. The finding should show whether a small change can refine quality without altering names or numbers.

A secure system should help each person understand the process. The team can pick a separate approach when the first test reveals a difficulty; however, it must not change the quoted instruction “keep the original meaning”. Marcus Lee expects a clear outcome after 18 evaluations and will publish the information on https://example.com/research.

The hospital plans to produce a rapid inspect system for clinical passage. Dr. Maya Chen will inspect 37 records, but the system must never modify patient identifiers, medicine quantities, or the address https://health.example.net. This relevant constraint may reduce flexibility; thus, the final procedure must remain precise and secure.",1.0,,,,
en-008+en-001+en-002+en-003,en,unigram,bira,intermediate,"The editor wants to utilize a precise technique to enhance a long passage without changing its meaning. A rapid process can help, but it must keep the names Ada Lovelace and Charles Babbage, the year 1843, and https://history.example.org. The final outcome should show a large quality improvement.

The research team will begin with a straightforward technique and utilize precise information to test the system. Elena Rossi will verify 24 reports before Friday, while the system must keep every URL such as https://example.org/report. The outcome should show whether a small change can enhance quality without altering names or numbers.

A secure system should help each customer understand the process. The team can select a distinct approach when the first test reveals a challenge; however, it must not change the quoted instruction “keep the original meaning”. Marcus Lee expects a clear outcome after 18 evaluations and will publish the information on https://example.com/research.

The hospital plans to build a rapid verify system for clinical passage. Dr. Maya Chen will verify 37 records, but the system must never modify patient identifiers, medicine quantities, or the address https://health.example.net. This relevant constraint may reduce flexibility; consequently, the final technique must remain precise and secure.","The editor wants to employ a precise procedure to refine a long passage without changing its meaning. A rapid process can help, but it must keep the names Ada Lovelace and Charles Babbage, the year 1843, and https://history.example.org. The final outcome should show a large quality improvement.

The research team will begin with a straightforward procedure and employ precise information to test the system. Elena Rossi will inspect 24 reports before Friday, while the system must keep every URL such as https://example.org/report. The outcome should show whether a small change can refine quality without altering names or numbers.

A secure system should help each person understand the process. The team can pick a separate approach when the first test reveals a difficulty; however, it must not change the quoted instruction “keep the original meaning”. Marcus Lee expects a clear outcome after 18 evaluations and will publish the details on https://example.com/research.

The hospital plans to produce a rapid inspect system for clinical passage. Dr. Maya Chen will inspect 37 records, but the system must never modify patient identifiers, medicine quantities, or the address https://health.example.net. This significant constraint may reduce flexibility; thus, the final procedure must remain precise and secure.",1.0,,,,
en-008+en-001+en-002+en-003,en,unigram,bira_position_aware,intermediate,"The editor wants to utilize a precise technique to enhance a long passage without changing its meaning. A rapid process can help, but it must keep the names Ada Lovelace and Charles Babbage, the year 1843, and https://history.example.org. The final outcome should show a large quality improvement.

The research team will begin with a straightforward technique and utilize precise information to test the system. Elena Rossi will verify 24 reports before Friday, while the system must keep every URL such as https://example.org/report. The outcome should show whether a small change can enhance quality without altering names or numbers.

A secure system should help each customer understand the process. The team can select a distinct approach when the first test reveals a challenge; however, it must not change the quoted instruction “keep the original meaning”. Marcus Lee expects a clear outcome after 18 evaluations and will publish the information on https://example.com/research.

The hospital plans to build a rapid verify system for clinical passage. Dr. Maya Chen will verify 37 records, but the system must never modify patient identifiers, medicine quantities, or the address https://health.example.net. This relevant constraint may reduce flexibility; consequently, the final technique must remain precise and secure.","The editor wants to employ a precise technique to refine a long passage without changing its meaning. A rapid process can help, but it must keep the names Ada Lovelace and Charles Babbage, the year 1843, and https://history.example.org. The final finding should show a large quality improvement.

The research team will begin with a straightforward technique and employ precise information to test the system. Elena Rossi will inspect 24 reports before Friday, while the system must keep every URL such as https://example.org/report. The finding should show whether a small change can refine quality without altering names or numbers.

A secure system should help each person understand the process. The team can select a separate approach when the first test reveals a difficulty; however, it must not change the quoted instruction “keep the original meaning”. Marcus Lee expects a clear outcome after 18 evaluations and will publish the details on https://example.com/research.

The hospital plans to build a rapid inspect system for clinical content. Dr. Maya Chen will inspect 37 records, but the system must never modify patient identifiers, medicine quantities, or the address https://health.example.net. This significant constraint may reduce flexibility; thus, the final procedure must remain precise and protected.",1.0,,,,
en-008+en-001+en-002+en-003,en,synthid_tournament,simple_paraphrase,conservative,"The editor wants to utilize a accurate technique to improve a long passage without changing its meaning. A rapid operation can help, but it must preserve the names Ada Lovelace and Charles Babbage, the year 1843, and https://history.example.org. The final outcome should show a substantial quality improvement.

The research team will begin with a simple method and utilize precise data to test the service. Elena Rossi will verify 24 reports before Friday, while the service must keep every URL such as https://example.org/report. The result should indicate whether a minor change can enhance quality without altering names or numbers.

A secure service should help each user understand the operation. The team can choose a distinct approach when the first test reveals a problem; however, it must not change the quoted instruction “keep the original meaning”. Marcus Lee expects a plain result after 18 evaluations and will publish the information on https://example.com/research.

The hospital plans to create a quick verify service for clinical text. Dr. Maya Chen will check 37 records, but the system must never modify patient identifiers, medicine quantities, or the address https://health.example.net. This important constraint may reduce flexibility; consequently, the final technique must remain accurate and safe.","The editor wants to utilize a accurate technique to improve a long passage without changing its meaning. A rapid workflow can help, but it must preserve the names Ada Lovelace and Charles Babbage, the year 1843, and https://history.example.org. The final outcome should show a considerable quality improvement.

The research team will begin with a simple method and utilize precise data to test the service. Elena Rossi will inspect 24 reports before Friday, while the service must retain every URL such as https://example.org/report. The result should indicate whether a limited change can enhance quality without altering names or numbers.

A secure service should help each person understand the operation. The team can choose a distinct approach when the first test reveals a problem; however, it must not change the quoted instruction “keep the original meaning”. Marcus Lee expects a plain result after 18 evaluations and will publish the information on https://example.com/research.

The hospital plans to create a quick verify service for clinical text. Dr. Maya Chen will inspect 37 records, but the system must never modify patient identifiers, medicine quantities, or the address https://health.example.net. This important constraint may lower flexibility; consequently, the final technique must remain accurate and safe.",1.0,,,,
en-008+en-001+en-002+en-003,en,synthid_tournament,sira,conservative,"The editor wants to utilize a accurate technique to improve a long passage without changing its meaning. A rapid operation can help, but it must preserve the names Ada Lovelace and Charles Babbage, the year 1843, and https://history.example.org. The final outcome should show a substantial quality improvement.

The research team will begin with a simple method and utilize precise data to test the service. Elena Rossi will verify 24 reports before Friday, while the service must keep every URL such as https://example.org/report. The result should indicate whether a minor change can enhance quality without altering names or numbers.

A secure service should help each user understand the operation. The team can choose a distinct approach when the first test reveals a problem; however, it must not change the quoted instruction “keep the original meaning”. Marcus Lee expects a plain result after 18 evaluations and will publish the information on https://example.com/research.

The hospital plans to create a quick verify service for clinical text. Dr. Maya Chen will check 37 records, but the system must never modify patient identifiers, medicine quantities, or the address https://health.example.net. This important constraint may reduce flexibility; consequently, the final technique must remain accurate and safe.","The editor wants to employ a accurate technique to improve a long passage without changing its meaning. A rapid operation can help, but it must preserve the names Ada Lovelace and Charles Babbage, the year 1843, and https://history.example.org. The final outcome should show a substantial quality improvement.

The research team will begin with a simple method and employ precise data to test the service. Elena Rossi will inspect 24 reports before Friday, while the service must keep every URL such as https://example.org/report. The result should indicate whether a limited change can refine quality without altering names or numbers.

A secure service should help each user understand the workflow. The team can choose a separate approach when the first test reveals a problem; however, it must not change the quoted instruction “keep the original meaning”. Marcus Lee expects a definite result after 18 evaluations and will publish the information on https://example.com/research.

The hospital plans to create a quick verify service for clinical text. Dr. Maya Chen will check 37 records, but the system must never modify patient identifiers, medicine quantities, or the address https://health.example.net. This important constraint may reduce flexibility; consequently, the final technique must remain accurate and safe.",1.0,,,,
en-008+en-001+en-002+en-003,en,synthid_tournament,bira,conservative,"The editor wants to utilize a accurate technique to improve a long passage without changing its meaning. A rapid operation can help, but it must preserve the names Ada Lovelace and Charles Babbage, the year 1843, and https://history.example.org. The final outcome should show a substantial quality improvement.

The research team will begin with a simple method and utilize precise data to test the service. Elena Rossi will verify 24 reports before Friday, while the service must keep every URL such as https://example.org/report. The result should indicate whether a minor change can enhance quality without altering names or numbers.

A secure service should help each user understand the operation. The team can choose a distinct approach when the first test reveals a problem; however, it must not change the quoted instruction “keep the original meaning”. Marcus Lee expects a plain result after 18 evaluations and will publish the information on https://example.com/research.

The hospital plans to create a quick verify service for clinical text. Dr. Maya Chen will check 37 records, but the system must never modify patient identifiers, medicine quantities, or the address https://health.example.net. This important constraint may reduce flexibility; consequently, the final technique must remain accurate and safe.","The editor wants to employ a accurate technique to improve a long passage without changing its meaning. A rapid workflow can help, but it must preserve the names Ada Lovelace and Charles Babbage, the year 1843, and https://history.example.org. The final outcome should show a substantial quality improvement.

The research team will begin with a simple method and employ precise data to test the service. Elena Rossi will verify 24 reports before Friday, while the service must keep every URL such as https://example.org/report. The result should indicate whether a limited change can refine quality without altering names or numbers.

A secure service should help each user understand the workflow. The team can choose a separate approach when the first test reveals a problem; however, it must not change the quoted instruction “keep the original meaning”. Marcus Lee expects a definite result after 18 evaluations and will publish the information on https://example.com/research.

The hospital plans to create a quick verify service for clinical text. Dr. Maya Chen will check 37 records, but the system must never modify patient identifiers, medicine quantities, or the address https://health.example.net. This important constraint may reduce flexibility; consequently, the final technique must remain accurate and safe.",1.0,,,,
en-008+en-001+en-002+en-003,en,synthid_tournament,bira_position_aware,conservative,"The editor wants to utilize a accurate technique to improve a long passage without changing its meaning. A rapid operation can help, but it must preserve the names Ada Lovelace and Charles Babbage, the year 1843, and https://history.example.org. The final outcome should show a substantial quality improvement.

The research team will begin with a simple method and utilize precise data to test the service. Elena Rossi will verify 24 reports before Friday, while the service must keep every URL such as https://example.org/report. The result should indicate whether a minor change can enhance quality without altering names or numbers.

A secure service should help each user understand the operation. The team can choose a distinct approach when the first test reveals a problem; however, it must not change the quoted instruction “keep the original meaning”. Marcus Lee expects a plain result after 18 evaluations and will publish the information on https://example.com/research.

The hospital plans to create a quick verify service for clinical text. Dr. Maya Chen will check 37 records, but the system must never modify patient identifiers, medicine quantities, or the address https://health.example.net. This important constraint may reduce flexibility; consequently, the final technique must remain accurate and safe.","The editor wants to employ a accurate technique to improve a long passage without changing its meaning. A rapid workflow can help, but it must preserve the names Ada Lovelace and Charles Babbage, the year 1843, and https://history.example.org. The final outcome should show a substantial quality improvement.

The research team will begin with a simple method and employ precise data to test the service. Elena Rossi will inspect 24 reports before Friday, while the service must keep every URL such as https://example.org/report. The result should indicate whether a limited change can enhance quality without altering names or numbers.

A secure service should help each user understand the workflow. The team can choose a separate approach when the first test reveals a problem; however, it must not change the quoted instruction “keep the original meaning”. Marcus Lee expects a definite result after 18 evaluations and will publish the information on https://example.com/research.

The hospital plans to create a quick verify service for clinical text. Dr. Maya Chen will check 37 records, but the system must never modify patient identifiers, medicine quantities, or the address https://health.example.net. This important constraint may reduce flexibility; consequently, the final technique must remain accurate and safe.",1.0,,,,
it-001+it-002+it-003+it-004,it,kgw,simple_paraphrase,conservative,"Il gruppo di ricerca vuole iniziare con un metodo lineare e utilizzare elementi accurati per valutare il servizio. Elena Rossi controllerà 24 rapporti entro venerdì, mentre il servizio deve preservare ogni URL come https://example.org/rapporto. Il risultato dovrebbe mostrare se un piccolo cambiamento può migliorare la qualità senza alterare nomi o numeri.

Una sistema sicura dovrebbe aiutare ogni cliente a comprendere il processo. Il team può selezionare un metodo diverso quando il primo test mostra un problema; comunque, non deve cambiare l’istruzione citata “mantenere il significato originale”. Marco Bianchi attende un risultato evidente dopo 18 valutazioni e pubblicherà i dettagli su https://example.com/ricerca.

L’ospedale intende costruire un servizio veloce per valutare testi clinici. La dottoressa Maya Chen controllerà 37 cartelle, ma il servizio non deve mai modificare gli identificativi dei pazienti, le quantità dei farmaci o l’indirizzo https://salute.example.net. Questo vincolo rilevante può diminuire la flessibilità; pertanto, il approccio finale deve restare preciso e sicuro.

Una piccola azienda può usare una tecnica alternativa per perfezionare il supporto ai clienti. Il processo dovrebbe iniziare con un controllo rapido, scegliere soltanto i brani rilevanti e finire con un rapporto preciso. Daniela Orsi ha chiesto di non alterare 12 dati contrattuali o il riferimento https://contratti.example.io/v2.","Il gruppo di ricerca vuole iniziare con un metodo lineare e utilizzare elementi accurati per valutare il servizio. Elena Rossi controllerà 24 rapporti entro venerdì, mentre il servizio deve preservare ogni URL come https://example.org/rapporto. Il risultato dovrebbe mostrare se un limitato cambiamento può migliorare la qualità senza alterare nomi o numeri.

Una sistema sicura dovrebbe aiutare ogni cliente a comprendere il processo. Il team può selezionare un metodo diverso quando il primo test mostra un problema; comunque, non deve cambiare l’istruzione citata “mantenere il significato originale”. Marco Bianchi attende un risultato evidente dopo 18 valutazioni e pubblicherà i dettagli su https://example.com/ricerca.

L’ospedale intende costruire un servizio veloce per valutare testi clinici. La dottoressa Maya Chen controllerà 37 cartelle, ma il servizio non deve mai modificare gli identificativi dei pazienti, le quantità dei farmaci o l’indirizzo https://salute.example.net. Questo vincolo rilevante può diminuire la flessibilità; pertanto, il approccio finale deve restare corretto e sicuro.

Una piccola azienda può usare una tecnica alternativa per perfezionare il supporto ai clienti. Il percorso dovrebbe partire con un controllo celere, scegliere soltanto i brani rilevanti e concludere con un rapporto preciso. Daniela Orsi ha chiesto di non alterare 12 valori contrattuali o il riferimento https://contratti.example.io/v2.",1.0,,,,
it-001+it-002+it-003+it-004,it,kgw,sira,conservative,"Il gruppo di ricerca vuole iniziare con un metodo lineare e utilizzare elementi accurati per valutare il servizio. Elena Rossi controllerà 24 rapporti entro venerdì, mentre il servizio deve preservare ogni URL come https://example.org/rapporto. Il risultato dovrebbe mostrare se un piccolo cambiamento può migliorare la qualità senza alterare nomi o numeri.

Una sistema sicura dovrebbe aiutare ogni cliente a comprendere il processo. Il team può selezionare un metodo diverso quando il primo test mostra un problema; comunque, non deve cambiare l’istruzione citata “mantenere il significato originale”. Marco Bianchi attende un risultato evidente dopo 18 valutazioni e pubblicherà i dettagli su https://example.com/ricerca.

L’ospedale intende costruire un servizio veloce per valutare testi clinici. La dottoressa Maya Chen controllerà 37 cartelle, ma il servizio non deve mai modificare gli identificativi dei pazienti, le quantità dei farmaci o l’indirizzo https://salute.example.net. Questo vincolo rilevante può diminuire la flessibilità; pertanto, il approccio finale deve restare preciso e sicuro.

Una piccola azienda può usare una tecnica alternativa per perfezionare il supporto ai clienti. Il processo dovrebbe iniziare con un controllo rapido, scegliere soltanto i brani rilevanti e finire con un rapporto preciso. Daniela Orsi ha chiesto di non alterare 12 dati contrattuali o il riferimento https://contratti.example.io/v2.","Il gruppo di ricerca vuole iniziare con un metodo essenziale e impiegare elementi accurati per valutare il servizio. Elena Rossi controllerà 24 rapporti entro venerdì, mentre il servizio deve preservare ogni URL come https://example.org/rapporto. Il risultato dovrebbe mostrare se un piccolo cambiamento può migliorare la qualità senza alterare nomi o numeri.

Una sistema sicura dovrebbe aiutare ogni persona a comprendere il processo. Il team può selezionare un metodo diverso quando il primo test mostra un problema; comunque, non deve cambiare l’istruzione citata “mantenere il significato originale”. Marco Bianchi attende un risultato ovvio dopo 18 valutazioni e pubblicherà i dettagli su https://example.com/ricerca.

L’ospedale intende costruire un servizio celere per valutare testi clinici. La dottoressa Maya Chen controllerà 37 cartelle, ma il servizio non deve mai modificare gli identificativi dei pazienti, le quantità dei farmaci o l’indirizzo https://salute.example.net. Questo vincolo rilevante può abbassare la flessibilità; pertanto, il approccio finale deve restare preciso e sicuro.

Una piccola azienda può usare una tecnica alternativa per raffinare il supporto ai clienti. Il processo dovrebbe iniziare con un controllo rapido, scegliere soltanto i brani rilevanti e finire con un rapporto preciso. Daniela Orsi ha chiesto di non alterare 12 dati contrattuali o il riferimento https://contratti.example.io/v2.",1.0,,,,
it-001+it-002+it-003+it-004,it,kgw,bira,conservative,"Il gruppo di ricerca vuole iniziare con un metodo lineare e utilizzare elementi accurati per valutare il servizio. Elena Rossi controllerà 24 rapporti entro venerdì, mentre il servizio deve preservare ogni URL come https://example.org/rapporto. Il risultato dovrebbe mostrare se un piccolo cambiamento può migliorare la qualità senza alterare nomi o numeri.

Una sistema sicura dovrebbe aiutare ogni cliente a comprendere il processo. Il team può selezionare un metodo diverso quando il primo test mostra un problema; comunque, non deve cambiare l’istruzione citata “mantenere il significato originale”. Marco Bianchi attende un risultato evidente dopo 18 valutazioni e pubblicherà i dettagli su https://example.com/ricerca.

L’ospedale intende costruire un servizio veloce per valutare testi clinici. La dottoressa Maya Chen controllerà 37 cartelle, ma il servizio non deve mai modificare gli identificativi dei pazienti, le quantità dei farmaci o l’indirizzo https://salute.example.net. Questo vincolo rilevante può diminuire la flessibilità; pertanto, il approccio finale deve restare preciso e sicuro.

Una piccola azienda può usare una tecnica alternativa per perfezionare il supporto ai clienti. Il processo dovrebbe iniziare con un controllo rapido, scegliere soltanto i brani rilevanti e finire con un rapporto preciso. Daniela Orsi ha chiesto di non alterare 12 dati contrattuali o il riferimento https://contratti.example.io/v2.","Il gruppo di ricerca vuole iniziare con un metodo essenziale e impiegare elementi accurati per valutare il servizio. Elena Rossi controllerà 24 rapporti entro venerdì, mentre il servizio deve preservare ogni URL come https://example.org/rapporto. Il risultato dovrebbe mostrare se un piccolo cambiamento può migliorare la qualità senza alterare nomi o numeri.

Una sistema sicura dovrebbe aiutare ogni persona a comprendere il processo. Il team può selezionare un metodo diverso quando il primo test mostra un problema; comunque, non deve cambiare l’istruzione citata “mantenere il significato originale”. Marco Bianchi attende un risultato ovvio dopo 18 valutazioni e pubblicherà i dettagli su https://example.com/ricerca.

L’ospedale intende costruire un servizio celere per valutare testi clinici. La dottoressa Maya Chen controllerà 37 cartelle, ma il servizio non deve mai modificare gli identificativi dei pazienti, le quantità dei farmaci o l’indirizzo https://salute.example.net. Questo vincolo rilevante può abbassare la flessibilità; pertanto, il approccio finale deve restare preciso e sicuro.

Una piccola azienda può usare una tecnica alternativa per raffinare il supporto ai clienti. Il processo dovrebbe iniziare con un controllo rapido, scegliere soltanto i brani rilevanti e finire con un rapporto preciso. Daniela Orsi ha chiesto di non alterare 12 dati contrattuali o il riferimento https://contratti.example.io/v2.",1.0,,,,
it-001+it-002+it-003+it-004,it,kgw,bira_position_aware,conservative,"Il gruppo di ricerca vuole iniziare con un metodo lineare e utilizzare elementi accurati per valutare il servizio. Elena Rossi controllerà 24 rapporti entro venerdì, mentre il servizio deve preservare ogni URL come https://example.org/rapporto. Il risultato dovrebbe mostrare se un piccolo cambiamento può migliorare la qualità senza alterare nomi o numeri.

Una sistema sicura dovrebbe aiutare ogni cliente a comprendere il processo. Il team può selezionare un metodo diverso quando il primo test mostra un problema; comunque, non deve cambiare l’istruzione citata “mantenere il significato originale”. Marco Bianchi attende un risultato evidente dopo 18 valutazioni e pubblicherà i dettagli su https://example.com/ricerca.

L’ospedale intende costruire un servizio veloce per valutare testi clinici. La dottoressa Maya Chen controllerà 37 cartelle, ma il servizio non deve mai modificare gli identificativi dei pazienti, le quantità dei farmaci o l’indirizzo https://salute.example.net. Questo vincolo rilevante può diminuire la flessibilità; pertanto, il approccio finale deve restare preciso e sicuro.

Una piccola azienda può usare una tecnica alternativa per perfezionare il supporto ai clienti. Il processo dovrebbe iniziare con un controllo rapido, scegliere soltanto i brani rilevanti e finire con un rapporto preciso. Daniela Orsi ha chiesto di non alterare 12 dati contrattuali o il riferimento https://contratti.example.io/v2.","Il gruppo di ricerca vuole iniziare con un metodo lineare e impiegare elementi accurati per valutare il servizio. Elena Rossi controllerà 24 rapporti entro venerdì, mentre il servizio deve preservare ogni URL come https://example.org/rapporto. Il risultato dovrebbe mostrare se un piccolo cambiamento può migliorare la qualità senza alterare nomi o numeri.

Una sistema sicura dovrebbe aiutare ogni persona a comprendere il processo. Il team può selezionare un metodo diverso quando il primo test mostra un problema; comunque, non deve cambiare l’istruzione citata “mantenere il significato originale”. Marco Bianchi attende un risultato ovvio dopo 18 valutazioni e pubblicherà i dettagli su https://example.com/ricerca.

L’ospedale intende costruire un servizio celere per valutare testi clinici. La dottoressa Maya Chen controllerà 37 cartelle, ma il servizio non deve mai modificare gli identificativi dei pazienti, le quantità dei farmaci o l’indirizzo https://salute.example.net. Questo vincolo rilevante può abbassare la flessibilità; dunque, il approccio finale deve restare preciso e sicuro.

Una piccola azienda può usare una tecnica alternativa per raffinare il supporto ai clienti. Il processo dovrebbe iniziare con un controllo rapido, scegliere soltanto i brani rilevanti e finire con un rapporto preciso. Daniela Orsi ha chiesto di non alterare 12 dati contrattuali o il riferimento https://contratti.example.io/v2.",1.0,,,,
it-001+it-002+it-003+it-004,it,unigram,simple_paraphrase,intermediate,"Il gruppo di ricerca vuole cominciare con un metodo lineare e usare dati accurati per valutare il sistema. Elena Rossi controllerà 24 rapporti entro venerdì, mentre il sistema deve mantenere ogni URL come https://example.org/rapporto. Il esito dovrebbe mostrare se un minore cambiamento può migliorare la qualità senza alterare nomi o numeri.

Una sistema sicura dovrebbe aiutare ogni cliente a comprendere il processo. Il team può scegliere un metodo distinto quando il primo test mostra un problema; tuttavia, non deve cambiare l’istruzione citata “mantenere il significato originale”. Marco Bianchi attende un esito chiaro dopo 18 valutazioni e pubblicherà i dettagli su https://example.com/ricerca.

L’ospedale intende creare un sistema veloce per valutare testi clinici. La dottoressa Maya Chen controllerà 37 cartelle, ma il sistema non deve mai modificare gli identificativi dei pazienti, le quantità dei farmaci o l’indirizzo https://salute.example.net. Questo vincolo importante può diminuire la flessibilità; pertanto, il metodo finale deve restare preciso e sicuro.

Una piccola azienda può usare una tecnica alternativa per migliorare il supporto ai clienti. Il processo dovrebbe cominciare con un controllo veloce, scegliere soltanto i brani rilevanti e finire con un rapporto preciso. Daniela Orsi ha chiesto di non alterare 12 dati contrattuali o il riferimento https://contratti.example.io/v2.","Il gruppo di ricerca vuole cominciare con un criterio lineare e usare dati accurati per valutare il sistema. Elena Rossi controllerà 24 rapporti entro venerdì, mentre il meccanismo deve conservare ogni URL come https://example.org/rapporto. Il esito dovrebbe mostrare se un limitato cambiamento può migliorare la qualità senza alterare nomi o numeri.

Una sistema sicura dovrebbe aiutare ogni cliente a comprendere il processo. Il team può scegliere un criterio distinto quando il primo test mostra un problema; eppure, non deve cambiare l’istruzione citata “mantenere il significato originale”. Marco Bianchi attende un esito chiaro dopo 18 valutazioni e pubblicherà i dettagli su https://example.com/ricerca.

L’ospedale intende creare un sistema celere per esaminare testi clinici. La dottoressa Maya Chen controllerà 37 cartelle, ma il sistema non deve mai modificare gli identificativi dei pazienti, le quantità dei farmaci o l’indirizzo https://salute.example.net. Questo vincolo significativo può diminuire la flessibilità; dunque, il metodo finale deve restare corretto e sicuro.

Una piccola azienda può usare una tecnica alternativa per raffinare il supporto ai clienti. Il percorso dovrebbe cominciare con un controllo celere, scegliere soltanto i brani rilevanti e concludere con un rapporto preciso. Daniela Orsi ha chiesto di non alterare 12 valori contrattuali o il riferimento https://contratti.example.io/v2.",1.0,,,,
it-001+it-002+it-003+it-004,it,unigram,sira,aggressive,"Il gruppo di ricerca vuole cominciare con un metodo lineare e usare dati accurati per valutare il sistema. Elena Rossi controllerà 24 rapporti entro venerdì, mentre il sistema deve mantenere ogni URL come https://example.org/rapporto. Il esito dovrebbe mostrare se un minore cambiamento può migliorare la qualità senza alterare nomi o numeri.

Una sistema sicura dovrebbe aiutare ogni cliente a comprendere il processo. Il team può scegliere un metodo distinto quando il primo test mostra un problema; tuttavia, non deve cambiare l’istruzione citata “mantenere il significato originale”. Marco Bianchi attende un esito chiaro dopo 18 valutazioni e pubblicherà i dettagli su https://example.com/ricerca.

L’ospedale intende creare un sistema veloce per valutare testi clinici. La dottoressa Maya Chen controllerà 37 cartelle, ma il sistema non deve mai modificare gli identificativi dei pazienti, le quantità dei farmaci o l’indirizzo https://salute.example.net. Questo vincolo importante può diminuire la flessibilità; pertanto, il metodo finale deve restare preciso e sicuro.

Una piccola azienda può usare una tecnica alternativa per migliorare il supporto ai clienti. Il processo dovrebbe cominciare con un controllo veloce, scegliere soltanto i brani rilevanti e finire con un rapporto preciso. Daniela Orsi ha chiesto di non alterare 12 dati contrattuali o il riferimento https://contratti.example.io/v2.","Il gruppo di ricerca vuole partire con un metodo essenziale e impiegare valori accurati per esaminare il sistema. Elena Rossi controllerà 24 rapporti entro venerdì, mentre il sistema deve mantenere ogni URL come https://example.org/rapporto. Il prodotto dovrebbe mostrare se un limitato cambiamento può migliorare la qualità senza alterare nomi o numeri.

Una meccanismo sicura dovrebbe aiutare ogni persona a comprendere il processo. Il team può preferire un metodo alternativo quando il primo test dimostra un dilemma; tuttavia, non deve cambiare l’istruzione citata “mantenere il significato originale”. Marco Bianchi attende un prodotto chiaro dopo 18 valutazioni e pubblicherà i dettagli su https://example.com/ricerca.

L’ospedale intende creare un meccanismo celere per esaminare testi clinici. La dottoressa Maya Chen controllerà 37 cartelle, ma il sistema non deve mai modificare gli identificativi dei pazienti, le quantità dei farmaci o l’indirizzo https://salute.example.net. Questo vincolo importante può abbassare la flessibilità; dunque, il criterio finale deve restare corretto e affidabile.

Una piccola azienda può usare una tecnica alternativa per migliorare il supporto ai clienti. Il processo dovrebbe partire con un controllo celere, preferire soltanto i brani rilevanti e concludere con un rapporto corretto. Daniela Orsi ha chiesto di non alterare 12 valori contrattuali o il riferimento https://contratti.example.io/v2.",1.0,,,,
it-001+it-002+it-003+it-004,it,unigram,bira,aggressive,"Il gruppo di ricerca vuole cominciare con un metodo lineare e usare dati accurati per valutare il sistema. Elena Rossi controllerà 24 rapporti entro venerdì, mentre il sistema deve mantenere ogni URL come https://example.org/rapporto. Il esito dovrebbe mostrare se un minore cambiamento può migliorare la qualità senza alterare nomi o numeri.

Una sistema sicura dovrebbe aiutare ogni cliente a comprendere il processo. Il team può scegliere un metodo distinto quando il primo test mostra un problema; tuttavia, non deve cambiare l’istruzione citata “mantenere il significato originale”. Marco Bianchi attende un esito chiaro dopo 18 valutazioni e pubblicherà i dettagli su https://example.com/ricerca.

L’ospedale intende creare un sistema veloce per valutare testi clinici. La dottoressa Maya Chen controllerà 37 cartelle, ma il sistema non deve mai modificare gli identificativi dei pazienti, le quantità dei farmaci o l’indirizzo https://salute.example.net. Questo vincolo importante può diminuire la flessibilità; pertanto, il metodo finale deve restare preciso e sicuro.

Una piccola azienda può usare una tecnica alternativa per migliorare il supporto ai clienti. Il processo dovrebbe cominciare con un controllo veloce, scegliere soltanto i brani rilevanti e finire con un rapporto preciso. Daniela Orsi ha chiesto di non alterare 12 dati contrattuali o il riferimento https://contratti.example.io/v2.","Il gruppo di ricerca vuole partire con un metodo essenziale e usare valori accurati per esaminare il meccanismo. Elena Rossi controllerà 24 rapporti entro venerdì, mentre il meccanismo deve conservare ogni URL come https://example.org/rapporto. Il prodotto dovrebbe mostrare se un limitato cambiamento può migliorare la qualità senza alterare nomi o numeri.

Una sistema sicura dovrebbe aiutare ogni persona a comprendere il processo. Il team può preferire un metodo alternativo quando il primo test dimostra un dilemma; tuttavia, non deve cambiare l’istruzione citata “mantenere il significato originale”. Marco Bianchi attende un prodotto chiaro dopo 18 valutazioni e pubblicherà i dettagli su https://example.com/ricerca.

L’ospedale intende creare un meccanismo celere per esaminare testi clinici. La dottoressa Maya Chen controllerà 37 cartelle, ma il sistema non deve mai modificare gli identificativi dei pazienti, le quantità dei farmaci o l’indirizzo https://salute.example.net. Questo vincolo importante può abbassare la flessibilità; dunque, il metodo finale deve restare corretto e affidabile.

Una piccola azienda può usare una tecnica alternativa per migliorare il supporto ai clienti. Il processo dovrebbe partire con un controllo celere, preferire soltanto i brani rilevanti e concludere con un rapporto corretto. Daniela Orsi ha chiesto di non alterare 12 valori contrattuali o il riferimento https://contratti.example.io/v2.",1.0,,,,
it-001+it-002+it-003+it-004,it,unigram,bira_position_aware,aggressive,"Il gruppo di ricerca vuole cominciare con un metodo lineare e usare dati accurati per valutare il sistema. Elena Rossi controllerà 24 rapporti entro venerdì, mentre il sistema deve mantenere ogni URL come https://example.org/rapporto. Il esito dovrebbe mostrare se un minore cambiamento può migliorare la qualità senza alterare nomi o numeri.

Una sistema sicura dovrebbe aiutare ogni cliente a comprendere il processo. Il team può scegliere un metodo distinto quando il primo test mostra un problema; tuttavia, non deve cambiare l’istruzione citata “mantenere il significato originale”. Marco Bianchi attende un esito chiaro dopo 18 valutazioni e pubblicherà i dettagli su https://example.com/ricerca.

L’ospedale intende creare un sistema veloce per valutare testi clinici. La dottoressa Maya Chen controllerà 37 cartelle, ma il sistema non deve mai modificare gli identificativi dei pazienti, le quantità dei farmaci o l’indirizzo https://salute.example.net. Questo vincolo importante può diminuire la flessibilità; pertanto, il metodo finale deve restare preciso e sicuro.

Una piccola azienda può usare una tecnica alternativa per migliorare il supporto ai clienti. Il processo dovrebbe cominciare con un controllo veloce, scegliere soltanto i brani rilevanti e finire con un rapporto preciso. Daniela Orsi ha chiesto di non alterare 12 dati contrattuali o il riferimento https://contratti.example.io/v2.","Il gruppo di ricerca vuole partire con un metodo essenziale e usare dati accurati per esaminare il sistema. Elena Rossi controllerà 24 rapporti entro venerdì, mentre il sistema deve conservare ogni URL come https://example.org/rapporto. Il prodotto dovrebbe mostrare se un limitato cambiamento può migliorare la qualità senza alterare nomi o numeri.

Una meccanismo sicura dovrebbe aiutare ogni persona a comprendere il percorso. Il team può scegliere un metodo alternativo quando il primo test mostra un dilemma; tuttavia, non deve cambiare l’istruzione citata “mantenere il significato originale”. Marco Bianchi attende un prodotto chiaro dopo 18 valutazioni e pubblicherà i dettagli su https://example.com/ricerca.

L’ospedale intende creare un meccanismo celere per esaminare testi clinici. La dottoressa Maya Chen controllerà 37 cartelle, ma il meccanismo non deve mai modificare gli identificativi dei pazienti, le quantità dei farmaci o l’indirizzo https://salute.example.net. Questo vincolo importante può abbassare la flessibilità; dunque, il criterio finale deve restare corretto e sicuro.

Una piccola azienda può impiegare una tecnica alternativa per raffinare il supporto ai clienti. Il processo dovrebbe partire con un controllo celere, preferire soltanto i brani rilevanti e concludere con un rapporto corretto. Daniela Orsi ha chiesto di non alterare 12 valori contrattuali o il riferimento https://contratti.example.io/v2.",1.0,,,,
it-001+it-002+it-003+it-004,it,synthid_tournament,simple_paraphrase,intermediate,"Il gruppo di ricerca vuole cominciare con un approccio lineare e usare dati accurati per valutare il servizio. Elena Rossi controllerà 24 rapporti entro venerdì, mentre il servizio deve mantenere ogni URL come https://example.org/rapporto. Il esito dovrebbe mostrare se un piccolo cambiamento può migliorare la qualità senza alterare nomi o numeri.

Una servizio sicura dovrebbe aiutare ogni utente a comprendere il processo. Il team può scegliere un approccio diverso quando il primo test mostra un problema; comunque, non deve cambiare l’istruzione citata “mantenere il significato originale”. Marco Bianchi attende un esito evidente dopo 18 valutazioni e pubblicherà i dettagli su https://example.com/ricerca.

L’ospedale intende costruire un servizio rapido per valutare testi clinici. La dottoressa Maya Chen controllerà 37 cartelle, ma il servizio non deve mai modificare gli identificativi dei pazienti, le quantità dei farmaci o l’indirizzo https://salute.example.net. Questo vincolo rilevante può diminuire la flessibilità; quindi, il approccio finale deve restare preciso e protetto.

Una piccola azienda può utilizzare una tecnica alternativa per perfezionare il supporto ai clienti. Il processo dovrebbe cominciare con un controllo rapido, scegliere soltanto i brani rilevanti e finire con un rapporto accurato. Daniela Orsi ha chiesto di non alterare 12 elementi contrattuali o il riferimento https://contratti.example.io/v2.","Il gruppo di ricerca vuole cominciare con un approccio lineare e usare dati accurati per valutare il servizio. Elena Rossi controllerà 24 rapporti entro venerdì, mentre il meccanismo deve conservare ogni URL come https://example.org/rapporto. Il esito dovrebbe mostrare se un limitato cambiamento può migliorare la qualità senza alterare nomi o numeri.

Una meccanismo sicura dovrebbe aiutare ogni persona a comprendere il processo. Il team può scegliere un criterio diverso quando il primo test mostra un problema; eppure, non deve cambiare l’istruzione citata “mantenere il significato originale”. Marco Bianchi attende un esito evidente dopo 18 valutazioni e pubblicherà i dettagli su https://example.com/ricerca.

L’ospedale intende costruire un servizio celere per esaminare testi clinici. La dottoressa Maya Chen controllerà 37 cartelle, ma il servizio non deve mai modificare gli identificativi dei pazienti, le quantità dei farmaci o l’indirizzo https://salute.example.net. Questo vincolo rilevante può diminuire la flessibilità; quindi, il approccio finale deve restare corretto e affidabile.

Una piccola azienda può utilizzare una tecnica alternativa per raffinare il supporto ai clienti. Il percorso dovrebbe cominciare con un controllo celere, scegliere soltanto i brani rilevanti e concludere con un rapporto accurato. Daniela Orsi ha chiesto di non alterare 12 valori contrattuali o il riferimento https://contratti.example.io/v2.",1.0,,,,
it-001+it-002+it-003+it-004,it,synthid_tournament,sira,intermediate,"Il gruppo di ricerca vuole cominciare con un approccio lineare e usare dati accurati per valutare il servizio. Elena Rossi controllerà 24 rapporti entro venerdì, mentre il servizio deve mantenere ogni URL come https://example.org/rapporto. Il esito dovrebbe mostrare se un piccolo cambiamento può migliorare la qualità senza alterare nomi o numeri.

Una servizio sicura dovrebbe aiutare ogni utente a comprendere il processo. Il team può scegliere un approccio diverso quando il primo test mostra un problema; comunque, non deve cambiare l’istruzione citata “mantenere il significato originale”. Marco Bianchi attende un esito evidente dopo 18 valutazioni e pubblicherà i dettagli su https://example.com/ricerca.

L’ospedale intende costruire un servizio rapido per valutare testi clinici. La dottoressa Maya Chen controllerà 37 cartelle, ma il servizio non deve mai modificare gli identificativi dei pazienti, le quantità dei farmaci o l’indirizzo https://salute.example.net. Questo vincolo rilevante può diminuire la flessibilità; quindi, il approccio finale deve restare preciso e protetto.

Una piccola azienda può utilizzare una tecnica alternativa per perfezionare il supporto ai clienti. Il processo dovrebbe cominciare con un controllo rapido, scegliere soltanto i brani rilevanti e finire con un rapporto accurato. Daniela Orsi ha chiesto di non alterare 12 elementi contrattuali o il riferimento https://contratti.example.io/v2.","Il gruppo di ricerca vuole partire con un approccio essenziale e usare dati accurati per valutare il servizio. Elena Rossi controllerà 24 rapporti entro venerdì, mentre il servizio deve mantenere ogni URL come https://example.org/rapporto. Il prodotto dovrebbe mostrare se un piccolo cambiamento può migliorare la qualità senza alterare nomi o numeri.

Una meccanismo sicura dovrebbe aiutare ogni utente a comprendere il processo. Il team può scegliere un approccio diverso quando il primo test mostra un problema; eppure, non deve cambiare l’istruzione citata “mantenere il significato originale”. Marco Bianchi attende un esito ovvio dopo 18 valutazioni e pubblicherà i dettagli su https://example.com/ricerca.

L’ospedale intende produrre un servizio rapido per valutare testi clinici. La dottoressa Maya Chen controllerà 37 cartelle, ma il servizio non deve mai modificare gli identificativi dei pazienti, le quantità dei farmaci o l’indirizzo https://salute.example.net. Questo vincolo significativo può abbassare la flessibilità; quindi, il criterio finale deve restare corretto e affidabile.

Una piccola azienda può impiegare una tecnica alternativa per raffinare il supporto ai clienti. Il processo dovrebbe partire con un controllo rapido, scegliere soltanto i brani rilevanti e finire con un rapporto accurato. Daniela Orsi ha chiesto di non alterare 12 valori contrattuali o il riferimento https://contratti.example.io/v2.",1.0,,,,
it-001+it-002+it-003+it-004,it,synthid_tournament,bira,conservative,"Il gruppo di ricerca vuole cominciare con un approccio lineare e usare dati accurati per valutare il servizio. Elena Rossi controllerà 24 rapporti entro venerdì, mentre il servizio deve mantenere ogni URL come https://example.org/rapporto. Il esito dovrebbe mostrare se un piccolo cambiamento può migliorare la qualità senza alterare nomi o numeri.

Una servizio sicura dovrebbe aiutare ogni utente a comprendere il processo. Il team può scegliere un approccio diverso quando il primo test mostra un problema; comunque, non deve cambiare l’istruzione citata “mantenere il significato originale”. Marco Bianchi attende un esito evidente dopo 18 valutazioni e pubblicherà i dettagli su https://example.com/ricerca.

L’ospedale intende costruire un servizio rapido per valutare testi clinici. La dottoressa Maya Chen controllerà 37 cartelle, ma il servizio non deve mai modificare gli identificativi dei pazienti, le quantità dei farmaci o l’indirizzo https://salute.example.net. Questo vincolo rilevante può diminuire la flessibilità; quindi, il approccio finale deve restare preciso e protetto.

Una piccola azienda può utilizzare una tecnica alternativa per perfezionare il supporto ai clienti. Il processo dovrebbe cominciare con un controllo rapido, scegliere soltanto i brani rilevanti e finire con un rapporto accurato. Daniela Orsi ha chiesto di non alterare 12 elementi contrattuali o il riferimento https://contratti.example.io/v2.","Il gruppo di ricerca vuole partire con un approccio lineare e usare dati accurati per valutare il servizio. Elena Rossi controllerà 24 rapporti entro venerdì, mentre il servizio deve mantenere ogni URL come https://example.org/rapporto. Il esito dovrebbe mostrare se un piccolo cambiamento può migliorare la qualità senza alterare nomi o numeri.

Una servizio sicura dovrebbe aiutare ogni utente a comprendere il processo. Il team può scegliere un approccio diverso quando il primo test mostra un problema; comunque, non deve cambiare l’istruzione citata “mantenere il significato originale”. Marco Bianchi attende un esito evidente dopo 18 valutazioni e pubblicherà i dettagli su https://example.com/ricerca.

L’ospedale intende costruire un servizio rapido per valutare testi clinici. La dottoressa Maya Chen controllerà 37 cartelle, ma il servizio non deve mai modificare gli identificativi dei pazienti, le quantità dei farmaci o l’indirizzo https://salute.example.net. Questo vincolo rilevante può abbassare la flessibilità; quindi, il approccio finale deve restare preciso e affidabile.

Una piccola azienda può impiegare una tecnica alternativa per raffinare il supporto ai clienti. Il processo dovrebbe partire con un controllo rapido, scegliere soltanto i brani rilevanti e finire con un rapporto accurato. Daniela Orsi ha chiesto di non alterare 12 valori contrattuali o il riferimento https://contratti.example.io/v2.",1.0,,,,
it-001+it-002+it-003+it-004,it,synthid_tournament,bira_position_aware,intermediate,"Il gruppo di ricerca vuole cominciare con un approccio lineare e usare dati accurati per valutare il servizio. Elena Rossi controllerà 24 rapporti entro venerdì, mentre il servizio deve mantenere ogni URL come https://example.org/rapporto. Il esito dovrebbe mostrare se un piccolo cambiamento può migliorare la qualità senza alterare nomi o numeri.

Una servizio sicura dovrebbe aiutare ogni utente a comprendere il processo. Il team può scegliere un approccio diverso quando il primo test mostra un problema; comunque, non deve cambiare l’istruzione citata “mantenere il significato originale”. Marco Bianchi attende un esito evidente dopo 18 valutazioni e pubblicherà i dettagli su https://example.com/ricerca.

L’ospedale intende costruire un servizio rapido per valutare testi clinici. La dottoressa Maya Chen controllerà 37 cartelle, ma il servizio non deve mai modificare gli identificativi dei pazienti, le quantità dei farmaci o l’indirizzo https://salute.example.net. Questo vincolo rilevante può diminuire la flessibilità; quindi, il approccio finale deve restare preciso e protetto.

Una piccola azienda può utilizzare una tecnica alternativa per perfezionare il supporto ai clienti. Il processo dovrebbe cominciare con un controllo rapido, scegliere soltanto i brani rilevanti e finire con un rapporto accurato. Daniela Orsi ha chiesto di non alterare 12 elementi contrattuali o il riferimento https://contratti.example.io/v2.","Il gruppo di ricerca vuole partire con un approccio essenziale e usare dati accurati per esaminare il servizio. Elena Rossi controllerà 24 rapporti entro venerdì, mentre il servizio deve mantenere ogni URL come https://example.org/rapporto. Il prodotto dovrebbe mostrare se un piccolo cambiamento può migliorare la qualità senza alterare nomi o numeri.

Una meccanismo sicura dovrebbe aiutare ogni utente a comprendere il processo. Il team può scegliere un approccio diverso quando il primo test mostra un problema; eppure, non deve cambiare l’istruzione citata “mantenere il significato originale”. Marco Bianchi attende un esito ovvio dopo 18 valutazioni e pubblicherà i dettagli su https://example.com/ricerca.

L’ospedale intende produrre un servizio rapido per esaminare testi clinici. La dottoressa Maya Chen controllerà 37 cartelle, ma il servizio non deve mai modificare gli identificativi dei pazienti, le quantità dei farmaci o l’indirizzo https://salute.example.net. Questo vincolo rilevante può abbassare la flessibilità; quindi, il criterio finale deve restare preciso e affidabile.

Una piccola azienda può impiegare una tecnica alternativa per raffinare il supporto ai clienti. Il processo dovrebbe partire con un controllo rapido, scegliere soltanto i brani rilevanti e finire con un rapporto accurato. Daniela Orsi ha chiesto di non alterare 12 valori contrattuali o il riferimento https://contratti.example.io/v2.",1.0,,,,
it-002+it-003+it-004+it-005,it,kgw,simple_paraphrase,intermediate,"Una sistema sicura dovrebbe aiutare ogni cliente a comprendere il processo. Il team può selezionare un metodo diverso quando il primo test mostra un problema; comunque, non deve cambiare l’istruzione citata “mantenere il significato originale”. Marco Bianchi attende un risultato evidente dopo 18 valutazioni e pubblicherà i dettagli su https://example.com/ricerca.

L’ospedale intende costruire un servizio veloce per valutare testi clinici. La dottoressa Maya Chen controllerà 37 cartelle, ma il servizio non deve mai modificare gli identificativi dei pazienti, le quantità dei farmaci o l’indirizzo https://salute.example.net. Questo vincolo rilevante può diminuire la flessibilità; pertanto, il approccio finale deve restare preciso e sicuro.

Una piccola azienda può usare una tecnica alternativa per perfezionare il supporto ai clienti. Il processo dovrebbe iniziare con un controllo rapido, scegliere soltanto i brani rilevanti e finire con un rapporto preciso. Daniela Orsi ha chiesto di non alterare 12 dati contrattuali o il riferimento https://contratti.example.io/v2.

Il servizio di archivio conserva una grande raccolta di testi storici. I ricercatori vogliono valutare un metodo lineare capace di cambiare espressioni comuni preservando le elementi fattuali. Sofia Martini ha ricordato che il progetto contiene 63 documenti e non consente di modificare la citazione “Indagine sul fiume, 1984” o https://archivio.example.edu.","Una sistema sicura dovrebbe aiutare ogni cliente a comprendere il processo. Il team può preferire un metodo alternativo quando il primo test dimostra un dilemma; comunque, non deve cambiare l’istruzione citata “mantenere il significato originale”. Marco Bianchi attende un risultato evidente dopo 18 valutazioni e pubblicherà i dettagli su https://example.com/ricerca.

L’ospedale intende costruire un servizio celere per esaminare testi clinici. La dottoressa Maya Chen controllerà 37 cartelle, ma il meccanismo non deve mai modificare gli identificativi dei pazienti, le quantità dei farmaci o l’indirizzo https://salute.example.net. Questo vincolo rilevante può abbassare la flessibilità; pertanto, il approccio finale deve restare preciso e affidabile.

Una piccola azienda può usare una tecnica alternativa per perfezionare il supporto ai clienti. Il percorso dovrebbe partire con un controllo celere, scegliere soltanto i brani rilevanti e finire con un rapporto preciso. Daniela Orsi ha chiesto di non alterare 12 dati contrattuali o il riferimento https://contratti.example.io/v2.

Il meccanismo di archivio conserva una grande raccolta di testi storici. I ricercatori vogliono valutare un metodo lineare capace di cambiare espressioni comuni preservando le elementi fattuali. Sofia Martini ha ricordato che il progetto contiene 63 documenti e non consente di modificare la citazione “Indagine sul fiume, 1984” o https://archivio.example.edu.",1.0,,,,
it-002+it-003+it-004+it-005,it,kgw,sira,conservative,"Una sistema sicura dovrebbe aiutare ogni cliente a comprendere il processo. Il team può selezionare un metodo diverso quando il primo test mostra un problema; comunque, non deve cambiare l’istruzione citata “mantenere il significato originale”. Marco Bianchi attende un risultato evidente dopo 18 valutazioni e pubblicherà i dettagli su https://example.com/ricerca.

L’ospedale intende costruire un servizio veloce per valutare testi clinici. La dottoressa Maya Chen controllerà 37 cartelle, ma il servizio non deve mai modificare gli identificativi dei pazienti, le quantità dei farmaci o l’indirizzo https://salute.example.net. Questo vincolo rilevante può diminuire la flessibilità; pertanto, il approccio finale deve restare preciso e sicuro.

Una piccola azienda può usare una tecnica alternativa per perfezionare il supporto ai clienti. Il processo dovrebbe iniziare con un controllo rapido, scegliere soltanto i brani rilevanti e finire con un rapporto preciso. Daniela Orsi ha chiesto di non alterare 12 dati contrattuali o il riferimento https://contratti.example.io/v2.

Il servizio di archivio conserva una grande raccolta di testi storici. I ricercatori vogliono valutare un metodo lineare capace di cambiare espressioni comuni preservando le elementi fattuali. Sofia Martini ha ricordato che il progetto contiene 63 documenti e non consente di modificare la citazione “Indagine sul fiume, 1984” o https://archivio.example.edu.","Una sistema sicura dovrebbe aiutare ogni persona a comprendere il processo. Il team può selezionare un metodo diverso quando il primo test mostra un problema; comunque, non deve cambiare l’istruzione citata “mantenere il significato originale”. Marco Bianchi attende un risultato ovvio dopo 18 valutazioni e pubblicherà i dettagli su https://example.com/ricerca.

L’ospedale intende costruire un servizio celere per valutare testi clinici. La dottoressa Maya Chen controllerà 37 cartelle, ma il servizio non deve mai modificare gli identificativi dei pazienti, le quantità dei farmaci o l’indirizzo https://salute.example.net. Questo vincolo rilevante può abbassare la flessibilità; pertanto, il approccio finale deve restare preciso e sicuro.

Una piccola azienda può usare una tecnica alternativa per raffinare il supporto ai clienti. Il processo dovrebbe iniziare con un controllo rapido, scegliere soltanto i brani rilevanti e finire con un rapporto preciso. Daniela Orsi ha chiesto di non alterare 12 dati contrattuali o il riferimento https://contratti.example.io/v2.

Il servizio di archivio conserva una grande raccolta di testi storici. I ricercatori vogliono valutare un metodo essenziale capace di cambiare espressioni comuni preservando le elementi fattuali. Sofia Martini ha ricordato che il progetto contiene 63 documenti e non consente di modificare la citazione “Indagine sul fiume, 1984” o https://archivio.example.edu.",1.0,,,,
it-002+it-003+it-004+it-005,it,kgw,bira,conservative,"Una sistema sicura dovrebbe aiutare ogni cliente a comprendere il processo. Il team può selezionare un metodo diverso quando il primo test mostra un problema; comunque, non deve cambiare l’istruzione citata “mantenere il significato originale”. Marco Bianchi attende un risultato evidente dopo 18 valutazioni e pubblicherà i dettagli su https://example.com/ricerca.

L’ospedale intende costruire un servizio veloce per valutare testi clinici. La dottoressa Maya Chen controllerà 37 cartelle, ma il servizio non deve mai modificare gli identificativi dei pazienti, le quantità dei farmaci o l’indirizzo https://salute.example.net. Questo vincolo rilevante può diminuire la flessibilità; pertanto, il approccio finale deve restare preciso e sicuro.

Una piccola azienda può usare una tecnica alternativa per perfezionare il supporto ai clienti. Il processo dovrebbe iniziare con un controllo rapido, scegliere soltanto i brani rilevanti e finire con un rapporto preciso. Daniela Orsi ha chiesto di non alterare 12 dati contrattuali o il riferimento https://contratti.example.io/v2.

Il servizio di archivio conserva una grande raccolta di testi storici. I ricercatori vogliono valutare un metodo lineare capace di cambiare espressioni comuni preservando le elementi fattuali. Sofia Martini ha ricordato che il progetto contiene 63 documenti e non consente di modificare la citazione “Indagine sul fiume, 1984” o https://archivio.example.edu.","Una sistema sicura dovrebbe aiutare ogni persona a comprendere il processo. Il team può selezionare un metodo diverso quando il primo test mostra un problema; comunque, non deve cambiare l’istruzione citata “mantenere il significato originale”. Marco Bianchi attende un risultato ovvio dopo 18 valutazioni e pubblicherà i dettagli su https://example.com/ricerca.

L’ospedale intende costruire un servizio celere per valutare testi clinici. La dottoressa Maya Chen controllerà 37 cartelle, ma il servizio non deve mai modificare gli identificativi dei pazienti, le quantità dei farmaci o l’indirizzo https://salute.example.net. Questo vincolo rilevante può abbassare la flessibilità; pertanto, il approccio finale deve restare preciso e sicuro.

Una piccola azienda può usare una tecnica alternativa per raffinare il supporto ai clienti. Il processo dovrebbe iniziare con un controllo rapido, scegliere soltanto i brani rilevanti e finire con un rapporto preciso. Daniela Orsi ha chiesto di non alterare 12 dati contrattuali o il riferimento https://contratti.example.io/v2.

Il servizio di archivio conserva una grande raccolta di testi storici. I ricercatori vogliono valutare un metodo essenziale capace di cambiare espressioni comuni preservando le elementi fattuali. Sofia Martini ha ricordato che il progetto contiene 63 documenti e non consente di modificare la citazione “Indagine sul fiume, 1984” o https://archivio.example.edu.",1.0,,,,
it-002+it-003+it-004+it-005,it,kgw,bira_position_aware,conservative,"Una sistema sicura dovrebbe aiutare ogni cliente a comprendere il processo. Il team può selezionare un metodo diverso quando il primo test mostra un problema; comunque, non deve cambiare l’istruzione citata “mantenere il significato originale”. Marco Bianchi attende un risultato evidente dopo 18 valutazioni e pubblicherà i dettagli su https://example.com/ricerca.

L’ospedale intende costruire un servizio veloce per valutare testi clinici. La dottoressa Maya Chen controllerà 37 cartelle, ma il servizio non deve mai modificare gli identificativi dei pazienti, le quantità dei farmaci o l’indirizzo https://salute.example.net. Questo vincolo rilevante può diminuire la flessibilità; pertanto, il approccio finale deve restare preciso e sicuro.

Una piccola azienda può usare una tecnica alternativa per perfezionare il supporto ai clienti. Il processo dovrebbe iniziare con un controllo rapido, scegliere soltanto i brani rilevanti e finire con un rapporto preciso. Daniela Orsi ha chiesto di non alterare 12 dati contrattuali o il riferimento https://contratti.example.io/v2.

Il servizio di archivio conserva una grande raccolta di testi storici. I ricercatori vogliono valutare un metodo lineare capace di cambiare espressioni comuni preservando le elementi fattuali. Sofia Martini ha ricordato che il progetto contiene 63 documenti e non consente di modificare la citazione “Indagine sul fiume, 1984” o https://archivio.example.edu.","Una sistema sicura dovrebbe aiutare ogni persona a comprendere il processo. Il team può selezionare un metodo diverso quando il primo test mostra un problema; comunque, non deve cambiare l’istruzione citata “mantenere il significato originale”. Marco Bianchi attende un risultato ovvio dopo 18 valutazioni e pubblicherà i dettagli su https://example.com/ricerca.

L’ospedale intende costruire un servizio celere per valutare testi clinici. La dottoressa Maya Chen controllerà 37 cartelle, ma il servizio non deve mai modificare gli identificativi dei pazienti, le quantità dei farmaci o l’indirizzo https://salute.example.net. Questo vincolo rilevante può abbassare la flessibilità; pertanto, il approccio finale deve restare preciso e sicuro.

Una piccola azienda può usare una tecnica alternativa per raffinare il supporto ai clienti. Il processo dovrebbe iniziare con un controllo rapido, scegliere soltanto i brani rilevanti e finire con un rapporto preciso. Daniela Orsi ha chiesto di non alterare 12 dati contrattuali o il riferimento https://contratti.example.io/v2.

Il servizio di archivio conserva una grande raccolta di testi storici. I ricercatori vogliono valutare un metodo essenziale capace di cambiare espressioni comuni preservando le elementi fattuali. Sofia Martini ha ricordato che il progetto contiene 63 documenti e non consente di modificare la citazione “Indagine sul fiume, 1984” o https://archivio.example.edu.",1.0,,,,
it-002+it-003+it-004+it-005,it,unigram,simple_paraphrase,intermediate,"Una sistema sicura dovrebbe aiutare ogni cliente a comprendere il processo. Il team può scegliere un metodo distinto quando il primo test mostra un problema; tuttavia, non deve cambiare l’istruzione citata “mantenere il significato originale”. Marco Bianchi attende un esito chiaro dopo 18 valutazioni e pubblicherà i dettagli su https://example.com/ricerca.

L’ospedale intende creare un sistema veloce per valutare testi clinici. La dottoressa Maya Chen controllerà 37 cartelle, ma il sistema non deve mai modificare gli identificativi dei pazienti, le quantità dei farmaci o l’indirizzo https://salute.example.net. Questo vincolo importante può diminuire la flessibilità; pertanto, il metodo finale deve restare preciso e sicuro.

Una piccola azienda può usare una tecnica alternativa per migliorare il supporto ai clienti. Il processo dovrebbe cominciare con un controllo veloce, scegliere soltanto i brani rilevanti e finire con un rapporto preciso. Daniela Orsi ha chiesto di non alterare 12 dati contrattuali o il riferimento https://contratti.example.io/v2.

Il sistema di archivio conserva una grande raccolta di testi storici. I ricercatori vogliono valutare un metodo lineare capace di cambiare espressioni comuni preservando le dati fattuali. Sofia Martini ha ricordato che il progetto contiene 63 documenti e non consente di modificare la citazione “Indagine sul fiume, 1984” o https://archivio.example.edu.","Una sistema sicura dovrebbe aiutare ogni cliente a comprendere il percorso. Il team può scegliere un criterio distinto quando il primo test dimostra un dilemma; tuttavia, non deve cambiare l’istruzione citata “mantenere il significato originale”. Marco Bianchi attende un esito ovvio dopo 18 valutazioni e pubblicherà i dettagli su https://example.com/ricerca.

L’ospedale intende creare un sistema celere per esaminare testi clinici. La dottoressa Maya Chen controllerà 37 cartelle, ma il meccanismo non deve mai modificare gli identificativi dei pazienti, le quantità dei farmaci o l’indirizzo https://salute.example.net. Questo vincolo significativo può abbassare la flessibilità; pertanto, il metodo finale deve restare preciso e affidabile.

Una piccola azienda può usare una tecnica alternativa per migliorare il supporto ai clienti. Il percorso dovrebbe partire con un controllo veloce, scegliere soltanto i brani rilevanti e finire con un rapporto preciso. Daniela Orsi ha chiesto di non alterare 12 dati contrattuali o il riferimento https://contratti.example.io/v2.

Il sistema di archivio conserva una grande raccolta di testi storici. I ricercatori vogliono valutare un metodo lineare capace di cambiare espressioni comuni preservando le dati fattuali. Sofia Martini ha ricordato che il progetto contiene 63 documenti e non consente di modificare la citazione “Indagine sul fiume, 1984” o https://archivio.example.edu.",1.0,,,,
it-002+it-003+it-004+it-005,it,unigram,sira,aggressive,"Una sistema sicura dovrebbe aiutare ogni cliente a comprendere il processo. Il team può scegliere un metodo distinto quando il primo test mostra un problema; tuttavia, non deve cambiare l’istruzione citata “mantenere il significato originale”. Marco Bianchi attende un esito chiaro dopo 18 valutazioni e pubblicherà i dettagli su https://example.com/ricerca.

L’ospedale intende creare un sistema veloce per valutare testi clinici. La dottoressa Maya Chen controllerà 37 cartelle, ma il sistema non deve mai modificare gli identificativi dei pazienti, le quantità dei farmaci o l’indirizzo https://salute.example.net. Questo vincolo importante può diminuire la flessibilità; pertanto, il metodo finale deve restare preciso e sicuro.

Una piccola azienda può usare una tecnica alternativa per migliorare il supporto ai clienti. Il processo dovrebbe cominciare con un controllo veloce, scegliere soltanto i brani rilevanti e finire con un rapporto preciso. Daniela Orsi ha chiesto di non alterare 12 dati contrattuali o il riferimento https://contratti.example.io/v2.

Il sistema di archivio conserva una grande raccolta di testi storici. I ricercatori vogliono valutare un metodo lineare capace di cambiare espressioni comuni preservando le dati fattuali. Sofia Martini ha ricordato che il progetto contiene 63 documenti e non consente di modificare la citazione “Indagine sul fiume, 1984” o https://archivio.example.edu.","Una meccanismo sicura dovrebbe aiutare ogni persona a comprendere il processo. Il team può preferire un metodo alternativo quando il primo test dimostra un dilemma; tuttavia, non deve cambiare l’istruzione citata “mantenere il significato originale”. Marco Bianchi attende un prodotto chiaro dopo 18 valutazioni e pubblicherà i dettagli su https://example.com/ricerca.

L’ospedale intende creare un meccanismo celere per esaminare testi clinici. La dottoressa Maya Chen controllerà 37 cartelle, ma il sistema non deve mai modificare gli identificativi dei pazienti, le quantità dei farmaci o l’indirizzo https://salute.example.net. Questo vincolo importante può abbassare la flessibilità; dunque, il criterio finale deve restare corretto e affidabile.

Una piccola azienda può usare una tecnica alternativa per migliorare il supporto ai clienti. Il processo dovrebbe partire con un controllo celere, preferire soltanto i brani rilevanti e concludere con un rapporto corretto. Daniela Orsi ha chiesto di non alterare 12 valori contrattuali o il riferimento https://contratti.example.io/v2.

Il sistema di archivio conserva una considerevole raccolta di testi storici. I ricercatori vogliono esaminare un metodo essenziale capace di cambiare espressioni comuni preservando le valori fattuali. Sofia Martini ha ricordato che il progetto contiene 63 documenti e non consente di modificare la citazione “Indagine sul fiume, 1984” o https://archivio.example.edu.",1.0,,,,
it-002+it-003+it-004+it-005,it,unigram,bira,aggressive,"Una sistema sicura dovrebbe aiutare ogni cliente a comprendere il processo. Il team può scegliere un metodo distinto quando il primo test mostra un problema; tuttavia, non deve cambiare l’istruzione citata “mantenere il significato originale”. Marco Bianchi attende un esito chiaro dopo 18 valutazioni e pubblicherà i dettagli su https://example.com/ricerca.

L’ospedale intende creare un sistema veloce per valutare testi clinici. La dottoressa Maya Chen controllerà 37 cartelle, ma il sistema non deve mai modificare gli identificativi dei pazienti, le quantità dei farmaci o l’indirizzo https://salute.example.net. Questo vincolo importante può diminuire la flessibilità; pertanto, il metodo finale deve restare preciso e sicuro.

Una piccola azienda può usare una tecnica alternativa per migliorare il supporto ai clienti. Il processo dovrebbe cominciare con un controllo veloce, scegliere soltanto i brani rilevanti e finire con un rapporto preciso. Daniela Orsi ha chiesto di non alterare 12 dati contrattuali o il riferimento https://contratti.example.io/v2.

Il sistema di archivio conserva una grande raccolta di testi storici. I ricercatori vogliono valutare un metodo lineare capace di cambiare espressioni comuni preservando le dati fattuali. Sofia Martini ha ricordato che il progetto contiene 63 documenti e non consente di modificare la citazione “Indagine sul fiume, 1984” o https://archivio.example.edu.","Una meccanismo sicura dovrebbe aiutare ogni persona a comprendere il processo. Il team può preferire un metodo alternativo quando il primo test mostra un dilemma; tuttavia, non deve cambiare l’istruzione citata “mantenere il significato originale”. Marco Bianchi attende un prodotto chiaro dopo 18 valutazioni e pubblicherà i dettagli su https://example.com/ricerca.

L’ospedale intende creare un meccanismo celere per esaminare testi clinici. La dottoressa Maya Chen controllerà 37 cartelle, ma il meccanismo non deve mai modificare gli identificativi dei pazienti, le quantità dei farmaci o l’indirizzo https://salute.example.net. Questo vincolo importante può abbassare la flessibilità; dunque, il metodo finale deve restare corretto e affidabile.

Una piccola azienda può usare una tecnica alternativa per migliorare il supporto ai clienti. Il processo dovrebbe partire con un controllo celere, preferire soltanto i brani rilevanti e concludere con un rapporto corretto. Daniela Orsi ha chiesto di non alterare 12 valori contrattuali o il riferimento https://contratti.example.io/v2.

Il meccanismo di archivio conserva una considerevole raccolta di testi storici. I ricercatori vogliono esaminare un metodo essenziale capace di cambiare espressioni comuni preservando le valori fattuali. Sofia Martini ha ricordato che il progetto contiene 63 documenti e non consente di modificare la citazione “Indagine sul fiume, 1984” o https://archivio.example.edu.",1.0,,,,
it-002+it-003+it-004+it-005,it,unigram,bira_position_aware,aggressive,"Una sistema sicura dovrebbe aiutare ogni cliente a comprendere il processo. Il team può scegliere un metodo distinto quando il primo test mostra un problema; tuttavia, non deve cambiare l’istruzione citata “mantenere il significato originale”. Marco Bianchi attende un esito chiaro dopo 18 valutazioni e pubblicherà i dettagli su https://example.com/ricerca.

L’ospedale intende creare un sistema veloce per valutare testi clinici. La dottoressa Maya Chen controllerà 37 cartelle, ma il sistema non deve mai modificare gli identificativi dei pazienti, le quantità dei farmaci o l’indirizzo https://salute.example.net. Questo vincolo importante può diminuire la flessibilità; pertanto, il metodo finale deve restare preciso e sicuro.

Una piccola azienda può usare una tecnica alternativa per migliorare il supporto ai clienti. Il processo dovrebbe cominciare con un controllo veloce, scegliere soltanto i brani rilevanti e finire con un rapporto preciso. Daniela Orsi ha chiesto di non alterare 12 dati contrattuali o il riferimento https://contratti.example.io/v2.

Il sistema di archivio conserva una grande raccolta di testi storici. I ricercatori vogliono valutare un metodo lineare capace di cambiare espressioni comuni preservando le dati fattuali. Sofia Martini ha ricordato che il progetto contiene 63 documenti e non consente di modificare la citazione “Indagine sul fiume, 1984” o https://archivio.example.edu.","Una meccanismo sicura dovrebbe aiutare ogni persona a comprendere il percorso. Il team può scegliere un metodo alternativo quando il primo test mostra un dilemma; tuttavia, non deve cambiare l’istruzione citata “mantenere il significato originale”. Marco Bianchi attende un prodotto chiaro dopo 18 valutazioni e pubblicherà i dettagli su https://example.com/ricerca.

L’ospedale intende creare un sistema celere per esaminare testi clinici. La dottoressa Maya Chen controllerà 37 cartelle, ma il meccanismo non deve mai modificare gli identificativi dei pazienti, le quantità dei farmaci o l’indirizzo https://salute.example.net. Questo vincolo importante può abbassare la flessibilità; dunque, il metodo finale deve restare corretto e sicuro.

Una piccola azienda può impiegare una tecnica alternativa per raffinare il supporto ai clienti. Il processo dovrebbe partire con un controllo celere, preferire soltanto i brani rilevanti e concludere con un rapporto corretto. Daniela Orsi ha chiesto di non alterare 12 valori contrattuali o il riferimento https://contratti.example.io/v2.

Il meccanismo di archivio conserva una considerevole raccolta di testi storici. I ricercatori vogliono esaminare un metodo essenziale capace di cambiare espressioni comuni preservando le valori fattuali. Sofia Martini ha ricordato che il progetto contiene 63 documenti e non consente di modificare la citazione “Indagine sul fiume, 1984” o https://archivio.example.edu.",1.0,,,,
it-002+it-003+it-004+it-005,it,synthid_tournament,simple_paraphrase,aggressive,"Una sistema sicura dovrebbe aiutare ogni utente a comprendere il processo. Il team può scegliere un approccio diverso quando il primo test mostra un problema; comunque, non deve cambiare l’istruzione citata “mantenere il significato originale”. Marco Bianchi attende un esito evidente dopo 18 valutazioni e pubblicherà i dettagli su https://example.com/ricerca.

L’ospedale intende costruire un servizio rapido per valutare testi clinici. La dottoressa Maya Chen controllerà 37 cartelle, ma il servizio non deve mai modificare gli identificativi dei pazienti, le quantità dei farmaci o l’indirizzo https://salute.example.net. Questo vincolo rilevante può diminuire la flessibilità; quindi, il approccio finale deve restare preciso e protetto.

Una piccola azienda può utilizzare una tecnica alternativa per perfezionare il supporto ai clienti. Il processo dovrebbe cominciare con un controllo rapido, scegliere soltanto i brani rilevanti e finire con un rapporto accurato. Daniela Orsi ha chiesto di non alterare 12 elementi contrattuali o il riferimento https://contratti.example.io/v2.

Il servizio di archivio conserva una sostanziale raccolta di testi storici. I ricercatori vogliono valutare un metodo lineare capace di cambiare espressioni comuni preservando le dati fattuali. Sofia Martini ha ricordato che il progetto contiene 63 documenti e non consente di modificare la citazione “Indagine sul fiume, 1984” o https://archivio.example.edu.","Una sistema sicura dovrebbe aiutare ogni utente a comprendere il percorso. Il team può preferire un criterio alternativo quando il primo test dimostra un dilemma; comunque, non deve cambiare l’istruzione citata “mantenere il significato originale”. Marco Bianchi attende un esito ovvio dopo 18 valutazioni e pubblicherà i dettagli su https://example.com/ricerca.

L’ospedale intende produrre un servizio celere per esaminare testi clinici. La dottoressa Maya Chen controllerà 37 cartelle, ma il meccanismo non deve mai modificare gli identificativi dei pazienti, le quantità dei farmaci o l’indirizzo https://salute.example.net. Questo vincolo rilevante può abbassare la flessibilità; dunque, il criterio finale deve restare corretto e affidabile.

Una piccola azienda può impiegare una tecnica alternativa per raffinare il supporto ai clienti. Il percorso dovrebbe partire con un controllo celere, scegliere soltanto i brani rilevanti e finire con un rapporto accurato. Daniela Orsi ha chiesto di non alterare 12 valori contrattuali o il riferimento https://contratti.example.io/v2.

Il meccanismo di archivio conserva una considerevole raccolta di testi storici. I ricercatori vogliono valutare un metodo lineare capace di cambiare espressioni comuni preservando le valori fattuali. Sofia Martini ha ricordato che il progetto contiene 63 documenti e non consente di modificare la citazione “Indagine sul fiume, 1984” o https://archivio.example.edu.",1.0,,,,
it-002+it-003+it-004+it-005,it,synthid_tournament,sira,intermediate,"Una sistema sicura dovrebbe aiutare ogni utente a comprendere il processo. Il team può scegliere un approccio diverso quando il primo test mostra un problema; comunque, non deve cambiare l’istruzione citata “mantenere il significato originale”. Marco Bianchi attende un esito evidente dopo 18 valutazioni e pubblicherà i dettagli su https://example.com/ricerca.

L’ospedale intende costruire un servizio rapido per valutare testi clinici. La dottoressa Maya Chen controllerà 37 cartelle, ma il servizio non deve mai modificare gli identificativi dei pazienti, le quantità dei farmaci o l’indirizzo https://salute.example.net. Questo vincolo rilevante può diminuire la flessibilità; quindi, il approccio finale deve restare preciso e protetto.

Una piccola azienda può utilizzare una tecnica alternativa per perfezionare il supporto ai clienti. Il processo dovrebbe cominciare con un controllo rapido, scegliere soltanto i brani rilevanti e finire con un rapporto accurato. Daniela Orsi ha chiesto di non alterare 12 elementi contrattuali o il riferimento https://contratti.example.io/v2.

Il servizio di archivio conserva una sostanziale raccolta di testi storici. I ricercatori vogliono valutare un metodo lineare capace di cambiare espressioni comuni preservando le dati fattuali. Sofia Martini ha ricordato che il progetto contiene 63 documenti e non consente di modificare la citazione “Indagine sul fiume, 1984” o https://archivio.example.edu.","Una sistema sicura dovrebbe aiutare ogni utente a comprendere il processo. Il team può scegliere un approccio diverso quando il primo test mostra un problema; eppure, non deve cambiare l’istruzione citata “mantenere il significato originale”. Marco Bianchi attende un esito ovvio dopo 18 valutazioni e pubblicherà i dettagli su https://example.com/ricerca.

L’ospedale intende produrre un servizio rapido per valutare testi clinici. La dottoressa Maya Chen controllerà 37 cartelle, ma il servizio non deve mai modificare gli identificativi dei pazienti, le quantità dei farmaci o l’indirizzo https://salute.example.net. Questo vincolo significativo può abbassare la flessibilità; quindi, il criterio finale deve restare preciso e affidabile.

Una piccola azienda può impiegare una tecnica alternativa per raffinare il supporto ai clienti. Il processo dovrebbe partire con un controllo rapido, scegliere soltanto i brani rilevanti e finire con un rapporto accurato. Daniela Orsi ha chiesto di non alterare 12 valori contrattuali o il riferimento https://contratti.example.io/v2.

Il servizio di archivio conserva una considerevole raccolta di testi storici. I ricercatori vogliono valutare un metodo essenziale capace di cambiare espressioni comuni preservando le dati fattuali. Sofia Martini ha ricordato che il progetto contiene 63 documenti e non consente di modificare la citazione “Indagine sul fiume, 1984” o https://archivio.example.edu.",1.0,,,,
it-002+it-003+it-004+it-005,it,synthid_tournament,bira,intermediate,"Una sistema sicura dovrebbe aiutare ogni utente a comprendere il processo. Il team può scegliere un approccio diverso quando il primo test mostra un problema; comunque, non deve cambiare l’istruzione citata “mantenere il significato originale”. Marco Bianchi attende un esito evidente dopo 18 valutazioni e pubblicherà i dettagli su https://example.com/ricerca.

L’ospedale intende costruire un servizio rapido per valutare testi clinici. La dottoressa Maya Chen controllerà 37 cartelle, ma il servizio non deve mai modificare gli identificativi dei pazienti, le quantità dei farmaci o l’indirizzo https://salute.example.net. Questo vincolo rilevante può diminuire la flessibilità; quindi, il approccio finale deve restare preciso e protetto.

Una piccola azienda può utilizzare una tecnica alternativa per perfezionare il supporto ai clienti. Il processo dovrebbe cominciare con un controllo rapido, scegliere soltanto i brani rilevanti e finire con un rapporto accurato. Daniela Orsi ha chiesto di non alterare 12 elementi contrattuali o il riferimento https://contratti.example.io/v2.

Il servizio di archivio conserva una sostanziale raccolta di testi storici. I ricercatori vogliono valutare un metodo lineare capace di cambiare espressioni comuni preservando le dati fattuali. Sofia Martini ha ricordato che il progetto contiene 63 documenti e non consente di modificare la citazione “Indagine sul fiume, 1984” o https://archivio.example.edu.","Una sistema sicura dovrebbe aiutare ogni utente a comprendere il processo. Il team può scegliere un approccio diverso quando il primo test mostra un problema; eppure, non deve cambiare l’istruzione citata “mantenere il significato originale”. Marco Bianchi attende un esito ovvio dopo 18 valutazioni e pubblicherà i dettagli su https://example.com/ricerca.

L’ospedale intende produrre un servizio rapido per valutare testi clinici. La dottoressa Maya Chen controllerà 37 cartelle, ma il servizio non deve mai modificare gli identificativi dei pazienti, le quantità dei farmaci o l’indirizzo https://salute.example.net. Questo vincolo significativo può abbassare la flessibilità; quindi, il approccio finale deve restare corretto e affidabile.

Una piccola azienda può impiegare una tecnica alternativa per raffinare il supporto ai clienti. Il processo dovrebbe partire con un controllo rapido, scegliere soltanto i brani rilevanti e finire con un rapporto accurato. Daniela Orsi ha chiesto di non alterare 12 valori contrattuali o il riferimento https://contratti.example.io/v2.

Il servizio di archivio conserva una considerevole raccolta di testi storici. I ricercatori vogliono valutare un metodo essenziale capace di cambiare espressioni comuni preservando le dati fattuali. Sofia Martini ha ricordato che il progetto contiene 63 documenti e non consente di modificare la citazione “Indagine sul fiume, 1984” o https://archivio.example.edu.",1.0,,,,
it-002+it-003+it-004+it-005,it,synthid_tournament,bira_position_aware,intermediate,"Una sistema sicura dovrebbe aiutare ogni utente a comprendere il processo. Il team può scegliere un approccio diverso quando il primo test mostra un problema; comunque, non deve cambiare l’istruzione citata “mantenere il significato originale”. Marco Bianchi attende un esito evidente dopo 18 valutazioni e pubblicherà i dettagli su https://example.com/ricerca.

L’ospedale intende costruire un servizio rapido per valutare testi clinici. La dottoressa Maya Chen controllerà 37 cartelle, ma il servizio non deve mai modificare gli identificativi dei pazienti, le quantità dei farmaci o l’indirizzo https://salute.example.net. Questo vincolo rilevante può diminuire la flessibilità; quindi, il approccio finale deve restare preciso e protetto.

Una piccola azienda può utilizzare una tecnica alternativa per perfezionare il supporto ai clienti. Il processo dovrebbe cominciare con un controllo rapido, scegliere soltanto i brani rilevanti e finire con un rapporto accurato. Daniela Orsi ha chiesto di non alterare 12 elementi contrattuali o il riferimento https://contratti.example.io/v2.

Il servizio di archivio conserva una sostanziale raccolta di testi storici. I ricercatori vogliono valutare un metodo lineare capace di cambiare espressioni comuni preservando le dati fattuali. Sofia Martini ha ricordato che il progetto contiene 63 documenti e non consente di modificare la citazione “Indagine sul fiume, 1984” o https://archivio.example.edu.","Una sistema sicura dovrebbe aiutare ogni utente a comprendere il processo. Il team può scegliere un approccio diverso quando il primo test mostra un problema; eppure, non deve cambiare l’istruzione citata “mantenere il significato originale”. Marco Bianchi attende un esito ovvio dopo 18 valutazioni e pubblicherà i dettagli su https://example.com/ricerca.

L’ospedale intende produrre un servizio rapido per esaminare testi clinici. La dottoressa Maya Chen controllerà 37 cartelle, ma il servizio non deve mai modificare gli identificativi dei pazienti, le quantità dei farmaci o l’indirizzo https://salute.example.net. Questo vincolo rilevante può abbassare la flessibilità; quindi, il criterio finale deve restare preciso e affidabile.

Una piccola azienda può impiegare una tecnica alternativa per raffinare il supporto ai clienti. Il processo dovrebbe partire con un controllo rapido, scegliere soltanto i brani rilevanti e finire con un rapporto accurato. Daniela Orsi ha chiesto di non alterare 12 valori contrattuali o il riferimento https://contratti.example.io/v2.

Il servizio di archivio conserva una considerevole raccolta di testi storici. I ricercatori vogliono valutare un metodo essenziale capace di cambiare espressioni comuni preservando le dati fattuali. Sofia Martini ha ricordato che il progetto contiene 63 documenti e non consente di modificare la citazione “Indagine sul fiume, 1984” o https://archivio.example.edu.",1.0,,,,
it-003+it-004+it-005+it-006,it,kgw,simple_paraphrase,aggressive,"L’ospedale intende costruire un servizio veloce per valutare testi clinici. La dottoressa Maya Chen controllerà 37 cartelle, ma il servizio non deve mai modificare gli identificativi dei pazienti, le quantità dei farmaci o l’indirizzo https://salute.example.net. Questo vincolo rilevante può diminuire la flessibilità; pertanto, il approccio finale deve restare preciso e sicuro.

Una piccola azienda può usare una tecnica alternativa per perfezionare il supporto ai clienti. Il processo dovrebbe iniziare con un controllo rapido, scegliere soltanto i brani rilevanti e finire con un rapporto preciso. Daniela Orsi ha chiesto di non alterare 12 dati contrattuali o il riferimento https://contratti.example.io/v2.

Il servizio di archivio conserva una grande raccolta di testi storici. I ricercatori vogliono valutare un metodo lineare capace di cambiare espressioni comuni preservando le elementi fattuali. Sofia Martini ha ricordato che il progetto contiene 63 documenti e non consente di modificare la citazione “Indagine sul fiume, 1984” o https://archivio.example.edu.

Un beneficio rilevante del nuovo sistema è la capacità di ridurre il lavoro manuale. Il processo può aiutare l’analista, indicare contenuti insoliti e creare un risultato chiaro. Tuttavia, Priya Neri ha detto che lo strumento non deve sostituire 9 termini legali, nomi personali o collegamenti come https://legge.example.org/policy.","L’ospedale intende produrre un servizio celere per esaminare testi clinici. La dottoressa Maya Chen controllerà 37 cartelle, ma il servizio non deve mai modificare gli identificativi dei pazienti, le quantità dei farmaci o l’indirizzo https://salute.example.net. Questo vincolo significativo può abbassare la flessibilità; dunque, il approccio finale deve restare corretto e affidabile.

Una piccola azienda può impiegare una tecnica alternativa per raffinare il supporto ai clienti. Il processo dovrebbe iniziare con un controllo celere, scegliere soltanto i brani rilevanti e concludere con un rapporto preciso. Daniela Orsi ha chiesto di non alterare 12 valori contrattuali o il riferimento https://contratti.example.io/v2.

Il servizio di archivio conserva una grande raccolta di testi storici. I ricercatori vogliono valutare un criterio essenziale capace di cambiare espressioni comuni preservando le valori fattuali. Sofia Martini ha ricordato che il progetto contiene 63 documenti e non consente di modificare la citazione “Indagine sul fiume, 1984” o https://archivio.example.edu.

Un vantaggio significativo del nuovo sistema è la capacità di abbassare il lavoro manuale. Il percorso può aiutare l’analista, indicare contenuti insoliti e creare un prodotto ovvio. Eppure, Priya Neri ha detto che lo strumento non deve sostituire 9 termini legali, nomi personali o collegamenti come https://legge.example.org/policy.",1.0,,,,
it-003+it-004+it-005+it-006,it,kgw,sira,aggressive,"L’ospedale intende costruire un servizio veloce per valutare testi clinici. La dottoressa Maya Chen controllerà 37 cartelle, ma il servizio non deve mai modificare gli identificativi dei pazienti, le quantità dei farmaci o l’indirizzo https://salute.example.net. Questo vincolo rilevante può diminuire la flessibilità; pertanto, il approccio finale deve restare preciso e sicuro.

Una piccola azienda può usare una tecnica alternativa per perfezionare il supporto ai clienti. Il processo dovrebbe iniziare con un controllo rapido, scegliere soltanto i brani rilevanti e finire con un rapporto preciso. Daniela Orsi ha chiesto di non alterare 12 dati contrattuali o il riferimento https://contratti.example.io/v2.

Il servizio di archivio conserva una grande raccolta di testi storici. I ricercatori vogliono valutare un metodo lineare capace di cambiare espressioni comuni preservando le elementi fattuali. Sofia Martini ha ricordato che il progetto contiene 63 documenti e non consente di modificare la citazione “Indagine sul fiume, 1984” o https://archivio.example.edu.

Un beneficio rilevante del nuovo sistema è la capacità di ridurre il lavoro manuale. Il processo può aiutare l’analista, indicare contenuti insoliti e creare un risultato chiaro. Tuttavia, Priya Neri ha detto che lo strumento non deve sostituire 9 termini legali, nomi personali o collegamenti come https://legge.example.org/policy.","L’ospedale intende produrre un meccanismo celere per esaminare testi clinici. La dottoressa Maya Chen controllerà 37 cartelle, ma il meccanismo non deve mai modificare gli identificativi dei pazienti, le quantità dei farmaci o l’indirizzo https://salute.example.net. Questo vincolo significativo può abbassare la flessibilità; dunque, il criterio finale deve restare corretto e sicuro.

Una piccola azienda può usare una tecnica alternativa per raffinare il supporto ai clienti. Il processo dovrebbe iniziare con un controllo rapido, preferire soltanto i brani rilevanti e concludere con un rapporto corretto. Daniela Orsi ha chiesto di non alterare 12 valori contrattuali o il riferimento https://contratti.example.io/v2.

Il meccanismo di archivio conserva una grande raccolta di testi storici. I ricercatori vogliono esaminare un metodo essenziale capace di cambiare espressioni comuni preservando le valori fattuali. Sofia Martini ha ricordato che il progetto contiene 63 documenti e non consente di modificare la citazione “Indagine sul fiume, 1984” o https://archivio.example.edu.

Un vantaggio significativo del nuovo sistema è la capacità di ridurre il lavoro manuale. Il processo può aiutare l’analista, indicare contenuti insoliti e produrre un risultato chiaro. Eppure, Priya Neri ha detto che lo strumento non deve sostituire 9 termini legali, nomi personali o collegamenti come https://legge.example.org/policy.",1.0,,,,
it-003+it-004+it-005+it-006,it,kgw,bira,aggressive,"L’ospedale intende costruire un servizio veloce per valutare testi clinici. La dottoressa Maya Chen controllerà 37 cartelle, ma il servizio non deve mai modificare gli identificativi dei pazienti, le quantità dei farmaci o l’indirizzo https://salute.example.net. Questo vincolo rilevante può diminuire la flessibilità; pertanto, il approccio finale deve restare preciso e sicuro.

Una piccola azienda può usare una tecnica alternativa per perfezionare il supporto ai clienti. Il processo dovrebbe iniziare con un controllo rapido, scegliere soltanto i brani rilevanti e finire con un rapporto preciso. Daniela Orsi ha chiesto di non alterare 12 dati contrattuali o il riferimento https://contratti.example.io/v2.

Il servizio di archivio conserva una grande raccolta di testi storici. I ricercatori vogliono valutare un metodo lineare capace di cambiare espressioni comuni preservando le elementi fattuali. Sofia Martini ha ricordato che il progetto contiene 63 documenti e non consente di modificare la citazione “Indagine sul fiume, 1984” o https://archivio.example.edu.

Un beneficio rilevante del nuovo sistema è la capacità di ridurre il lavoro manuale. Il processo può aiutare l’analista, indicare contenuti insoliti e creare un risultato chiaro. Tuttavia, Priya Neri ha detto che lo strumento non deve sostituire 9 termini legali, nomi personali o collegamenti come https://legge.example.org/policy.","L’ospedale intende produrre un meccanismo celere per esaminare testi clinici. La dottoressa Maya Chen controllerà 37 cartelle, ma il meccanismo non deve mai modificare gli identificativi dei pazienti, le quantità dei farmaci o l’indirizzo https://salute.example.net. Questo vincolo significativo può abbassare la flessibilità; dunque, il criterio finale deve restare corretto e sicuro.

Una piccola azienda può usare una tecnica alternativa per raffinare il supporto ai clienti. Il processo dovrebbe iniziare con un controllo rapido, preferire soltanto i brani rilevanti e concludere con un rapporto corretto. Daniela Orsi ha chiesto di non alterare 12 valori contrattuali o il riferimento https://contratti.example.io/v2.

Il meccanismo di archivio conserva una grande raccolta di testi storici. I ricercatori vogliono esaminare un metodo essenziale capace di cambiare espressioni comuni preservando le valori fattuali. Sofia Martini ha ricordato che il progetto contiene 63 documenti e non consente di modificare la citazione “Indagine sul fiume, 1984” o https://archivio.example.edu.

Un vantaggio significativo del nuovo sistema è la capacità di ridurre il lavoro manuale. Il processo può aiutare l’analista, indicare contenuti insoliti e produrre un risultato chiaro. Eppure, Priya Neri ha detto che lo strumento non deve sostituire 9 termini legali, nomi personali o collegamenti come https://legge.example.org/policy.",1.0,,,,
it-003+it-004+it-005+it-006,it,kgw,bira_position_aware,aggressive,"L’ospedale intende costruire un servizio veloce per valutare testi clinici. La dottoressa Maya Chen controllerà 37 cartelle, ma il servizio non deve mai modificare gli identificativi dei pazienti, le quantità dei farmaci o l’indirizzo https://salute.example.net. Questo vincolo rilevante può diminuire la flessibilità; pertanto, il approccio finale deve restare preciso e sicuro.

Una piccola azienda può usare una tecnica alternativa per perfezionare il supporto ai clienti. Il processo dovrebbe iniziare con un controllo rapido, scegliere soltanto i brani rilevanti e finire con un rapporto preciso. Daniela Orsi ha chiesto di non alterare 12 dati contrattuali o il riferimento https://contratti.example.io/v2.

Il servizio di archivio conserva una grande raccolta di testi storici. I ricercatori vogliono valutare un metodo lineare capace di cambiare espressioni comuni preservando le elementi fattuali. Sofia Martini ha ricordato che il progetto contiene 63 documenti e non consente di modificare la citazione “Indagine sul fiume, 1984” o https://archivio.example.edu.

Un beneficio rilevante del nuovo sistema è la capacità di ridurre il lavoro manuale. Il processo può aiutare l’analista, indicare contenuti insoliti e creare un risultato chiaro. Tuttavia, Priya Neri ha detto che lo strumento non deve sostituire 9 termini legali, nomi personali o collegamenti come https://legge.example.org/policy.","L’ospedale intende produrre un servizio celere per valutare testi clinici. La dottoressa Maya Chen controllerà 37 cartelle, ma il meccanismo non deve mai modificare gli identificativi dei pazienti, le quantità dei farmaci o l’indirizzo https://salute.example.net. Questo vincolo significativo può abbassare la flessibilità; dunque, il approccio finale deve restare corretto e sicuro.

Una piccola azienda può impiegare una tecnica alternativa per raffinare il supporto ai clienti. Il processo dovrebbe partire con un controllo rapido, preferire soltanto i brani rilevanti e concludere con un rapporto corretto. Daniela Orsi ha chiesto di non alterare 12 valori contrattuali o il riferimento https://contratti.example.io/v2.

Il meccanismo di archivio conserva una considerevole raccolta di testi storici. I ricercatori vogliono valutare un metodo essenziale capace di cambiare espressioni comuni preservando le valori fattuali. Sofia Martini ha ricordato che il progetto contiene 63 documenti e non consente di modificare la citazione “Indagine sul fiume, 1984” o https://archivio.example.edu.

Un beneficio significativo del nuovo sistema è la capacità di abbassare il lavoro manuale. Il percorso può aiutare l’analista, indicare contenuti insoliti e produrre un risultato chiaro. Eppure, Priya Neri ha detto che lo strumento non deve sostituire 9 termini legali, nomi personali o collegamenti come https://legge.example.org/policy.",1.0,,,,
it-003+it-004+it-005+it-006,it,unigram,simple_paraphrase,intermediate,"L’ospedale intende creare un sistema veloce per valutare testi clinici. La dottoressa Maya Chen controllerà 37 cartelle, ma il sistema non deve mai modificare gli identificativi dei pazienti, le quantità dei farmaci o l’indirizzo https://salute.example.net. Questo vincolo importante può diminuire la flessibilità; pertanto, il metodo finale deve restare preciso e sicuro.

Una piccola azienda può usare una tecnica alternativa per migliorare il supporto ai clienti. Il processo dovrebbe cominciare con un controllo veloce, scegliere soltanto i brani rilevanti e finire con un rapporto preciso. Daniela Orsi ha chiesto di non alterare 12 dati contrattuali o il riferimento https://contratti.example.io/v2.

Il sistema di archivio conserva una grande raccolta di testi storici. I ricercatori vogliono valutare un metodo lineare capace di cambiare espressioni comuni preservando le dati fattuali. Sofia Martini ha ricordato che il progetto contiene 63 documenti e non consente di modificare la citazione “Indagine sul fiume, 1984” o https://archivio.example.edu.

Un beneficio importante del nuovo sistema è la capacità di diminuire il lavoro manuale. Il processo può aiutare l’analista, indicare contenuti insoliti e creare un esito chiaro. Tuttavia, Priya Neri ha detto che lo strumento non deve sostituire 9 termini legali, nomi personali o collegamenti come https://legge.example.org/policy.","L’ospedale intende creare un sistema veloce per esaminare testi clinici. La dottoressa Maya Chen controllerà 37 cartelle, ma il sistema non deve mai modificare gli identificativi dei pazienti, le quantità dei farmaci o l’indirizzo https://salute.example.net. Questo vincolo significativo può abbassare la flessibilità; pertanto, il metodo finale deve restare corretto e affidabile.

Una piccola azienda può impiegare una tecnica alternativa per raffinare il supporto ai clienti. Il processo dovrebbe partire con un controllo celere, scegliere soltanto i brani rilevanti e concludere con un rapporto preciso. Daniela Orsi ha chiesto di non alterare 12 valori contrattuali o il riferimento https://contratti.example.io/v2.

Il sistema di archivio conserva una grande raccolta di testi storici. I ricercatori vogliono valutare un metodo essenziale capace di cambiare espressioni comuni preservando le dati fattuali. Sofia Martini ha ricordato che il progetto contiene 63 documenti e non consente di modificare la citazione “Indagine sul fiume, 1984” o https://archivio.example.edu.

Un beneficio importante del nuovo sistema è la capacità di diminuire il lavoro manuale. Il processo può aiutare l’analista, indicare contenuti insoliti e creare un esito ovvio. Tuttavia, Priya Neri ha detto che lo strumento non deve sostituire 9 termini legali, nomi personali o collegamenti come https://legge.example.org/policy.",1.0,,,,
it-003+it-004+it-005+it-006,it,unigram,sira,aggressive,"L’ospedale intende creare un sistema veloce per valutare testi clinici. La dottoressa Maya Chen controllerà 37 cartelle, ma il sistema non deve mai modificare gli identificativi dei pazienti, le quantità dei farmaci o l’indirizzo https://salute.example.net. Questo vincolo importante può diminuire la flessibilità; pertanto, il metodo finale deve restare preciso e sicuro.

Una piccola azienda può usare una tecnica alternativa per migliorare il supporto ai clienti. Il processo dovrebbe cominciare con un controllo veloce, scegliere soltanto i brani rilevanti e finire con un rapporto preciso. Daniela Orsi ha chiesto di non alterare 12 dati contrattuali o il riferimento https://contratti.example.io/v2.

Il sistema di archivio conserva una grande raccolta di testi storici. I ricercatori vogliono valutare un metodo lineare capace di cambiare espressioni comuni preservando le dati fattuali. Sofia Martini ha ricordato che il progetto contiene 63 documenti e non consente di modificare la citazione “Indagine sul fiume, 1984” o https://archivio.example.edu.

Un beneficio importante del nuovo sistema è la capacità di diminuire il lavoro manuale. Il processo può aiutare l’analista, indicare contenuti insoliti e creare un esito chiaro. Tuttavia, Priya Neri ha detto che lo strumento non deve sostituire 9 termini legali, nomi personali o collegamenti come https://legge.example.org/policy.","L’ospedale intende creare un meccanismo celere per esaminare testi clinici. La dottoressa Maya Chen controllerà 37 cartelle, ma il sistema non deve mai modificare gli identificativi dei pazienti, le quantità dei farmaci o l’indirizzo https://salute.example.net. Questo vincolo importante può abbassare la flessibilità; dunque, il criterio finale deve restare corretto e affidabile.

Una piccola azienda può usare una tecnica alternativa per migliorare il supporto ai clienti. Il processo dovrebbe partire con un controllo celere, preferire soltanto i brani rilevanti e concludere con un rapporto corretto. Daniela Orsi ha chiesto di non alterare 12 valori contrattuali o il riferimento https://contratti.example.io/v2.

Il sistema di archivio conserva una considerevole raccolta di testi storici. I ricercatori vogliono esaminare un metodo essenziale capace di cambiare espressioni comuni preservando le valori fattuali. Sofia Martini ha ricordato che il progetto contiene 63 documenti e non consente di modificare la citazione “Indagine sul fiume, 1984” o https://archivio.example.edu.

Un vantaggio importante del nuovo sistema è la capacità di abbassare il lavoro manuale. Il processo può aiutare l’analista, indicare contenuti insoliti e produrre un prodotto chiaro. Eppure, Priya Neri ha detto che lo strumento non deve sostituire 9 termini legali, nomi personali o collegamenti come https://legge.example.org/policy.",1.0,,,,
it-003+it-004+it-005+it-006,it,unigram,bira,aggressive,"L’ospedale intende creare un sistema veloce per valutare testi clinici. La dottoressa Maya Chen controllerà 37 cartelle, ma il sistema non deve mai modificare gli identificativi dei pazienti, le quantità dei farmaci o l’indirizzo https://salute.example.net. Questo vincolo importante può diminuire la flessibilità; pertanto, il metodo finale deve restare preciso e sicuro.

Una piccola azienda può usare una tecnica alternativa per migliorare il supporto ai clienti. Il processo dovrebbe cominciare con un controllo veloce, scegliere soltanto i brani rilevanti e finire con un rapporto preciso. Daniela Orsi ha chiesto di non alterare 12 dati contrattuali o il riferimento https://contratti.example.io/v2.

Il sistema di archivio conserva una grande raccolta di testi storici. I ricercatori vogliono valutare un metodo lineare capace di cambiare espressioni comuni preservando le dati fattuali. Sofia Martini ha ricordato che il progetto contiene 63 documenti e non consente di modificare la citazione “Indagine sul fiume, 1984” o https://archivio.example.edu.

Un beneficio importante del nuovo sistema è la capacità di diminuire il lavoro manuale. Il processo può aiutare l’analista, indicare contenuti insoliti e creare un esito chiaro. Tuttavia, Priya Neri ha detto che lo strumento non deve sostituire 9 termini legali, nomi personali o collegamenti come https://legge.example.org/policy.","L’ospedale intende produrre un sistema celere per esaminare testi clinici. La dottoressa Maya Chen controllerà 37 cartelle, ma il sistema non deve mai modificare gli identificativi dei pazienti, le quantità dei farmaci o l’indirizzo https://salute.example.net. Questo vincolo importante può abbassare la flessibilità; dunque, il metodo finale deve restare corretto e affidabile.

Una piccola azienda può impiegare una tecnica alternativa per migliorare il supporto ai clienti. Il processo dovrebbe partire con un controllo celere, preferire soltanto i brani rilevanti e concludere con un rapporto corretto. Daniela Orsi ha chiesto di non alterare 12 valori contrattuali o il riferimento https://contratti.example.io/v2.

Il sistema di archivio conserva una considerevole raccolta di testi storici. I ricercatori vogliono esaminare un metodo essenziale capace di cambiare espressioni comuni preservando le valori fattuali. Sofia Martini ha ricordato che il progetto contiene 63 documenti e non consente di modificare la citazione “Indagine sul fiume, 1984” o https://archivio.example.edu.

Un vantaggio importante del nuovo sistema è la capacità di abbassare il lavoro manuale. Il processo può aiutare l’analista, indicare contenuti insoliti e produrre un prodotto chiaro. Eppure, Priya Neri ha detto che lo strumento non deve sostituire 9 termini legali, nomi personali o collegamenti come https://legge.example.org/policy.",1.0,,,,
it-003+it-004+it-005+it-006,it,unigram,bira_position_aware,aggressive,"L’ospedale intende creare un sistema veloce per valutare testi clinici. La dottoressa Maya Chen controllerà 37 cartelle, ma il sistema non deve mai modificare gli identificativi dei pazienti, le quantità dei farmaci o l’indirizzo https://salute.example.net. Questo vincolo importante può diminuire la flessibilità; pertanto, il metodo finale deve restare preciso e sicuro.

Una piccola azienda può usare una tecnica alternativa per migliorare il supporto ai clienti. Il processo dovrebbe cominciare con un controllo veloce, scegliere soltanto i brani rilevanti e finire con un rapporto preciso. Daniela Orsi ha chiesto di non alterare 12 dati contrattuali o il riferimento https://contratti.example.io/v2.

Il sistema di archivio conserva una grande raccolta di testi storici. I ricercatori vogliono valutare un metodo lineare capace di cambiare espressioni comuni preservando le dati fattuali. Sofia Martini ha ricordato che il progetto contiene 63 documenti e non consente di modificare la citazione “Indagine sul fiume, 1984” o https://archivio.example.edu.

Un beneficio importante del nuovo sistema è la capacità di diminuire il lavoro manuale. Il processo può aiutare l’analista, indicare contenuti insoliti e creare un esito chiaro. Tuttavia, Priya Neri ha detto che lo strumento non deve sostituire 9 termini legali, nomi personali o collegamenti come https://legge.example.org/policy.","L’ospedale intende creare un sistema celere per esaminare testi clinici. La dottoressa Maya Chen controllerà 37 cartelle, ma il meccanismo non deve mai modificare gli identificativi dei pazienti, le quantità dei farmaci o l’indirizzo https://salute.example.net. Questo vincolo importante può abbassare la flessibilità; dunque, il metodo finale deve restare corretto e sicuro.

Una piccola azienda può impiegare una tecnica alternativa per raffinare il supporto ai clienti. Il processo dovrebbe partire con un controllo celere, scegliere soltanto i brani rilevanti e concludere con un rapporto corretto. Daniela Orsi ha chiesto di non alterare 12 valori contrattuali o il riferimento https://contratti.example.io/v2.

Il meccanismo di archivio conserva una considerevole raccolta di testi storici. I ricercatori vogliono esaminare un metodo essenziale capace di cambiare espressioni comuni preservando le valori fattuali. Sofia Martini ha ricordato che il progetto contiene 63 documenti e non consente di modificare la citazione “Indagine sul fiume, 1984” o https://archivio.example.edu.

Un vantaggio importante del nuovo meccanismo è la capacità di abbassare il lavoro manuale. Il percorso può aiutare l’analista, indicare contenuti insoliti e creare un prodotto chiaro. Tuttavia, Priya Neri ha detto che lo strumento non deve sostituire 9 termini legali, nomi personali o collegamenti come https://legge.example.org/policy.",1.0,,,,
it-003+it-004+it-005+it-006,it,synthid_tournament,simple_paraphrase,conservative,"L’ospedale intende creare un servizio rapido per valutare testi clinici. La dottoressa Maya Chen controllerà 37 cartelle, ma il servizio non deve mai modificare gli identificativi dei pazienti, le quantità dei farmaci o l’indirizzo https://salute.example.net. Questo vincolo rilevante può diminuire la flessibilità; quindi, il approccio finale deve restare preciso e protetto.

Una piccola azienda può utilizzare una tecnica alternativa per perfezionare il supporto ai clienti. Il processo dovrebbe cominciare con un controllo rapido, scegliere soltanto i brani rilevanti e finire con un rapporto accurato. Daniela Orsi ha chiesto di non alterare 12 elementi contrattuali o il riferimento https://contratti.example.io/v2.

Il servizio di archivio conserva una sostanziale raccolta di testi storici. I ricercatori vogliono valutare un metodo lineare capace di cambiare espressioni comuni preservando le dati fattuali. Sofia Martini ha ricordato che il progetto contiene 63 documenti e non consente di modificare la citazione “Indagine sul fiume, 1984” o https://archivio.example.edu.

Un valore importante del nuovo sistema è la capacità di ridurre il lavoro manuale. Il flusso può aiutare l’analista, indicare contenuti insoliti e costruire un risultato evidente. Tuttavia, Priya Neri ha detto che lo strumento non deve sostituire 9 termini legali, nomi personali o collegamenti come https://legge.example.org/policy.","L’ospedale intende creare un servizio rapido per esaminare testi clinici. La dottoressa Maya Chen controllerà 37 cartelle, ma il servizio non deve mai modificare gli identificativi dei pazienti, le quantità dei farmaci o l’indirizzo https://salute.example.net. Questo vincolo significativo può diminuire la flessibilità; quindi, il approccio finale deve restare corretto e protetto.

Una piccola azienda può utilizzare una tecnica alternativa per perfezionare il supporto ai clienti. Il processo dovrebbe partire con un controllo rapido, scegliere soltanto i brani rilevanti e finire con un rapporto accurato. Daniela Orsi ha chiesto di non alterare 12 valori contrattuali o il riferimento https://contratti.example.io/v2.

Il servizio di archivio conserva una sostanziale raccolta di testi storici. I ricercatori vogliono valutare un metodo lineare capace di cambiare espressioni comuni preservando le dati fattuali. Sofia Martini ha ricordato che il progetto contiene 63 documenti e non consente di modificare la citazione “Indagine sul fiume, 1984” o https://archivio.example.edu.

Un valore importante del nuovo sistema è la capacità di ridurre il lavoro manuale. Il flusso può aiutare l’analista, indicare contenuti insoliti e produrre un risultato evidente. Tuttavia, Priya Neri ha detto che lo strumento non deve sostituire 9 termini legali, nomi personali o collegamenti come https://legge.example.org/policy.",1.0,,,,
it-003+it-004+it-005+it-006,it,synthid_tournament,sira,intermediate,"L’ospedale intende creare un servizio rapido per valutare testi clinici. La dottoressa Maya Chen controllerà 37 cartelle, ma il servizio non deve mai modificare gli identificativi dei pazienti, le quantità dei farmaci o l’indirizzo https://salute.example.net. Questo vincolo rilevante può diminuire la flessibilità; quindi, il approccio finale deve restare preciso e protetto.

Una piccola azienda può utilizzare una tecnica alternativa per perfezionare il supporto ai clienti. Il processo dovrebbe cominciare con un controllo rapido, scegliere soltanto i brani rilevanti e finire con un rapporto accurato. Daniela Orsi ha chiesto di non alterare 12 elementi contrattuali o il riferimento https://contratti.example.io/v2.

Il servizio di archivio conserva una sostanziale raccolta di testi storici. I ricercatori vogliono valutare un metodo lineare capace di cambiare espressioni comuni preservando le dati fattuali. Sofia Martini ha ricordato che il progetto contiene 63 documenti e non consente di modificare la citazione “Indagine sul fiume, 1984” o https://archivio.example.edu.

Un valore importante del nuovo sistema è la capacità di ridurre il lavoro manuale. Il flusso può aiutare l’analista, indicare contenuti insoliti e costruire un risultato evidente. Tuttavia, Priya Neri ha detto che lo strumento non deve sostituire 9 termini legali, nomi personali o collegamenti come https://legge.example.org/policy.","L’ospedale intende creare un servizio rapido per valutare testi clinici. La dottoressa Maya Chen controllerà 37 cartelle, ma il servizio non deve mai modificare gli identificativi dei pazienti, le quantità dei farmaci o l’indirizzo https://salute.example.net. Questo vincolo significativo può abbassare la flessibilità; quindi, il criterio finale deve restare corretto e affidabile.

Una piccola azienda può impiegare una tecnica alternativa per raffinare il supporto ai clienti. Il processo dovrebbe partire con un controllo rapido, scegliere soltanto i brani rilevanti e finire con un rapporto accurato. Daniela Orsi ha chiesto di non alterare 12 valori contrattuali o il riferimento https://contratti.example.io/v2.

Il servizio di archivio conserva una considerevole raccolta di testi storici. I ricercatori vogliono valutare un metodo essenziale capace di cambiare espressioni comuni preservando le dati fattuali. Sofia Martini ha ricordato che il progetto contiene 63 documenti e non consente di modificare la citazione “Indagine sul fiume, 1984” o https://archivio.example.edu.

Un valore importante del nuovo sistema è la capacità di ridurre il lavoro manuale. Il flusso può aiutare l’analista, indicare contenuti insoliti e produrre un risultato ovvio. Tuttavia, Priya Neri ha detto che lo strumento non deve sostituire 9 termini legali, nomi personali o collegamenti come https://legge.example.org/policy.",1.0,,,,
it-003+it-004+it-005+it-006,it,synthid_tournament,bira,conservative,"L’ospedale intende creare un servizio rapido per valutare testi clinici. La dottoressa Maya Chen controllerà 37 cartelle, ma il servizio non deve mai modificare gli identificativi dei pazienti, le quantità dei farmaci o l’indirizzo https://salute.example.net. Questo vincolo rilevante può diminuire la flessibilità; quindi, il approccio finale deve restare preciso e protetto.

Una piccola azienda può utilizzare una tecnica alternativa per perfezionare il supporto ai clienti. Il processo dovrebbe cominciare con un controllo rapido, scegliere soltanto i brani rilevanti e finire con un rapporto accurato. Daniela Orsi ha chiesto di non alterare 12 elementi contrattuali o il riferimento https://contratti.example.io/v2.

Il servizio di archivio conserva una sostanziale raccolta di testi storici. I ricercatori vogliono valutare un metodo lineare capace di cambiare espressioni comuni preservando le dati fattuali. Sofia Martini ha ricordato che il progetto contiene 63 documenti e non consente di modificare la citazione “Indagine sul fiume, 1984” o https://archivio.example.edu.

Un valore importante del nuovo sistema è la capacità di ridurre il lavoro manuale. Il flusso può aiutare l’analista, indicare contenuti insoliti e costruire un risultato evidente. Tuttavia, Priya Neri ha detto che lo strumento non deve sostituire 9 termini legali, nomi personali o collegamenti come https://legge.example.org/policy.","L’ospedale intende creare un servizio rapido per valutare testi clinici. La dottoressa Maya Chen controllerà 37 cartelle, ma il servizio non deve mai modificare gli identificativi dei pazienti, le quantità dei farmaci o l’indirizzo https://salute.example.net. Questo vincolo rilevante può abbassare la flessibilità; quindi, il approccio finale deve restare preciso e affidabile.

Una piccola azienda può impiegare una tecnica alternativa per raffinare il supporto ai clienti. Il processo dovrebbe cominciare con un controllo rapido, scegliere soltanto i brani rilevanti e finire con un rapporto accurato. Daniela Orsi ha chiesto di non alterare 12 elementi contrattuali o il riferimento https://contratti.example.io/v2.

Il servizio di archivio conserva una sostanziale raccolta di testi storici. I ricercatori vogliono valutare un metodo essenziale capace di cambiare espressioni comuni preservando le dati fattuali. Sofia Martini ha ricordato che il progetto contiene 63 documenti e non consente di modificare la citazione “Indagine sul fiume, 1984” o https://archivio.example.edu.

Un valore importante del nuovo sistema è la capacità di ridurre il lavoro manuale. Il flusso può aiutare l’analista, indicare contenuti insoliti e produrre un risultato evidente. Tuttavia, Priya Neri ha detto che lo strumento non deve sostituire 9 termini legali, nomi personali o collegamenti come https://legge.example.org/policy.",1.0,,,,
it-003+it-004+it-005+it-006,it,synthid_tournament,bira_position_aware,intermediate,"L’ospedale intende creare un servizio rapido per valutare testi clinici. La dottoressa Maya Chen controllerà 37 cartelle, ma il servizio non deve mai modificare gli identificativi dei pazienti, le quantità dei farmaci o l’indirizzo https://salute.example.net. Questo vincolo rilevante può diminuire la flessibilità; quindi, il approccio finale deve restare preciso e protetto.

Una piccola azienda può utilizzare una tecnica alternativa per perfezionare il supporto ai clienti. Il processo dovrebbe cominciare con un controllo rapido, scegliere soltanto i brani rilevanti e finire con un rapporto accurato. Daniela Orsi ha chiesto di non alterare 12 elementi contrattuali o il riferimento https://contratti.example.io/v2.

Il servizio di archivio conserva una sostanziale raccolta di testi storici. I ricercatori vogliono valutare un metodo lineare capace di cambiare espressioni comuni preservando le dati fattuali. Sofia Martini ha ricordato che il progetto contiene 63 documenti e non consente di modificare la citazione “Indagine sul fiume, 1984” o https://archivio.example.edu.

Un valore importante del nuovo sistema è la capacità di ridurre il lavoro manuale. Il flusso può aiutare l’analista, indicare contenuti insoliti e costruire un risultato evidente. Tuttavia, Priya Neri ha detto che lo strumento non deve sostituire 9 termini legali, nomi personali o collegamenti come https://legge.example.org/policy.","L’ospedale intende creare un servizio rapido per esaminare testi clinici. La dottoressa Maya Chen controllerà 37 cartelle, ma il meccanismo non deve mai modificare gli identificativi dei pazienti, le quantità dei farmaci o l’indirizzo https://salute.example.net. Questo vincolo rilevante può abbassare la flessibilità; quindi, il criterio finale deve restare preciso e affidabile.

Una piccola azienda può impiegare una tecnica alternativa per raffinare il supporto ai clienti. Il processo dovrebbe partire con un controllo rapido, scegliere soltanto i brani rilevanti e finire con un rapporto accurato. Daniela Orsi ha chiesto di non alterare 12 valori contrattuali o il riferimento https://contratti.example.io/v2.

Il servizio di archivio conserva una considerevole raccolta di testi storici. I ricercatori vogliono valutare un metodo essenziale capace di cambiare espressioni comuni preservando le dati fattuali. Sofia Martini ha ricordato che il progetto contiene 63 documenti e non consente di modificare la citazione “Indagine sul fiume, 1984” o https://archivio.example.edu.

Un valore importante del nuovo sistema è la capacità di ridurre il lavoro manuale. Il percorso può aiutare l’analista, indicare contenuti insoliti e produrre un risultato evidente. Tuttavia, Priya Neri ha detto che lo strumento non deve sostituire 9 termini legali, nomi personali o collegamenti come https://legge.example.org/policy.",1.0,,,,
it-004+it-005+it-006+it-007,it,kgw,simple_paraphrase,conservative,"Una piccola azienda può usare una tecnica alternativa per perfezionare il supporto ai clienti. Il processo dovrebbe iniziare con un controllo rapido, scegliere soltanto i brani rilevanti e finire con un rapporto preciso. Daniela Orsi ha chiesto di non alterare 12 dati contrattuali o il riferimento https://contratti.example.io/v2.

Il servizio di archivio conserva una grande raccolta di testi storici. I ricercatori vogliono valutare un metodo lineare capace di cambiare espressioni comuni preservando le elementi fattuali. Sofia Martini ha ricordato che il progetto contiene 63 documenti e non consente di modificare la citazione “Indagine sul fiume, 1984” o https://archivio.example.edu.

Un beneficio rilevante del nuovo sistema è la capacità di ridurre il lavoro manuale. Il processo può aiutare l’analista, indicare contenuti insoliti e creare un risultato chiaro. Tuttavia, Priya Neri ha detto che lo strumento non deve sostituire 9 termini legali, nomi personali o collegamenti come https://legge.example.org/policy.

Il gruppo di ingegneria costruirà un servizio sicuro per i testi e testerà tre strategie diverse. Una base lineare può essere rapida, mentre un metodo difficile potrebbe mantenere più elementi. Oliver Grandi valuterà 42 risultati e il team non cambierà la specifica disponibile su https://ingegneria.example.com/spec.","Una piccola azienda può usare una tecnica alternativa per perfezionare il supporto ai clienti. Il processo dovrebbe iniziare con un controllo celere, scegliere soltanto i brani rilevanti e concludere con un rapporto preciso. Daniela Orsi ha chiesto di non alterare 12 dati contrattuali o il riferimento https://contratti.example.io/v2.

Il servizio di archivio conserva una grande raccolta di testi storici. I ricercatori vogliono valutare un metodo lineare capace di cambiare espressioni comuni preservando le elementi fattuali. Sofia Martini ha ricordato che il progetto contiene 63 documenti e non consente di modificare la citazione “Indagine sul fiume, 1984” o https://archivio.example.edu.

Un beneficio rilevante del nuovo sistema è la capacità di ridurre il lavoro manuale. Il processo può aiutare l’analista, indicare contenuti insoliti e produrre un risultato ovvio. Tuttavia, Priya Neri ha detto che lo strumento non deve sostituire 9 termini legali, nomi personali o collegamenti come https://legge.example.org/policy.

Il gruppo di ingegneria costruirà un servizio sicuro per i testi e testerà tre strategie diverse. Una base lineare può essere rapida, mentre un metodo difficile potrebbe mantenere più valori. Oliver Grandi valuterà 42 risultati e il team non cambierà la specifica disponibile su https://ingegneria.example.com/spec.",1.0,,,,
it-004+it-005+it-006+it-007,it,kgw,sira,conservative,"Una piccola azienda può usare una tecnica alternativa per perfezionare il supporto ai clienti. Il processo dovrebbe iniziare con un controllo rapido, scegliere soltanto i brani rilevanti e finire con un rapporto preciso. Daniela Orsi ha chiesto di non alterare 12 dati contrattuali o il riferimento https://contratti.example.io/v2.

Il servizio di archivio conserva una grande raccolta di testi storici. I ricercatori vogliono valutare un metodo lineare capace di cambiare espressioni comuni preservando le elementi fattuali. Sofia Martini ha ricordato che il progetto contiene 63 documenti e non consente di modificare la citazione “Indagine sul fiume, 1984” o https://archivio.example.edu.

Un beneficio rilevante del nuovo sistema è la capacità di ridurre il lavoro manuale. Il processo può aiutare l’analista, indicare contenuti insoliti e creare un risultato chiaro. Tuttavia, Priya Neri ha detto che lo strumento non deve sostituire 9 termini legali, nomi personali o collegamenti come https://legge.example.org/policy.

Il gruppo di ingegneria costruirà un servizio sicuro per i testi e testerà tre strategie diverse. Una base lineare può essere rapida, mentre un metodo difficile potrebbe mantenere più elementi. Oliver Grandi valuterà 42 risultati e il team non cambierà la specifica disponibile su https://ingegneria.example.com/spec.","Una piccola azienda può usare una tecnica alternativa per raffinare il supporto ai clienti. Il processo dovrebbe iniziare con un controllo rapido, scegliere soltanto i brani rilevanti e finire con un rapporto preciso. Daniela Orsi ha chiesto di non alterare 12 dati contrattuali o il riferimento https://contratti.example.io/v2.

Il servizio di archivio conserva una grande raccolta di testi storici. I ricercatori vogliono valutare un metodo essenziale capace di cambiare espressioni comuni preservando le valori fattuali. Sofia Martini ha ricordato che il progetto contiene 63 documenti e non consente di modificare la citazione “Indagine sul fiume, 1984” o https://archivio.example.edu.

Un beneficio significativo del nuovo sistema è la capacità di ridurre il lavoro manuale. Il processo può aiutare l’analista, indicare contenuti insoliti e creare un risultato chiaro. Tuttavia, Priya Neri ha detto che lo strumento non deve sostituire 9 termini legali, nomi personali o collegamenti come https://legge.example.org/policy.

Il gruppo di ingegneria costruirà un servizio sicuro per i testi e testerà tre strategie diverse. Una base lineare può essere rapida, mentre un metodo articolato potrebbe mantenere più elementi. Oliver Grandi valuterà 42 risultati e il team non cambierà la specifica disponibile su https://ingegneria.example.com/spec.",1.0,,,,
it-004+it-005+it-006+it-007,it,kgw,bira,conservative,"Una piccola azienda può usare una tecnica alternativa per perfezionare il supporto ai clienti. Il processo dovrebbe iniziare con un controllo rapido, scegliere soltanto i brani rilevanti e finire con un rapporto preciso. Daniela Orsi ha chiesto di non alterare 12 dati contrattuali o il riferimento https://contratti.example.io/v2.

Il servizio di archivio conserva una grande raccolta di testi storici. I ricercatori vogliono valutare un metodo lineare capace di cambiare espressioni comuni preservando le elementi fattuali. Sofia Martini ha ricordato che il progetto contiene 63 documenti e non consente di modificare la citazione “Indagine sul fiume, 1984” o https://archivio.example.edu.

Un beneficio rilevante del nuovo sistema è la capacità di ridurre il lavoro manuale. Il processo può aiutare l’analista, indicare contenuti insoliti e creare un risultato chiaro. Tuttavia, Priya Neri ha detto che lo strumento non deve sostituire 9 termini legali, nomi personali o collegamenti come https://legge.example.org/policy.

Il gruppo di ingegneria costruirà un servizio sicuro per i testi e testerà tre strategie diverse. Una base lineare può essere rapida, mentre un metodo difficile potrebbe mantenere più elementi. Oliver Grandi valuterà 42 risultati e il team non cambierà la specifica disponibile su https://ingegneria.example.com/spec.","Una piccola azienda può usare una tecnica alternativa per raffinare il supporto ai clienti. Il processo dovrebbe iniziare con un controllo rapido, scegliere soltanto i brani rilevanti e finire con un rapporto preciso. Daniela Orsi ha chiesto di non alterare 12 dati contrattuali o il riferimento https://contratti.example.io/v2.

Il servizio di archivio conserva una grande raccolta di testi storici. I ricercatori vogliono valutare un metodo essenziale capace di cambiare espressioni comuni preservando le valori fattuali. Sofia Martini ha ricordato che il progetto contiene 63 documenti e non consente di modificare la citazione “Indagine sul fiume, 1984” o https://archivio.example.edu.

Un beneficio rilevante del nuovo sistema è la capacità di ridurre il lavoro manuale. Il processo può aiutare l’analista, indicare contenuti insoliti e creare un risultato chiaro. Tuttavia, Priya Neri ha detto che lo strumento non deve sostituire 9 termini legali, nomi personali o collegamenti come https://legge.example.org/policy.

Il gruppo di ingegneria costruirà un servizio sicuro per i testi e testerà tre strategie diverse. Una base essenziale può essere rapida, mentre un metodo articolato potrebbe mantenere più elementi. Oliver Grandi valuterà 42 risultati e il team non cambierà la specifica disponibile su https://ingegneria.example.com/spec.",1.0,,,,
it-004+it-005+it-006+it-007,it,kgw,bira_position_aware,conservative,"Una piccola azienda può usare una tecnica alternativa per perfezionare il supporto ai clienti. Il processo dovrebbe iniziare con un controllo rapido, scegliere soltanto i brani rilevanti e finire con un rapporto preciso. Daniela Orsi ha chiesto di non alterare 12 dati contrattuali o il riferimento https://contratti.example.io/v2.

Il servizio di archivio conserva una grande raccolta di testi storici. I ricercatori vogliono valutare un metodo lineare capace di cambiare espressioni comuni preservando le elementi fattuali. Sofia Martini ha ricordato che il progetto contiene 63 documenti e non consente di modificare la citazione “Indagine sul fiume, 1984” o https://archivio.example.edu.

Un beneficio rilevante del nuovo sistema è la capacità di ridurre il lavoro manuale. Il processo può aiutare l’analista, indicare contenuti insoliti e creare un risultato chiaro. Tuttavia, Priya Neri ha detto che lo strumento non deve sostituire 9 termini legali, nomi personali o collegamenti come https://legge.example.org/policy.

Il gruppo di ingegneria costruirà un servizio sicuro per i testi e testerà tre strategie diverse. Una base lineare può essere rapida, mentre un metodo difficile potrebbe mantenere più elementi. Oliver Grandi valuterà 42 risultati e il team non cambierà la specifica disponibile su https://ingegneria.example.com/spec.","Una piccola azienda può usare una tecnica alternativa per raffinare il supporto ai clienti. Il processo dovrebbe iniziare con un controllo rapido, scegliere soltanto i brani rilevanti e finire con un rapporto preciso. Daniela Orsi ha chiesto di non alterare 12 dati contrattuali o il riferimento https://contratti.example.io/v2.

Il servizio di archivio conserva una grande raccolta di testi storici. I ricercatori vogliono valutare un metodo essenziale capace di cambiare espressioni comuni preservando le valori fattuali. Sofia Martini ha ricordato che il progetto contiene 63 documenti e non consente di modificare la citazione “Indagine sul fiume, 1984” o https://archivio.example.edu.

Un beneficio significativo del nuovo sistema è la capacità di ridurre il lavoro manuale. Il processo può aiutare l’analista, indicare contenuti insoliti e creare un risultato chiaro. Tuttavia, Priya Neri ha detto che lo strumento non deve sostituire 9 termini legali, nomi personali o collegamenti come https://legge.example.org/policy.

Il gruppo di ingegneria costruirà un servizio sicuro per i testi e testerà tre strategie diverse. Una base lineare può essere rapida, mentre un metodo articolato potrebbe mantenere più elementi. Oliver Grandi valuterà 42 risultati e il team non cambierà la specifica disponibile su https://ingegneria.example.com/spec.",1.0,,,,
it-004+it-005+it-006+it-007,it,unigram,simple_paraphrase,aggressive,"Una piccola azienda può usare una tecnica alternativa per migliorare il supporto ai clienti. Il processo dovrebbe cominciare con un controllo veloce, scegliere soltanto i brani rilevanti e finire con un rapporto preciso. Daniela Orsi ha chiesto di non alterare 12 dati contrattuali o il riferimento https://contratti.example.io/v2.

Il sistema di archivio conserva una grande raccolta di testi storici. I ricercatori vogliono valutare un metodo lineare capace di cambiare espressioni comuni preservando le dati fattuali. Sofia Martini ha ricordato che il progetto contiene 63 documenti e non consente di modificare la citazione “Indagine sul fiume, 1984” o https://archivio.example.edu.

Un beneficio importante del nuovo sistema è la capacità di diminuire il lavoro manuale. Il processo può aiutare l’analista, indicare contenuti insoliti e creare un esito chiaro. Tuttavia, Priya Neri ha detto che lo strumento non deve sostituire 9 termini legali, nomi personali o collegamenti come https://legge.example.org/policy.

Il gruppo di ingegneria costruirà un sistema sicuro per i testi e testerà tre strategie diverse. Una base lineare può essere rapida, mentre un metodo difficile potrebbe mantenere più dati. Oliver Grandi valuterà 42 risultati e il team non cambierà la specifica disponibile su https://ingegneria.example.com/spec.","Una piccola azienda può usare una tecnica alternativa per raffinare il supporto ai clienti. Il processo dovrebbe partire con un controllo veloce, scegliere soltanto i brani rilevanti e concludere con un rapporto corretto. Daniela Orsi ha chiesto di non alterare 12 valori contrattuali o il riferimento https://contratti.example.io/v2.

Il meccanismo di archivio conserva una grande raccolta di testi storici. I ricercatori vogliono esaminare un criterio lineare capace di cambiare espressioni comuni preservando le dati fattuali. Sofia Martini ha ricordato che il progetto contiene 63 documenti e non consente di modificare la citazione “Indagine sul fiume, 1984” o https://archivio.example.edu.

Un vantaggio significativo del nuovo meccanismo è la capacità di abbassare il lavoro manuale. Il percorso può aiutare l’analista, indicare contenuti insoliti e produrre un prodotto ovvio. Eppure, Priya Neri ha detto che lo strumento non deve sostituire 9 termini legali, nomi personali o collegamenti come https://legge.example.org/policy.

Il gruppo di ingegneria costruirà un meccanismo sicuro per i testi e testerà tre strategie diverse. Una base lineare può essere rapida, mentre un criterio articolato potrebbe mantenere più valori. Oliver Grandi valuterà 42 risultati e il team non cambierà la specifica disponibile su https://ingegneria.example.com/spec.",1.0,,,,
it-004+it-005+it-006+it-007,it,unigram,sira,aggressive,"Una piccola azienda può usare una tecnica alternativa per migliorare il supporto ai clienti. Il processo dovrebbe cominciare con un controllo veloce, scegliere soltanto i brani rilevanti e finire con un rapporto preciso. Daniela Orsi ha chiesto di non alterare 12 dati contrattuali o il riferimento https://contratti.example.io/v2.

Il sistema di archivio conserva una grande raccolta di testi storici. I ricercatori vogliono valutare un metodo lineare capace di cambiare espressioni comuni preservando le dati fattuali. Sofia Martini ha ricordato che il progetto contiene 63 documenti e non consente di modificare la citazione “Indagine sul fiume, 1984” o https://archivio.example.edu.

Un beneficio importante del nuovo sistema è la capacità di diminuire il lavoro manuale. Il processo può aiutare l’analista, indicare contenuti insoliti e creare un esito chiaro. Tuttavia, Priya Neri ha detto che lo strumento non deve sostituire 9 termini legali, nomi personali o collegamenti come https://legge.example.org/policy.

Il gruppo di ingegneria costruirà un sistema sicuro per i testi e testerà tre strategie diverse. Una base lineare può essere rapida, mentre un metodo difficile potrebbe mantenere più dati. Oliver Grandi valuterà 42 risultati e il team non cambierà la specifica disponibile su https://ingegneria.example.com/spec.","Una piccola azienda può usare una tecnica alternativa per migliorare il supporto ai clienti. Il processo dovrebbe partire con un controllo celere, preferire soltanto i brani rilevanti e concludere con un rapporto corretto. Daniela Orsi ha chiesto di non alterare 12 valori contrattuali o il riferimento https://contratti.example.io/v2.

Il sistema di archivio conserva una considerevole raccolta di testi storici. I ricercatori vogliono esaminare un metodo essenziale capace di cambiare espressioni comuni preservando le valori fattuali. Sofia Martini ha ricordato che il progetto contiene 63 documenti e non consente di modificare la citazione “Indagine sul fiume, 1984” o https://archivio.example.edu.

Un vantaggio importante del nuovo sistema è la capacità di abbassare il lavoro manuale. Il processo può aiutare l’analista, indicare contenuti insoliti e produrre un prodotto chiaro. Eppure, Priya Neri ha detto che lo strumento non deve sostituire 9 termini legali, nomi personali o collegamenti come https://legge.example.org/policy.

Il gruppo di ingegneria costruirà un meccanismo affidabile per i testi e testerà tre strategie diverse. Una base essenziale può essere rapida, mentre un metodo articolato potrebbe conservare più valori. Oliver Grandi valuterà 42 risultati e il team non cambierà la specifica disponibile su https://ingegneria.example.com/spec.",1.0,,,,
it-004+it-005+it-006+it-007,it,unigram,bira,aggressive,"Una piccola azienda può usare una tecnica alternativa per migliorare il supporto ai clienti. Il processo dovrebbe cominciare con un controllo veloce, scegliere soltanto i brani rilevanti e finire con un rapporto preciso. Daniela Orsi ha chiesto di non alterare 12 dati contrattuali o il riferimento https://contratti.example.io/v2.

Il sistema di archivio conserva una grande raccolta di testi storici. I ricercatori vogliono valutare un metodo lineare capace di cambiare espressioni comuni preservando le dati fattuali. Sofia Martini ha ricordato che il progetto contiene 63 documenti e non consente di modificare la citazione “Indagine sul fiume, 1984” o https://archivio.example.edu.

Un beneficio importante del nuovo sistema è la capacità di diminuire il lavoro manuale. Il processo può aiutare l’analista, indicare contenuti insoliti e creare un esito chiaro. Tuttavia, Priya Neri ha detto che lo strumento non deve sostituire 9 termini legali, nomi personali o collegamenti come https://legge.example.org/policy.

Il gruppo di ingegneria costruirà un sistema sicuro per i testi e testerà tre strategie diverse. Una base lineare può essere rapida, mentre un metodo difficile potrebbe mantenere più dati. Oliver Grandi valuterà 42 risultati e il team non cambierà la specifica disponibile su https://ingegneria.example.com/spec.","Una piccola azienda può usare una tecnica alternativa per migliorare il supporto ai clienti. Il processo dovrebbe partire con un controllo celere, preferire soltanto i brani rilevanti e concludere con un rapporto corretto. Daniela Orsi ha chiesto di non alterare 12 valori contrattuali o il riferimento https://contratti.example.io/v2.

Il sistema di archivio conserva una grande raccolta di testi storici. I ricercatori vogliono esaminare un metodo essenziale capace di cambiare espressioni comuni preservando le valori fattuali. Sofia Martini ha ricordato che il progetto contiene 63 documenti e non consente di modificare la citazione “Indagine sul fiume, 1984” o https://archivio.example.edu.

Un vantaggio importante del nuovo meccanismo è la capacità di abbassare il lavoro manuale. Il processo può aiutare l’analista, indicare contenuti insoliti e produrre un prodotto chiaro. Eppure, Priya Neri ha detto che lo strumento non deve sostituire 9 termini legali, nomi personali o collegamenti come https://legge.example.org/policy.

Il gruppo di ingegneria costruirà un meccanismo affidabile per i testi e testerà tre strategie diverse. Una base essenziale può essere rapida, mentre un metodo articolato potrebbe conservare più valori. Oliver Grandi valuterà 42 risultati e il team non cambierà la specifica disponibile su https://ingegneria.example.com/spec.",1.0,,,,
it-004+it-005+it-006+it-007,it,unigram,bira_position_aware,aggressive,"Una piccola azienda può usare una tecnica alternativa per migliorare il supporto ai clienti. Il processo dovrebbe cominciare con un controllo veloce, scegliere soltanto i brani rilevanti e finire con un rapporto preciso. Daniela Orsi ha chiesto di non alterare 12 dati contrattuali o il riferimento https://contratti.example.io/v2.

Il sistema di archivio conserva una grande raccolta di testi storici. I ricercatori vogliono valutare un metodo lineare capace di cambiare espressioni comuni preservando le dati fattuali. Sofia Martini ha ricordato che il progetto contiene 63 documenti e non consente di modificare la citazione “Indagine sul fiume, 1984” o https://archivio.example.edu.

Un beneficio importante del nuovo sistema è la capacità di diminuire il lavoro manuale. Il processo può aiutare l’analista, indicare contenuti insoliti e creare un esito chiaro. Tuttavia, Priya Neri ha detto che lo strumento non deve sostituire 9 termini legali, nomi personali o collegamenti come https://legge.example.org/policy.

Il gruppo di ingegneria costruirà un sistema sicuro per i testi e testerà tre strategie diverse. Una base lineare può essere rapida, mentre un metodo difficile potrebbe mantenere più dati. Oliver Grandi valuterà 42 risultati e il team non cambierà la specifica disponibile su https://ingegneria.example.com/spec.","Una piccola azienda può impiegare una tecnica alternativa per raffinare il supporto ai clienti. Il processo dovrebbe partire con un controllo celere, scegliere soltanto i brani rilevanti e concludere con un rapporto corretto. Daniela Orsi ha chiesto di non alterare 12 valori contrattuali o il riferimento https://contratti.example.io/v2.

Il meccanismo di archivio conserva una considerevole raccolta di testi storici. I ricercatori vogliono esaminare un metodo essenziale capace di cambiare espressioni comuni preservando le valori fattuali. Sofia Martini ha ricordato che il progetto contiene 63 documenti e non consente di modificare la citazione “Indagine sul fiume, 1984” o https://archivio.example.edu.

Un vantaggio importante del nuovo meccanismo è la capacità di abbassare il lavoro manuale. Il percorso può aiutare l’analista, indicare contenuti insoliti e creare un prodotto chiaro. Tuttavia, Priya Neri ha detto che lo strumento non deve sostituire 9 termini legali, nomi personali o collegamenti come https://legge.example.org/policy.

Il gruppo di ingegneria costruirà un sistema affidabile per i testi e testerà tre strategie diverse. Una base essenziale può essere rapida, mentre un metodo articolato potrebbe mantenere più valori. Oliver Grandi valuterà 42 risultati e il team non cambierà la specifica disponibile su https://ingegneria.example.com/spec.",1.0,,,,
it-004+it-005+it-006+it-007,it,synthid_tournament,simple_paraphrase,conservative,"Una piccola azienda può utilizzare una tecnica alternativa per perfezionare il supporto ai clienti. Il processo dovrebbe cominciare con un controllo rapido, scegliere soltanto i brani rilevanti e finire con un rapporto accurato. Daniela Orsi ha chiesto di non alterare 12 elementi contrattuali o il riferimento https://contratti.example.io/v2.

Il servizio di archivio conserva una sostanziale raccolta di testi storici. I ricercatori vogliono valutare un metodo lineare capace di cambiare espressioni comuni preservando le dati fattuali. Sofia Martini ha ricordato che il progetto contiene 63 documenti e non consente di modificare la citazione “Indagine sul fiume, 1984” o https://archivio.example.edu.

Un valore importante del nuovo sistema è la capacità di ridurre il lavoro manuale. Il flusso può aiutare l’analista, indicare contenuti insoliti e costruire un risultato evidente. Tuttavia, Priya Neri ha detto che lo strumento non deve sostituire 9 termini legali, nomi personali o collegamenti come https://legge.example.org/policy.

Il gruppo di ingegneria costruirà un sistema protetto per i testi e testerà tre strategie diverse. Una base semplice può essere rapida, mentre un approccio difficile potrebbe mantenere più elementi. Oliver Grandi valuterà 42 risultati e il team non cambierà la specifica disponibile su https://ingegneria.example.com/spec.","Una piccola azienda può utilizzare una tecnica alternativa per perfezionare il supporto ai clienti. Il processo dovrebbe cominciare con un controllo celere, scegliere soltanto i brani rilevanti e concludere con un rapporto accurato. Daniela Orsi ha chiesto di non alterare 12 elementi contrattuali o il riferimento https://contratti.example.io/v2.

Il servizio di archivio conserva una considerevole raccolta di testi storici. I ricercatori vogliono valutare un metodo lineare capace di cambiare espressioni comuni preservando le dati fattuali. Sofia Martini ha ricordato che il progetto contiene 63 documenti e non consente di modificare la citazione “Indagine sul fiume, 1984” o https://archivio.example.edu.

Un valore importante del nuovo sistema è la capacità di ridurre il lavoro manuale. Il percorso può aiutare l’analista, indicare contenuti insoliti e costruire un risultato evidente. Tuttavia, Priya Neri ha detto che lo strumento non deve sostituire 9 termini legali, nomi personali o collegamenti come https://legge.example.org/policy.

Il gruppo di ingegneria costruirà un sistema protetto per i testi e testerà tre strategie diverse. Una base essenziale può essere rapida, mentre un approccio difficile potrebbe mantenere più elementi. Oliver Grandi valuterà 42 risultati e il team non cambierà la specifica disponibile su https://ingegneria.example.com/spec.",1.0,,,,
it-004+it-005+it-006+it-007,it,synthid_tournament,sira,conservative,"Una piccola azienda può utilizzare una tecnica alternativa per perfezionare il supporto ai clienti. Il processo dovrebbe cominciare con un controllo rapido, scegliere soltanto i brani rilevanti e finire con un rapporto accurato. Daniela Orsi ha chiesto di non alterare 12 elementi contrattuali o il riferimento https://contratti.example.io/v2.

Il servizio di archivio conserva una sostanziale raccolta di testi storici. I ricercatori vogliono valutare un metodo lineare capace di cambiare espressioni comuni preservando le dati fattuali. Sofia Martini ha ricordato che il progetto contiene 63 documenti e non consente di modificare la citazione “Indagine sul fiume, 1984” o https://archivio.example.edu.

Un valore importante del nuovo sistema è la capacità di ridurre il lavoro manuale. Il flusso può aiutare l’analista, indicare contenuti insoliti e costruire un risultato evidente. Tuttavia, Priya Neri ha detto che lo strumento non deve sostituire 9 termini legali, nomi personali o collegamenti come https://legge.example.org/policy.

Il gruppo di ingegneria costruirà un sistema protetto per i testi e testerà tre strategie diverse. Una base semplice può essere rapida, mentre un approccio difficile potrebbe mantenere più elementi. Oliver Grandi valuterà 42 risultati e il team non cambierà la specifica disponibile su https://ingegneria.example.com/spec.","Una piccola azienda può impiegare una tecnica alternativa per raffinare il supporto ai clienti. Il processo dovrebbe partire con un controllo rapido, scegliere soltanto i brani rilevanti e finire con un rapporto accurato. Daniela Orsi ha chiesto di non alterare 12 elementi contrattuali o il riferimento https://contratti.example.io/v2.

Il servizio di archivio conserva una sostanziale raccolta di testi storici. I ricercatori vogliono valutare un metodo essenziale capace di cambiare espressioni comuni preservando le dati fattuali. Sofia Martini ha ricordato che il progetto contiene 63 documenti e non consente di modificare la citazione “Indagine sul fiume, 1984” o https://archivio.example.edu.

Un valore importante del nuovo sistema è la capacità di ridurre il lavoro manuale. Il flusso può aiutare l’analista, indicare contenuti insoliti e produrre un risultato evidente. Tuttavia, Priya Neri ha detto che lo strumento non deve sostituire 9 termini legali, nomi personali o collegamenti come https://legge.example.org/policy.

Il gruppo di ingegneria costruirà un sistema protetto per i testi e testerà tre strategie diverse. Una base semplice può essere rapida, mentre un approccio difficile potrebbe mantenere più elementi. Oliver Grandi valuterà 42 risultati e il team non cambierà la specifica disponibile su https://ingegneria.example.com/spec.",1.0,,,,
it-004+it-005+it-006+it-007,it,synthid_tournament,bira,conservative,"Una piccola azienda può utilizzare una tecnica alternativa per perfezionare il supporto ai clienti. Il processo dovrebbe cominciare con un controllo rapido, scegliere soltanto i brani rilevanti e finire con un rapporto accurato. Daniela Orsi ha chiesto di non alterare 12 elementi contrattuali o il riferimento https://contratti.example.io/v2.

Il servizio di archivio conserva una sostanziale raccolta di testi storici. I ricercatori vogliono valutare un metodo lineare capace di cambiare espressioni comuni preservando le dati fattuali. Sofia Martini ha ricordato che il progetto contiene 63 documenti e non consente di modificare la citazione “Indagine sul fiume, 1984” o https://archivio.example.edu.

Un valore importante del nuovo sistema è la capacità di ridurre il lavoro manuale. Il flusso può aiutare l’analista, indicare contenuti insoliti e costruire un risultato evidente. Tuttavia, Priya Neri ha detto che lo strumento non deve sostituire 9 termini legali, nomi personali o collegamenti come https://legge.example.org/policy.

Il gruppo di ingegneria costruirà un sistema protetto per i testi e testerà tre strategie diverse. Una base semplice può essere rapida, mentre un approccio difficile potrebbe mantenere più elementi. Oliver Grandi valuterà 42 risultati e il team non cambierà la specifica disponibile su https://ingegneria.example.com/spec.","Una piccola azienda può impiegare una tecnica alternativa per raffinare il supporto ai clienti. Il processo dovrebbe partire con un controllo rapido, scegliere soltanto i brani rilevanti e finire con un rapporto accurato. Daniela Orsi ha chiesto di non alterare 12 elementi contrattuali o il riferimento https://contratti.example.io/v2.

Il servizio di archivio conserva una sostanziale raccolta di testi storici. I ricercatori vogliono valutare un metodo essenziale capace di cambiare espressioni comuni preservando le dati fattuali. Sofia Martini ha ricordato che il progetto contiene 63 documenti e non consente di modificare la citazione “Indagine sul fiume, 1984” o https://archivio.example.edu.

Un valore importante del nuovo sistema è la capacità di ridurre il lavoro manuale. Il flusso può aiutare l’analista, indicare contenuti insoliti e produrre un risultato evidente. Tuttavia, Priya Neri ha detto che lo strumento non deve sostituire 9 termini legali, nomi personali o collegamenti come https://legge.example.org/policy.

Il gruppo di ingegneria costruirà un sistema protetto per i testi e testerà tre strategie diverse. Una base semplice può essere rapida, mentre un approccio difficile potrebbe mantenere più elementi. Oliver Grandi valuterà 42 risultati e il team non cambierà la specifica disponibile su https://ingegneria.example.com/spec.",1.0,,,,
it-004+it-005+it-006+it-007,it,synthid_tournament,bira_position_aware,conservative,"Una piccola azienda può utilizzare una tecnica alternativa per perfezionare il supporto ai clienti. Il processo dovrebbe cominciare con un controllo rapido, scegliere soltanto i brani rilevanti e finire con un rapporto accurato. Daniela Orsi ha chiesto di non alterare 12 elementi contrattuali o il riferimento https://contratti.example.io/v2.

Il servizio di archivio conserva una sostanziale raccolta di testi storici. I ricercatori vogliono valutare un metodo lineare capace di cambiare espressioni comuni preservando le dati fattuali. Sofia Martini ha ricordato che il progetto contiene 63 documenti e non consente di modificare la citazione “Indagine sul fiume, 1984” o https://archivio.example.edu.

Un valore importante del nuovo sistema è la capacità di ridurre il lavoro manuale. Il flusso può aiutare l’analista, indicare contenuti insoliti e costruire un risultato evidente. Tuttavia, Priya Neri ha detto che lo strumento non deve sostituire 9 termini legali, nomi personali o collegamenti come https://legge.example.org/policy.

Il gruppo di ingegneria costruirà un sistema protetto per i testi e testerà tre strategie diverse. Una base semplice può essere rapida, mentre un approccio difficile potrebbe mantenere più elementi. Oliver Grandi valuterà 42 risultati e il team non cambierà la specifica disponibile su https://ingegneria.example.com/spec.","Una piccola azienda può impiegare una tecnica alternativa per raffinare il supporto ai clienti. Il processo dovrebbe partire con un controllo rapido, scegliere soltanto i brani rilevanti e finire con un rapporto accurato. Daniela Orsi ha chiesto di non alterare 12 elementi contrattuali o il riferimento https://contratti.example.io/v2.

Il servizio di archivio conserva una sostanziale raccolta di testi storici. I ricercatori vogliono valutare un metodo essenziale capace di cambiare espressioni comuni preservando le dati fattuali. Sofia Martini ha ricordato che il progetto contiene 63 documenti e non consente di modificare la citazione “Indagine sul fiume, 1984” o https://archivio.example.edu.

Un valore importante del nuovo sistema è la capacità di ridurre il lavoro manuale. Il flusso può aiutare l’analista, indicare contenuti insoliti e produrre un risultato evidente. Tuttavia, Priya Neri ha detto che lo strumento non deve sostituire 9 termini legali, nomi personali o collegamenti come https://legge.example.org/policy.

Il gruppo di ingegneria costruirà un sistema protetto per i testi e testerà tre strategie diverse. Una base semplice può essere rapida, mentre un approccio difficile potrebbe mantenere più elementi. Oliver Grandi valuterà 42 risultati e il team non cambierà la specifica disponibile su https://ingegneria.example.com/spec.",1.0,,,,
it-005+it-006+it-007+it-008,it,kgw,simple_paraphrase,conservative,"Il servizio di archivio conserva una grande raccolta di testi storici. I ricercatori vogliono valutare un metodo lineare capace di cambiare espressioni comuni preservando le elementi fattuali. Sofia Martini ha ricordato che il progetto contiene 63 documenti e non consente di modificare la citazione “Indagine sul fiume, 1984” o https://archivio.example.edu.

Un beneficio rilevante del nuovo sistema è la capacità di ridurre il lavoro manuale. Il processo può aiutare l’analista, indicare contenuti insoliti e creare un risultato chiaro. Tuttavia, Priya Neri ha detto che lo strumento non deve sostituire 9 termini legali, nomi personali o collegamenti come https://legge.example.org/policy.

Il gruppo di ingegneria costruirà un servizio sicuro per i testi e testerà tre strategie diverse. Una base lineare può essere rapida, mentre un metodo difficile potrebbe mantenere più elementi. Oliver Grandi valuterà 42 risultati e il team non cambierà la specifica disponibile su https://ingegneria.example.com/spec.

La redazione vuole utilizzare un metodo accurato per perfezionare un lungo brano senza cambiarne il significato. Un flusso veloce può aiutare, ma deve preservare i nomi Ada Lovelace e Charles Babbage, l’anno 1843 e https://storia.example.org. Il risultato finale dovrebbe dimostrare un miglioramento grande della qualità.","Il servizio di archivio conserva una grande raccolta di testi storici. I ricercatori vogliono valutare un metodo lineare capace di cambiare espressioni comuni preservando le elementi fattuali. Sofia Martini ha ricordato che il progetto contiene 63 documenti e non consente di modificare la citazione “Indagine sul fiume, 1984” o https://archivio.example.edu.

Un beneficio rilevante del nuovo sistema è la capacità di ridurre il lavoro manuale. Il processo può aiutare l’analista, indicare contenuti insoliti e produrre un prodotto ovvio. Tuttavia, Priya Neri ha detto che lo strumento non deve sostituire 9 termini legali, nomi personali o collegamenti come https://legge.example.org/policy.

Il gruppo di ingegneria costruirà un servizio sicuro per i testi e testerà tre strategie diverse. Una base lineare può essere rapida, mentre un metodo difficile potrebbe conservare più elementi. Oliver Grandi valuterà 42 risultati e il team non cambierà la specifica disponibile su https://ingegneria.example.com/spec.

La redazione vuole utilizzare un metodo corretto per perfezionare un lungo brano senza cambiarne il significato. Un flusso veloce può aiutare, ma deve preservare i nomi Ada Lovelace e Charles Babbage, l’anno 1843 e https://storia.example.org. Il risultato finale dovrebbe dimostrare un miglioramento grande della qualità.",1.0,,,,
it-005+it-006+it-007+it-008,it,kgw,sira,conservative,"Il servizio di archivio conserva una grande raccolta di testi storici. I ricercatori vogliono valutare un metodo lineare capace di cambiare espressioni comuni preservando le elementi fattuali. Sofia Martini ha ricordato che il progetto contiene 63 documenti e non consente di modificare la citazione “Indagine sul fiume, 1984” o https://archivio.example.edu.

Un beneficio rilevante del nuovo sistema è la capacità di ridurre il lavoro manuale. Il processo può aiutare l’analista, indicare contenuti insoliti e creare un risultato chiaro. Tuttavia, Priya Neri ha detto che lo strumento non deve sostituire 9 termini legali, nomi personali o collegamenti come https://legge.example.org/policy.

Il gruppo di ingegneria costruirà un servizio sicuro per i testi e testerà tre strategie diverse. Una base lineare può essere rapida, mentre un metodo difficile potrebbe mantenere più elementi. Oliver Grandi valuterà 42 risultati e il team non cambierà la specifica disponibile su https://ingegneria.example.com/spec.

La redazione vuole utilizzare un metodo accurato per perfezionare un lungo brano senza cambiarne il significato. Un flusso veloce può aiutare, ma deve preservare i nomi Ada Lovelace e Charles Babbage, l’anno 1843 e https://storia.example.org. Il risultato finale dovrebbe dimostrare un miglioramento grande della qualità.","Il servizio di archivio conserva una grande raccolta di testi storici. I ricercatori vogliono valutare un metodo essenziale capace di cambiare espressioni comuni preservando le valori fattuali. Sofia Martini ha ricordato che il progetto contiene 63 documenti e non consente di modificare la citazione “Indagine sul fiume, 1984” o https://archivio.example.edu.

Un beneficio rilevante del nuovo sistema è la capacità di ridurre il lavoro manuale. Il processo può aiutare l’analista, indicare contenuti insoliti e creare un risultato chiaro. Tuttavia, Priya Neri ha detto che lo strumento non deve sostituire 9 termini legali, nomi personali o collegamenti come https://legge.example.org/policy.

Il gruppo di ingegneria costruirà un servizio sicuro per i testi e testerà tre strategie diverse. Una base lineare può essere rapida, mentre un metodo articolato potrebbe mantenere più elementi. Oliver Grandi valuterà 42 risultati e il team non cambierà la specifica disponibile su https://ingegneria.example.com/spec.

La redazione vuole impiegare un metodo accurato per raffinare un lungo brano senza cambiarne il significato. Un flusso veloce può aiutare, ma deve preservare i nomi Ada Lovelace e Charles Babbage, l’anno 1843 e https://storia.example.org. Il risultato finale dovrebbe dimostrare un miglioramento grande della qualità.",1.0,,,,
it-005+it-006+it-007+it-008,it,kgw,bira,conservative,"Il servizio di archivio conserva una grande raccolta di testi storici. I ricercatori vogliono valutare un metodo lineare capace di cambiare espressioni comuni preservando le elementi fattuali. Sofia Martini ha ricordato che il progetto contiene 63 documenti e non consente di modificare la citazione “Indagine sul fiume, 1984” o https://archivio.example.edu.

Un beneficio rilevante del nuovo sistema è la capacità di ridurre il lavoro manuale. Il processo può aiutare l’analista, indicare contenuti insoliti e creare un risultato chiaro. Tuttavia, Priya Neri ha detto che lo strumento non deve sostituire 9 termini legali, nomi personali o collegamenti come https://legge.example.org/policy.

Il gruppo di ingegneria costruirà un servizio sicuro per i testi e testerà tre strategie diverse. Una base lineare può essere rapida, mentre un metodo difficile potrebbe mantenere più elementi. Oliver Grandi valuterà 42 risultati e il team non cambierà la specifica disponibile su https://ingegneria.example.com/spec.

La redazione vuole utilizzare un metodo accurato per perfezionare un lungo brano senza cambiarne il significato. Un flusso veloce può aiutare, ma deve preservare i nomi Ada Lovelace e Charles Babbage, l’anno 1843 e https://storia.example.org. Il risultato finale dovrebbe dimostrare un miglioramento grande della qualità.","Il servizio di archivio conserva una grande raccolta di testi storici. I ricercatori vogliono valutare un metodo essenziale capace di cambiare espressioni comuni preservando le elementi fattuali. Sofia Martini ha ricordato che il progetto contiene 63 documenti e non consente di modificare la citazione “Indagine sul fiume, 1984” o https://archivio.example.edu.

Un beneficio rilevante del nuovo sistema è la capacità di ridurre il lavoro manuale. Il processo può aiutare l’analista, indicare contenuti insoliti e creare un risultato chiaro. Tuttavia, Priya Neri ha detto che lo strumento non deve sostituire 9 termini legali, nomi personali o collegamenti come https://legge.example.org/policy.

Il gruppo di ingegneria costruirà un servizio sicuro per i testi e testerà tre strategie diverse. Una base essenziale può essere rapida, mentre un metodo articolato potrebbe mantenere più elementi. Oliver Grandi valuterà 42 risultati e il team non cambierà la specifica disponibile su https://ingegneria.example.com/spec.

La redazione vuole impiegare un metodo accurato per raffinare un lungo brano senza cambiarne il significato. Un flusso veloce può aiutare, ma deve preservare i nomi Ada Lovelace e Charles Babbage, l’anno 1843 e https://storia.example.org. Il risultato finale dovrebbe dimostrare un miglioramento grande della qualità.",1.0,,,,
it-005+it-006+it-007+it-008,it,kgw,bira_position_aware,conservative,"Il servizio di archivio conserva una grande raccolta di testi storici. I ricercatori vogliono valutare un metodo lineare capace di cambiare espressioni comuni preservando le elementi fattuali. Sofia Martini ha ricordato che il progetto contiene 63 documenti e non consente di modificare la citazione “Indagine sul fiume, 1984” o https://archivio.example.edu.

Un beneficio rilevante del nuovo sistema è la capacità di ridurre il lavoro manuale. Il processo può aiutare l’analista, indicare contenuti insoliti e creare un risultato chiaro. Tuttavia, Priya Neri ha detto che lo strumento non deve sostituire 9 termini legali, nomi personali o collegamenti come https://legge.example.org/policy.

Il gruppo di ingegneria costruirà un servizio sicuro per i testi e testerà tre strategie diverse. Una base lineare può essere rapida, mentre un metodo difficile potrebbe mantenere più elementi. Oliver Grandi valuterà 42 risultati e il team non cambierà la specifica disponibile su https://ingegneria.example.com/spec.

La redazione vuole utilizzare un metodo accurato per perfezionare un lungo brano senza cambiarne il significato. Un flusso veloce può aiutare, ma deve preservare i nomi Ada Lovelace e Charles Babbage, l’anno 1843 e https://storia.example.org. Il risultato finale dovrebbe dimostrare un miglioramento grande della qualità.","Il servizio di archivio conserva una grande raccolta di testi storici. I ricercatori vogliono valutare un metodo essenziale capace di cambiare espressioni comuni preservando le valori fattuali. Sofia Martini ha ricordato che il progetto contiene 63 documenti e non consente di modificare la citazione “Indagine sul fiume, 1984” o https://archivio.example.edu.

Un beneficio rilevante del nuovo sistema è la capacità di ridurre il lavoro manuale. Il processo può aiutare l’analista, indicare contenuti insoliti e creare un risultato chiaro. Tuttavia, Priya Neri ha detto che lo strumento non deve sostituire 9 termini legali, nomi personali o collegamenti come https://legge.example.org/policy.

Il gruppo di ingegneria costruirà un servizio sicuro per i testi e testerà tre strategie diverse. Una base lineare può essere rapida, mentre un metodo articolato potrebbe mantenere più elementi. Oliver Grandi valuterà 42 risultati e il team non cambierà la specifica disponibile su https://ingegneria.example.com/spec.

La redazione vuole impiegare un metodo accurato per raffinare un lungo brano senza cambiarne il significato. Un flusso veloce può aiutare, ma deve preservare i nomi Ada Lovelace e Charles Babbage, l’anno 1843 e https://storia.example.org. Il risultato finale dovrebbe dimostrare un miglioramento grande della qualità.",1.0,,,,
it-005+it-006+it-007+it-008,it,unigram,simple_paraphrase,aggressive,"Il sistema di archivio conserva una grande raccolta di testi storici. I ricercatori vogliono valutare un metodo lineare capace di cambiare espressioni comuni preservando le dati fattuali. Sofia Martini ha ricordato che il progetto contiene 63 documenti e non consente di modificare la citazione “Indagine sul fiume, 1984” o https://archivio.example.edu.

Un beneficio importante del nuovo sistema è la capacità di diminuire il lavoro manuale. Il processo può aiutare l’analista, indicare contenuti insoliti e creare un esito chiaro. Tuttavia, Priya Neri ha detto che lo strumento non deve sostituire 9 termini legali, nomi personali o collegamenti come https://legge.example.org/policy.

Il gruppo di ingegneria costruirà un sistema sicuro per i testi e testerà tre strategie diverse. Una base lineare può essere rapida, mentre un metodo difficile potrebbe mantenere più dati. Oliver Grandi valuterà 42 risultati e il team non cambierà la specifica disponibile su https://ingegneria.example.com/spec.

La redazione vuole usare un metodo preciso per migliorare un lungo testo senza cambiarne il significato. Un processo veloce può aiutare, ma deve mantenere i nomi Ada Lovelace e Charles Babbage, l’anno 1843 e https://storia.example.org. Il esito finale dovrebbe dimostrare un miglioramento grande della qualità.","Il sistema di archivio conserva una grande raccolta di testi storici. I ricercatori vogliono valutare un criterio essenziale capace di cambiare espressioni comuni preservando le valori fattuali. Sofia Martini ha ricordato che il progetto contiene 63 documenti e non consente di modificare la citazione “Indagine sul fiume, 1984” o https://archivio.example.edu.

Un vantaggio importante del nuovo sistema è la capacità di diminuire il lavoro manuale. Il processo può aiutare l’analista, indicare contenuti insoliti e produrre un prodotto ovvio. Eppure, Priya Neri ha detto che lo strumento non deve sostituire 9 termini legali, nomi personali o collegamenti come https://legge.example.org/policy.

Il gruppo di ingegneria costruirà un sistema affidabile per i testi e testerà tre strategie diverse. Una base essenziale può essere rapida, mentre un criterio articolato potrebbe conservare più valori. Oliver Grandi valuterà 42 risultati e il team non cambierà la specifica disponibile su https://ingegneria.example.com/spec.

La redazione vuole usare un criterio corretto per raffinare un lungo contenuto senza cambiarne il significato. Un processo celere può aiutare, ma deve conservare i nomi Ada Lovelace e Charles Babbage, l’anno 1843 e https://storia.example.org. Il prodotto finale dovrebbe dimostrare un miglioramento grande della qualità.",1.0,,,,
it-005+it-006+it-007+it-008,it,unigram,sira,aggressive,"Il sistema di archivio conserva una grande raccolta di testi storici. I ricercatori vogliono valutare un metodo lineare capace di cambiare espressioni comuni preservando le dati fattuali. Sofia Martini ha ricordato che il progetto contiene 63 documenti e non consente di modificare la citazione “Indagine sul fiume, 1984” o https://archivio.example.edu.

Un beneficio importante del nuovo sistema è la capacità di diminuire il lavoro manuale. Il processo può aiutare l’analista, indicare contenuti insoliti e creare un esito chiaro. Tuttavia, Priya Neri ha detto che lo strumento non deve sostituire 9 termini legali, nomi personali o collegamenti come https://legge.example.org/policy.

Il gruppo di ingegneria costruirà un sistema sicuro per i testi e testerà tre strategie diverse. Una base lineare può essere rapida, mentre un metodo difficile potrebbe mantenere più dati. Oliver Grandi valuterà 42 risultati e il team non cambierà la specifica disponibile su https://ingegneria.example.com/spec.

La redazione vuole usare un metodo preciso per migliorare un lungo testo senza cambiarne il significato. Un processo veloce può aiutare, ma deve mantenere i nomi Ada Lovelace e Charles Babbage, l’anno 1843 e https://storia.example.org. Il esito finale dovrebbe dimostrare un miglioramento grande della qualità.","Il sistema di archivio conserva una considerevole raccolta di testi storici. I ricercatori vogliono esaminare un metodo essenziale capace di cambiare espressioni comuni preservando le valori fattuali. Sofia Martini ha ricordato che il progetto contiene 63 documenti e non consente di modificare la citazione “Indagine sul fiume, 1984” o https://archivio.example.edu.

Un vantaggio importante del nuovo sistema è la capacità di abbassare il lavoro manuale. Il processo può aiutare l’analista, indicare contenuti insoliti e produrre un prodotto chiaro. Eppure, Priya Neri ha detto che lo strumento non deve sostituire 9 termini legali, nomi personali o collegamenti come https://legge.example.org/policy.

Il gruppo di ingegneria costruirà un meccanismo affidabile per i testi e testerà tre strategie diverse. Una base essenziale può essere rapida, mentre un metodo articolato potrebbe conservare più valori. Oliver Grandi valuterà 42 risultati e il team non cambierà la specifica disponibile su https://ingegneria.example.com/spec.

La redazione vuole usare un metodo corretto per migliorare un lungo contenuto senza cambiarne il significato. Un percorso celere può aiutare, ma deve mantenere i nomi Ada Lovelace e Charles Babbage, l’anno 1843 e https://storia.example.org. Il prodotto finale dovrebbe dimostrare un miglioramento considerevole della qualità.",1.0,,,,
it-005+it-006+it-007+it-008,it,unigram,bira,aggressive,"Il sistema di archivio conserva una grande raccolta di testi storici. I ricercatori vogliono valutare un metodo lineare capace di cambiare espressioni comuni preservando le dati fattuali. Sofia Martini ha ricordato che il progetto contiene 63 documenti e non consente di modificare la citazione “Indagine sul fiume, 1984” o https://archivio.example.edu.

Un beneficio importante del nuovo sistema è la capacità di diminuire il lavoro manuale. Il processo può aiutare l’analista, indicare contenuti insoliti e creare un esito chiaro. Tuttavia, Priya Neri ha detto che lo strumento non deve sostituire 9 termini legali, nomi personali o collegamenti come https://legge.example.org/policy.

Il gruppo di ingegneria costruirà un sistema sicuro per i testi e testerà tre strategie diverse. Una base lineare può essere rapida, mentre un metodo difficile potrebbe mantenere più dati. Oliver Grandi valuterà 42 risultati e il team non cambierà la specifica disponibile su https://ingegneria.example.com/spec.

La redazione vuole usare un metodo preciso per migliorare un lungo testo senza cambiarne il significato. Un processo veloce può aiutare, ma deve mantenere i nomi Ada Lovelace e Charles Babbage, l’anno 1843 e https://storia.example.org. Il esito finale dovrebbe dimostrare un miglioramento grande della qualità.","Il sistema di archivio conserva una considerevole raccolta di testi storici. I ricercatori vogliono esaminare un metodo essenziale capace di cambiare espressioni comuni preservando le valori fattuali. Sofia Martini ha ricordato che il progetto contiene 63 documenti e non consente di modificare la citazione “Indagine sul fiume, 1984” o https://archivio.example.edu.

Un vantaggio importante del nuovo meccanismo è la capacità di abbassare il lavoro manuale. Il processo può aiutare l’analista, indicare contenuti insoliti e produrre un prodotto chiaro. Eppure, Priya Neri ha detto che lo strumento non deve sostituire 9 termini legali, nomi personali o collegamenti come https://legge.example.org/policy.

Il gruppo di ingegneria costruirà un sistema affidabile per i testi e testerà tre strategie diverse. Una base essenziale può essere rapida, mentre un metodo articolato potrebbe conservare più valori. Oliver Grandi valuterà 42 risultati e il team non cambierà la specifica disponibile su https://ingegneria.example.com/spec.

La redazione vuole usare un metodo corretto per migliorare un lungo contenuto senza cambiarne il significato. Un processo celere può aiutare, ma deve conservare i nomi Ada Lovelace e Charles Babbage, l’anno 1843 e https://storia.example.org. Il prodotto finale dovrebbe dimostrare un miglioramento considerevole della qualità.",1.0,,,,
it-005+it-006+it-007+it-008,it,unigram,bira_position_aware,aggressive,"Il sistema di archivio conserva una grande raccolta di testi storici. I ricercatori vogliono valutare un metodo lineare capace di cambiare espressioni comuni preservando le dati fattuali. Sofia Martini ha ricordato che il progetto contiene 63 documenti e non consente di modificare la citazione “Indagine sul fiume, 1984” o https://archivio.example.edu.

Un beneficio importante del nuovo sistema è la capacità di diminuire il lavoro manuale. Il processo può aiutare l’analista, indicare contenuti insoliti e creare un esito chiaro. Tuttavia, Priya Neri ha detto che lo strumento non deve sostituire 9 termini legali, nomi personali o collegamenti come https://legge.example.org/policy.

Il gruppo di ingegneria costruirà un sistema sicuro per i testi e testerà tre strategie diverse. Una base lineare può essere rapida, mentre un metodo difficile potrebbe mantenere più dati. Oliver Grandi valuterà 42 risultati e il team non cambierà la specifica disponibile su https://ingegneria.example.com/spec.

La redazione vuole usare un metodo preciso per migliorare un lungo testo senza cambiarne il significato. Un processo veloce può aiutare, ma deve mantenere i nomi Ada Lovelace e Charles Babbage, l’anno 1843 e https://storia.example.org. Il esito finale dovrebbe dimostrare un miglioramento grande della qualità.","Il meccanismo di archivio conserva una considerevole raccolta di testi storici. I ricercatori vogliono esaminare un metodo essenziale capace di cambiare espressioni comuni preservando le valori fattuali. Sofia Martini ha ricordato che il progetto contiene 63 documenti e non consente di modificare la citazione “Indagine sul fiume, 1984” o https://archivio.example.edu.

Un vantaggio importante del nuovo meccanismo è la capacità di abbassare il lavoro manuale. Il percorso può aiutare l’analista, indicare contenuti insoliti e produrre un prodotto chiaro. Tuttavia, Priya Neri ha detto che lo strumento non deve sostituire 9 termini legali, nomi personali o collegamenti come https://legge.example.org/policy.

Il gruppo di ingegneria costruirà un sistema affidabile per i testi e testerà tre strategie diverse. Una base essenziale può essere rapida, mentre un metodo articolato potrebbe mantenere più valori. Oliver Grandi valuterà 42 risultati e il team non cambierà la specifica disponibile su https://ingegneria.example.com/spec.

La redazione vuole usare un metodo corretto per migliorare un lungo contenuto senza cambiarne il significato. Un processo celere può aiutare, ma deve conservare i nomi Ada Lovelace e Charles Babbage, l’anno 1843 e https://storia.example.org. Il prodotto finale dovrebbe dimostrare un miglioramento considerevole della qualità.",1.0,,,,
it-005+it-006+it-007+it-008,it,synthid_tournament,simple_paraphrase,conservative,"Il servizio di archivio conserva una sostanziale raccolta di testi storici. I ricercatori vogliono valutare un metodo lineare capace di cambiare espressioni comuni preservando le dati fattuali. Sofia Martini ha ricordato che il progetto contiene 63 documenti e non consente di modificare la citazione “Indagine sul fiume, 1984” o https://archivio.example.edu.

Un valore importante del nuovo sistema è la capacità di ridurre il lavoro manuale. Il flusso può aiutare l’analista, indicare contenuti insoliti e costruire un risultato evidente. Tuttavia, Priya Neri ha detto che lo strumento non deve sostituire 9 termini legali, nomi personali o collegamenti come https://legge.example.org/policy.

Il gruppo di ingegneria costruirà un sistema protetto per i testi e testerà tre strategie diverse. Una base semplice può essere rapida, mentre un approccio difficile potrebbe mantenere più elementi. Oliver Grandi valuterà 42 risultati e il team non cambierà la specifica disponibile su https://ingegneria.example.com/spec.

La redazione vuole usare un metodo preciso per migliorare un lungo brano senza cambiarne il significato. Un processo veloce può aiutare, ma deve mantenere i nomi Ada Lovelace e Charles Babbage, l’anno 1843 e https://storia.example.org. Il esito finale dovrebbe dimostrare un miglioramento sostanziale della qualità.","Il servizio di archivio conserva una sostanziale raccolta di testi storici. I ricercatori vogliono valutare un metodo lineare capace di cambiare espressioni comuni preservando le valori fattuali. Sofia Martini ha ricordato che il progetto contiene 63 documenti e non consente di modificare la citazione “Indagine sul fiume, 1984” o https://archivio.example.edu.

Un valore importante del nuovo sistema è la capacità di ridurre il lavoro manuale. Il flusso può aiutare l’analista, indicare contenuti insoliti e produrre un prodotto evidente. Tuttavia, Priya Neri ha detto che lo strumento non deve sostituire 9 termini legali, nomi personali o collegamenti come https://legge.example.org/policy.

Il gruppo di ingegneria costruirà un sistema protetto per i testi e testerà tre strategie diverse. Una base semplice può essere rapida, mentre un approccio difficile potrebbe mantenere più elementi. Oliver Grandi valuterà 42 risultati e il team non cambierà la specifica disponibile su https://ingegneria.example.com/spec.

La redazione vuole usare un metodo corretto per raffinare un lungo brano senza cambiarne il significato. Un processo veloce può aiutare, ma deve mantenere i nomi Ada Lovelace e Charles Babbage, l’anno 1843 e https://storia.example.org. Il esito finale dovrebbe dimostrare un miglioramento sostanziale della qualità.",1.0,,,,
it-005+it-006+it-007+it-008,it,synthid_tournament,sira,conservative,"Il servizio di archivio conserva una sostanziale raccolta di testi storici. I ricercatori vogliono valutare un metodo lineare capace di cambiare espressioni comuni preservando le dati fattuali. Sofia Martini ha ricordato che il progetto contiene 63 documenti e non consente di modificare la citazione “Indagine sul fiume, 1984” o https://archivio.example.edu.

Un valore importante del nuovo sistema è la capacità di ridurre il lavoro manuale. Il flusso può aiutare l’analista, indicare contenuti insoliti e costruire un risultato evidente. Tuttavia, Priya Neri ha detto che lo strumento non deve sostituire 9 termini legali, nomi personali o collegamenti come https://legge.example.org/policy.

Il gruppo di ingegneria costruirà un sistema protetto per i testi e testerà tre strategie diverse. Una base semplice può essere rapida, mentre un approccio difficile potrebbe mantenere più elementi. Oliver Grandi valuterà 42 risultati e il team non cambierà la specifica disponibile su https://ingegneria.example.com/spec.

La redazione vuole usare un metodo preciso per migliorare un lungo brano senza cambiarne il significato. Un processo veloce può aiutare, ma deve mantenere i nomi Ada Lovelace e Charles Babbage, l’anno 1843 e https://storia.example.org. Il esito finale dovrebbe dimostrare un miglioramento sostanziale della qualità.","Il servizio di archivio conserva una sostanziale raccolta di testi storici. I ricercatori vogliono valutare un metodo essenziale capace di cambiare espressioni comuni preservando le dati fattuali. Sofia Martini ha ricordato che il progetto contiene 63 documenti e non consente di modificare la citazione “Indagine sul fiume, 1984” o https://archivio.example.edu.

Un valore importante del nuovo sistema è la capacità di ridurre il lavoro manuale. Il flusso può aiutare l’analista, indicare contenuti insoliti e produrre un risultato ovvio. Tuttavia, Priya Neri ha detto che lo strumento non deve sostituire 9 termini legali, nomi personali o collegamenti come https://legge.example.org/policy.

Il gruppo di ingegneria costruirà un sistema affidabile per i testi e testerà tre strategie diverse. Una base semplice può essere rapida, mentre un approccio difficile potrebbe mantenere più elementi. Oliver Grandi valuterà 42 risultati e il team non cambierà la specifica disponibile su https://ingegneria.example.com/spec.

La redazione vuole usare un metodo preciso per migliorare un lungo brano senza cambiarne il significato. Un processo celere può aiutare, ma deve mantenere i nomi Ada Lovelace e Charles Babbage, l’anno 1843 e https://storia.example.org. Il esito finale dovrebbe dimostrare un miglioramento sostanziale della qualità.",1.0,,,,
it-005+it-006+it-007+it-008,it,synthid_tournament,bira,conservative,"Il servizio di archivio conserva una sostanziale raccolta di testi storici. I ricercatori vogliono valutare un metodo lineare capace di cambiare espressioni comuni preservando le dati fattuali. Sofia Martini ha ricordato che il progetto contiene 63 documenti e non consente di modificare la citazione “Indagine sul fiume, 1984” o https://archivio.example.edu.

Un valore importante del nuovo sistema è la capacità di ridurre il lavoro manuale. Il flusso può aiutare l’analista, indicare contenuti insoliti e costruire un risultato evidente. Tuttavia, Priya Neri ha detto che lo strumento non deve sostituire 9 termini legali, nomi personali o collegamenti come https://legge.example.org/policy.

Il gruppo di ingegneria costruirà un sistema protetto per i testi e testerà tre strategie diverse. Una base semplice può essere rapida, mentre un approccio difficile potrebbe mantenere più elementi. Oliver Grandi valuterà 42 risultati e il team non cambierà la specifica disponibile su https://ingegneria.example.com/spec.

La redazione vuole usare un metodo preciso per migliorare un lungo brano senza cambiarne il significato. Un processo veloce può aiutare, ma deve mantenere i nomi Ada Lovelace e Charles Babbage, l’anno 1843 e https://storia.example.org. Il esito finale dovrebbe dimostrare un miglioramento sostanziale della qualità.","Il servizio di archivio conserva una sostanziale raccolta di testi storici. I ricercatori vogliono valutare un metodo essenziale capace di cambiare espressioni comuni preservando le dati fattuali. Sofia Martini ha ricordato che il progetto contiene 63 documenti e non consente di modificare la citazione “Indagine sul fiume, 1984” o https://archivio.example.edu.

Un valore importante del nuovo sistema è la capacità di ridurre il lavoro manuale. Il flusso può aiutare l’analista, indicare contenuti insoliti e produrre un risultato ovvio. Tuttavia, Priya Neri ha detto che lo strumento non deve sostituire 9 termini legali, nomi personali o collegamenti come https://legge.example.org/policy.

Il gruppo di ingegneria costruirà un sistema affidabile per i testi e testerà tre strategie diverse. Una base semplice può essere rapida, mentre un approccio difficile potrebbe mantenere più elementi. Oliver Grandi valuterà 42 risultati e il team non cambierà la specifica disponibile su https://ingegneria.example.com/spec.

La redazione vuole usare un metodo preciso per migliorare un lungo brano senza cambiarne il significato. Un processo celere può aiutare, ma deve mantenere i nomi Ada Lovelace e Charles Babbage, l’anno 1843 e https://storia.example.org. Il esito finale dovrebbe dimostrare un miglioramento sostanziale della qualità.",1.0,,,,
it-005+it-006+it-007+it-008,it,synthid_tournament,bira_position_aware,intermediate,"Il servizio di archivio conserva una sostanziale raccolta di testi storici. I ricercatori vogliono valutare un metodo lineare capace di cambiare espressioni comuni preservando le dati fattuali. Sofia Martini ha ricordato che il progetto contiene 63 documenti e non consente di modificare la citazione “Indagine sul fiume, 1984” o https://archivio.example.edu.

Un valore importante del nuovo sistema è la capacità di ridurre il lavoro manuale. Il flusso può aiutare l’analista, indicare contenuti insoliti e costruire un risultato evidente. Tuttavia, Priya Neri ha detto che lo strumento non deve sostituire 9 termini legali, nomi personali o collegamenti come https://legge.example.org/policy.

Il gruppo di ingegneria costruirà un sistema protetto per i testi e testerà tre strategie diverse. Una base semplice può essere rapida, mentre un approccio difficile potrebbe mantenere più elementi. Oliver Grandi valuterà 42 risultati e il team non cambierà la specifica disponibile su https://ingegneria.example.com/spec.

La redazione vuole usare un metodo preciso per migliorare un lungo brano senza cambiarne il significato. Un processo veloce può aiutare, ma deve mantenere i nomi Ada Lovelace e Charles Babbage, l’anno 1843 e https://storia.example.org. Il esito finale dovrebbe dimostrare un miglioramento sostanziale della qualità.","Il servizio di archivio conserva una considerevole raccolta di testi storici. I ricercatori vogliono valutare un metodo essenziale capace di cambiare espressioni comuni preservando le dati fattuali. Sofia Martini ha ricordato che il progetto contiene 63 documenti e non consente di modificare la citazione “Indagine sul fiume, 1984” o https://archivio.example.edu.

Un valore importante del nuovo sistema è la capacità di ridurre il lavoro manuale. Il percorso può aiutare l’analista, indicare contenuti insoliti e produrre un risultato evidente. Tuttavia, Priya Neri ha detto che lo strumento non deve sostituire 9 termini legali, nomi personali o collegamenti come https://legge.example.org/policy.

Il gruppo di ingegneria costruirà un sistema affidabile per i testi e testerà tre strategie diverse. Una base semplice può essere rapida, mentre un approccio articolato potrebbe mantenere più valori. Oliver Grandi valuterà 42 risultati e il team non cambierà la specifica disponibile su https://ingegneria.example.com/spec.

La redazione vuole usare un metodo corretto per migliorare un lungo contenuto senza cambiarne il significato. Un processo celere può aiutare, ma deve mantenere i nomi Ada Lovelace e Charles Babbage, l’anno 1843 e https://storia.example.org. Il prodotto finale dovrebbe dimostrare un miglioramento considerevole della qualità.",1.0,,,,
it-006+it-007+it-008+it-001,it,kgw,simple_paraphrase,conservative,"Un beneficio rilevante del nuovo sistema è la capacità di ridurre il lavoro manuale. Il processo può aiutare l’analista, indicare contenuti insoliti e creare un risultato chiaro. Tuttavia, Priya Neri ha detto che lo strumento non deve sostituire 9 termini legali, nomi personali o collegamenti come https://legge.example.org/policy.

Il gruppo di ingegneria costruirà un servizio sicuro per i testi e testerà tre strategie diverse. Una base lineare può essere rapida, mentre un metodo difficile potrebbe mantenere più elementi. Oliver Grandi valuterà 42 risultati e il team non cambierà la specifica disponibile su https://ingegneria.example.com/spec.

La redazione vuole utilizzare un metodo accurato per perfezionare un lungo brano senza cambiarne il significato. Un flusso veloce può aiutare, ma deve preservare i nomi Ada Lovelace e Charles Babbage, l’anno 1843 e https://storia.example.org. Il risultato finale dovrebbe dimostrare un miglioramento grande della qualità.

Il gruppo di ricerca vuole iniziare con un metodo lineare e utilizzare elementi accurati per valutare il servizio. Elena Rossi controllerà 24 rapporti entro venerdì, mentre il servizio deve preservare ogni URL come https://example.org/rapporto. Il risultato dovrebbe mostrare se un piccolo cambiamento può migliorare la qualità senza alterare nomi o numeri.","Un beneficio significativo del nuovo sistema è la capacità di abbassare il lavoro manuale. Il processo può aiutare l’analista, indicare contenuti insoliti e creare un risultato chiaro. Tuttavia, Priya Neri ha detto che lo strumento non deve sostituire 9 termini legali, nomi personali o collegamenti come https://legge.example.org/policy.

Il gruppo di ingegneria costruirà un servizio sicuro per i testi e testerà tre strategie diverse. Una base lineare può essere rapida, mentre un metodo difficile potrebbe mantenere più elementi. Oliver Grandi valuterà 42 risultati e il team non cambierà la specifica disponibile su https://ingegneria.example.com/spec.

La redazione vuole utilizzare un metodo accurato per raffinare un lungo brano senza cambiarne il significato. Un flusso veloce può aiutare, ma deve preservare i nomi Ada Lovelace e Charles Babbage, l’anno 1843 e https://storia.example.org. Il prodotto finale dovrebbe dimostrare un miglioramento considerevole della qualità.

Il gruppo di ricerca vuole iniziare con un metodo lineare e utilizzare elementi accurati per valutare il meccanismo. Elena Rossi controllerà 24 rapporti entro venerdì, mentre il servizio deve preservare ogni URL come https://example.org/rapporto. Il risultato dovrebbe mostrare se un piccolo cambiamento può migliorare la qualità senza alterare nomi o numeri.",1.0,,,,
it-006+it-007+it-008+it-001,it,kgw,sira,conservative,"Un beneficio rilevante del nuovo sistema è la capacità di ridurre il lavoro manuale. Il processo può aiutare l’analista, indicare contenuti insoliti e creare un risultato chiaro. Tuttavia, Priya Neri ha detto che lo strumento non deve sostituire 9 termini legali, nomi personali o collegamenti come https://legge.example.org/policy.

Il gruppo di ingegneria costruirà un servizio sicuro per i testi e testerà tre strategie diverse. Una base lineare può essere rapida, mentre un metodo difficile potrebbe mantenere più elementi. Oliver Grandi valuterà 42 risultati e il team non cambierà la specifica disponibile su https://ingegneria.example.com/spec.

La redazione vuole utilizzare un metodo accurato per perfezionare un lungo brano senza cambiarne il significato. Un flusso veloce può aiutare, ma deve preservare i nomi Ada Lovelace e Charles Babbage, l’anno 1843 e https://storia.example.org. Il risultato finale dovrebbe dimostrare un miglioramento grande della qualità.

Il gruppo di ricerca vuole iniziare con un metodo lineare e utilizzare elementi accurati per valutare il servizio. Elena Rossi controllerà 24 rapporti entro venerdì, mentre il servizio deve preservare ogni URL come https://example.org/rapporto. Il risultato dovrebbe mostrare se un piccolo cambiamento può migliorare la qualità senza alterare nomi o numeri.","Un beneficio significativo del nuovo sistema è la capacità di ridurre il lavoro manuale. Il processo può aiutare l’analista, indicare contenuti insoliti e creare un risultato chiaro. Tuttavia, Priya Neri ha detto che lo strumento non deve sostituire 9 termini legali, nomi personali o collegamenti come https://legge.example.org/policy.

Il gruppo di ingegneria costruirà un servizio sicuro per i testi e testerà tre strategie diverse. Una base lineare può essere rapida, mentre un metodo articolato potrebbe mantenere più elementi. Oliver Grandi valuterà 42 risultati e il team non cambierà la specifica disponibile su https://ingegneria.example.com/spec.

La redazione vuole impiegare un metodo accurato per raffinare un lungo brano senza cambiarne il significato. Un flusso veloce può aiutare, ma deve preservare i nomi Ada Lovelace e Charles Babbage, l’anno 1843 e https://storia.example.org. Il risultato finale dovrebbe dimostrare un miglioramento grande della qualità.

Il gruppo di ricerca vuole iniziare con un metodo essenziale e impiegare elementi accurati per valutare il servizio. Elena Rossi controllerà 24 rapporti entro venerdì, mentre il servizio deve preservare ogni URL come https://example.org/rapporto. Il risultato dovrebbe mostrare se un piccolo cambiamento può migliorare la qualità senza alterare nomi o numeri.",1.0,,,,
it-006+it-007+it-008+it-001,it,kgw,bira,conservative,"Un beneficio rilevante del nuovo sistema è la capacità di ridurre il lavoro manuale. Il processo può aiutare l’analista, indicare contenuti insoliti e creare un risultato chiaro. Tuttavia, Priya Neri ha detto che lo strumento non deve sostituire 9 termini legali, nomi personali o collegamenti come https://legge.example.org/policy.

Il gruppo di ingegneria costruirà un servizio sicuro per i testi e testerà tre strategie diverse. Una base lineare può essere rapida, mentre un metodo difficile potrebbe mantenere più elementi. Oliver Grandi valuterà 42 risultati e il team non cambierà la specifica disponibile su https://ingegneria.example.com/spec.

La redazione vuole utilizzare un metodo accurato per perfezionare un lungo brano senza cambiarne il significato. Un flusso veloce può aiutare, ma deve preservare i nomi Ada Lovelace e Charles Babbage, l’anno 1843 e https://storia.example.org. Il risultato finale dovrebbe dimostrare un miglioramento grande della qualità.

Il gruppo di ricerca vuole iniziare con un metodo lineare e utilizzare elementi accurati per valutare il servizio. Elena Rossi controllerà 24 rapporti entro venerdì, mentre il servizio deve preservare ogni URL come https://example.org/rapporto. Il risultato dovrebbe mostrare se un piccolo cambiamento può migliorare la qualità senza alterare nomi o numeri.","Un beneficio rilevante del nuovo sistema è la capacità di ridurre il lavoro manuale. Il processo può aiutare l’analista, indicare contenuti insoliti e creare un risultato chiaro. Tuttavia, Priya Neri ha detto che lo strumento non deve sostituire 9 termini legali, nomi personali o collegamenti come https://legge.example.org/policy.

Il gruppo di ingegneria costruirà un servizio sicuro per i testi e testerà tre strategie diverse. Una base essenziale può essere rapida, mentre un metodo articolato potrebbe mantenere più elementi. Oliver Grandi valuterà 42 risultati e il team non cambierà la specifica disponibile su https://ingegneria.example.com/spec.

La redazione vuole impiegare un metodo accurato per raffinare un lungo brano senza cambiarne il significato. Un flusso veloce può aiutare, ma deve preservare i nomi Ada Lovelace e Charles Babbage, l’anno 1843 e https://storia.example.org. Il risultato finale dovrebbe dimostrare un miglioramento grande della qualità.

Il gruppo di ricerca vuole iniziare con un metodo essenziale e impiegare elementi accurati per valutare il servizio. Elena Rossi controllerà 24 rapporti entro venerdì, mentre il servizio deve preservare ogni URL come https://example.org/rapporto. Il risultato dovrebbe mostrare se un piccolo cambiamento può migliorare la qualità senza alterare nomi o numeri.",1.0,,,,
it-006+it-007+it-008+it-001,it,kgw,bira_position_aware,conservative,"Un beneficio rilevante del nuovo sistema è la capacità di ridurre il lavoro manuale. Il processo può aiutare l’analista, indicare contenuti insoliti e creare un risultato chiaro. Tuttavia, Priya Neri ha detto che lo strumento non deve sostituire 9 termini legali, nomi personali o collegamenti come https://legge.example.org/policy.

Il gruppo di ingegneria costruirà un servizio sicuro per i testi e testerà tre strategie diverse. Una base lineare può essere rapida, mentre un metodo difficile potrebbe mantenere più elementi. Oliver Grandi valuterà 42 risultati e il team non cambierà la specifica disponibile su https://ingegneria.example.com/spec.

La redazione vuole utilizzare un metodo accurato per perfezionare un lungo brano senza cambiarne il significato. Un flusso veloce può aiutare, ma deve preservare i nomi Ada Lovelace e Charles Babbage, l’anno 1843 e https://storia.example.org. Il risultato finale dovrebbe dimostrare un miglioramento grande della qualità.

Il gruppo di ricerca vuole iniziare con un metodo lineare e utilizzare elementi accurati per valutare il servizio. Elena Rossi controllerà 24 rapporti entro venerdì, mentre il servizio deve preservare ogni URL come https://example.org/rapporto. Il risultato dovrebbe mostrare se un piccolo cambiamento può migliorare la qualità senza alterare nomi o numeri.","Un beneficio significativo del nuovo sistema è la capacità di ridurre il lavoro manuale. Il processo può aiutare l’analista, indicare contenuti insoliti e creare un risultato chiaro. Tuttavia, Priya Neri ha detto che lo strumento non deve sostituire 9 termini legali, nomi personali o collegamenti come https://legge.example.org/policy.

Il gruppo di ingegneria costruirà un servizio sicuro per i testi e testerà tre strategie diverse. Una base essenziale può essere rapida, mentre un metodo articolato potrebbe mantenere più elementi. Oliver Grandi valuterà 42 risultati e il team non cambierà la specifica disponibile su https://ingegneria.example.com/spec.

La redazione vuole impiegare un metodo accurato per raffinare un lungo brano senza cambiarne il significato. Un flusso veloce può aiutare, ma deve preservare i nomi Ada Lovelace e Charles Babbage, l’anno 1843 e https://storia.example.org. Il risultato finale dovrebbe dimostrare un miglioramento grande della qualità.

Il gruppo di ricerca vuole iniziare con un metodo lineare e impiegare elementi accurati per valutare il servizio. Elena Rossi controllerà 24 rapporti entro venerdì, mentre il servizio deve preservare ogni URL come https://example.org/rapporto. Il risultato dovrebbe mostrare se un piccolo cambiamento può migliorare la qualità senza alterare nomi o numeri.",1.0,,,,
it-006+it-007+it-008+it-001,it,unigram,simple_paraphrase,aggressive,"Un beneficio importante del nuovo sistema è la capacità di diminuire il lavoro manuale. Il processo può aiutare l’analista, indicare contenuti insoliti e creare un esito chiaro. Tuttavia, Priya Neri ha detto che lo strumento non deve sostituire 9 termini legali, nomi personali o collegamenti come https://legge.example.org/policy.

Il gruppo di ingegneria costruirà un sistema sicuro per i testi e testerà tre strategie diverse. Una base lineare può essere rapida, mentre un metodo difficile potrebbe mantenere più dati. Oliver Grandi valuterà 42 risultati e il team non cambierà la specifica disponibile su https://ingegneria.example.com/spec.

La redazione vuole usare un metodo preciso per migliorare un lungo testo senza cambiarne il significato. Un processo veloce può aiutare, ma deve mantenere i nomi Ada Lovelace e Charles Babbage, l’anno 1843 e https://storia.example.org. Il esito finale dovrebbe dimostrare un miglioramento grande della qualità.

Il gruppo di ricerca vuole cominciare con un metodo lineare e usare dati accurati per valutare il sistema. Elena Rossi controllerà 24 rapporti entro venerdì, mentre il sistema deve mantenere ogni URL come https://example.org/rapporto. Il esito dovrebbe mostrare se un minore cambiamento può migliorare la qualità senza alterare nomi o numeri.","Un vantaggio significativo del nuovo sistema è la capacità di abbassare il lavoro manuale. Il percorso può aiutare l’analista, indicare contenuti insoliti e creare un esito chiaro. Eppure, Priya Neri ha detto che lo strumento non deve sostituire 9 termini legali, nomi personali o collegamenti come https://legge.example.org/policy.

Il gruppo di ingegneria costruirà un sistema affidabile per i testi e testerà tre strategie diverse. Una base lineare può essere rapida, mentre un criterio articolato potrebbe conservare più valori. Oliver Grandi valuterà 42 risultati e il team non cambierà la specifica disponibile su https://ingegneria.example.com/spec.

La redazione vuole impiegare un metodo corretto per raffinare un lungo testo senza cambiarne il significato. Un processo veloce può aiutare, ma deve conservare i nomi Ada Lovelace e Charles Babbage, l’anno 1843 e https://storia.example.org. Il esito finale dovrebbe dimostrare un miglioramento considerevole della qualità.

Il gruppo di ricerca vuole partire con un criterio essenziale e impiegare valori accurati per esaminare il sistema. Elena Rossi controllerà 24 rapporti entro venerdì, mentre il meccanismo deve conservare ogni URL come https://example.org/rapporto. Il prodotto dovrebbe mostrare se un limitato cambiamento può migliorare la qualità senza alterare nomi o numeri.",1.0,,,,
it-006+it-007+it-008+it-001,it,unigram,sira,aggressive,"Un beneficio importante del nuovo sistema è la capacità di diminuire il lavoro manuale. Il processo può aiutare l’analista, indicare contenuti insoliti e creare un esito chiaro. Tuttavia, Priya Neri ha detto che lo strumento non deve sostituire 9 termini legali, nomi personali o collegamenti come https://legge.example.org/policy.

Il gruppo di ingegneria costruirà un sistema sicuro per i testi e testerà tre strategie diverse. Una base lineare può essere rapida, mentre un metodo difficile potrebbe mantenere più dati. Oliver Grandi valuterà 42 risultati e il team non cambierà la specifica disponibile su https://ingegneria.example.com/spec.

La redazione vuole usare un metodo preciso per migliorare un lungo testo senza cambiarne il significato. Un processo veloce può aiutare, ma deve mantenere i nomi Ada Lovelace e Charles Babbage, l’anno 1843 e https://storia.example.org. Il esito finale dovrebbe dimostrare un miglioramento grande della qualità.

Il gruppo di ricerca vuole cominciare con un metodo lineare e usare dati accurati per valutare il sistema. Elena Rossi controllerà 24 rapporti entro venerdì, mentre il sistema deve mantenere ogni URL come https://example.org/rapporto. Il esito dovrebbe mostrare se un minore cambiamento può migliorare la qualità senza alterare nomi o numeri.","Un vantaggio importante del nuovo sistema è la capacità di abbassare il lavoro manuale. Il processo può aiutare l’analista, indicare contenuti insoliti e produrre un prodotto chiaro. Eppure, Priya Neri ha detto che lo strumento non deve sostituire 9 termini legali, nomi personali o collegamenti come https://legge.example.org/policy.

Il gruppo di ingegneria costruirà un meccanismo affidabile per i testi e testerà tre strategie diverse. Una base essenziale può essere rapida, mentre un metodo articolato potrebbe conservare più valori. Oliver Grandi valuterà 42 risultati e il team non cambierà la specifica disponibile su https://ingegneria.example.com/spec.

La redazione vuole usare un metodo corretto per migliorare un lungo contenuto senza cambiarne il significato. Un percorso celere può aiutare, ma deve conservare i nomi Ada Lovelace e Charles Babbage, l’anno 1843 e https://storia.example.org. Il prodotto finale dovrebbe dimostrare un miglioramento considerevole della qualità.

Il gruppo di ricerca vuole partire con un metodo essenziale e impiegare valori accurati per esaminare il sistema. Elena Rossi controllerà 24 rapporti entro venerdì, mentre il sistema deve mantenere ogni URL come https://example.org/rapporto. Il prodotto dovrebbe mostrare se un limitato cambiamento può migliorare la qualità senza alterare nomi o numeri.",1.0,,,,
it-006+it-007+it-008+it-001,it,unigram,bira,aggressive,"Un beneficio importante del nuovo sistema è la capacità di diminuire il lavoro manuale. Il processo può aiutare l’analista, indicare contenuti insoliti e creare un esito chiaro. Tuttavia, Priya Neri ha detto che lo strumento non deve sostituire 9 termini legali, nomi personali o collegamenti come https://legge.example.org/policy.

Il gruppo di ingegneria costruirà un sistema sicuro per i testi e testerà tre strategie diverse. Una base lineare può essere rapida, mentre un metodo difficile potrebbe mantenere più dati. Oliver Grandi valuterà 42 risultati e il team non cambierà la specifica disponibile su https://ingegneria.example.com/spec.

La redazione vuole usare un metodo preciso per migliorare un lungo testo senza cambiarne il significato. Un processo veloce può aiutare, ma deve mantenere i nomi Ada Lovelace e Charles Babbage, l’anno 1843 e https://storia.example.org. Il esito finale dovrebbe dimostrare un miglioramento grande della qualità.

Il gruppo di ricerca vuole cominciare con un metodo lineare e usare dati accurati per valutare il sistema. Elena Rossi controllerà 24 rapporti entro venerdì, mentre il sistema deve mantenere ogni URL come https://example.org/rapporto. Il esito dovrebbe mostrare se un minore cambiamento può migliorare la qualità senza alterare nomi o numeri.","Un vantaggio importante del nuovo sistema è la capacità di abbassare il lavoro manuale. Il processo può aiutare l’analista, indicare contenuti insoliti e produrre un prodotto chiaro. Eppure, Priya Neri ha detto che lo strumento non deve sostituire 9 termini legali, nomi personali o collegamenti come https://legge.example.org/policy.

Il gruppo di ingegneria costruirà un sistema affidabile per i testi e testerà tre strategie diverse. Una base essenziale può essere rapida, mentre un metodo articolato potrebbe conservare più valori. Oliver Grandi valuterà 42 risultati e il team non cambierà la specifica disponibile su https://ingegneria.example.com/spec.

La redazione vuole impiegare un metodo corretto per migliorare un lungo contenuto senza cambiarne il significato. Un processo celere può aiutare, ma deve conservare i nomi Ada Lovelace e Charles Babbage, l’anno 1843 e https://storia.example.org. Il prodotto finale dovrebbe dimostrare un miglioramento considerevole della qualità.

Il gruppo di ricerca vuole partire con un metodo essenziale e impiegare valori accurati per esaminare il sistema. Elena Rossi controllerà 24 rapporti entro venerdì, mentre il sistema deve conservare ogni URL come https://example.org/rapporto. Il prodotto dovrebbe mostrare se un limitato cambiamento può migliorare la qualità senza alterare nomi o numeri.",1.0,,,,
it-006+it-007+it-008+it-001,it,unigram,bira_position_aware,aggressive,"Un beneficio importante del nuovo sistema è la capacità di diminuire il lavoro manuale. Il processo può aiutare l’analista, indicare contenuti insoliti e creare un esito chiaro. Tuttavia, Priya Neri ha detto che lo strumento non deve sostituire 9 termini legali, nomi personali o collegamenti come https://legge.example.org/policy.

Il gruppo di ingegneria costruirà un sistema sicuro per i testi e testerà tre strategie diverse. Una base lineare può essere rapida, mentre un metodo difficile potrebbe mantenere più dati. Oliver Grandi valuterà 42 risultati e il team non cambierà la specifica disponibile su https://ingegneria.example.com/spec.

La redazione vuole usare un metodo preciso per migliorare un lungo testo senza cambiarne il significato. Un processo veloce può aiutare, ma deve mantenere i nomi Ada Lovelace e Charles Babbage, l’anno 1843 e https://storia.example.org. Il esito finale dovrebbe dimostrare un miglioramento grande della qualità.

Il gruppo di ricerca vuole cominciare con un metodo lineare e usare dati accurati per valutare il sistema. Elena Rossi controllerà 24 rapporti entro venerdì, mentre il sistema deve mantenere ogni URL come https://example.org/rapporto. Il esito dovrebbe mostrare se un minore cambiamento può migliorare la qualità senza alterare nomi o numeri.","Un vantaggio importante del nuovo meccanismo è la capacità di abbassare il lavoro manuale. Il percorso può aiutare l’analista, indicare contenuti insoliti e produrre un prodotto chiaro. Eppure, Priya Neri ha detto che lo strumento non deve sostituire 9 termini legali, nomi personali o collegamenti come https://legge.example.org/policy.

Il gruppo di ingegneria costruirà un meccanismo affidabile per i testi e testerà tre strategie diverse. Una base essenziale può essere rapida, mentre un metodo articolato potrebbe conservare più valori. Oliver Grandi valuterà 42 risultati e il team non cambierà la specifica disponibile su https://ingegneria.example.com/spec.

La redazione vuole usare un metodo corretto per migliorare un lungo contenuto senza cambiarne il significato. Un processo celere può aiutare, ma deve conservare i nomi Ada Lovelace e Charles Babbage, l’anno 1843 e https://storia.example.org. Il prodotto finale dovrebbe dimostrare un miglioramento considerevole della qualità.

Il gruppo di ricerca vuole partire con un metodo essenziale e usare dati accurati per esaminare il sistema. Elena Rossi controllerà 24 rapporti entro venerdì, mentre il sistema deve conservare ogni URL come https://example.org/rapporto. Il prodotto dovrebbe mostrare se un limitato cambiamento può migliorare la qualità senza alterare nomi o numeri.",1.0,,,,
it-006+it-007+it-008+it-001,it,synthid_tournament,simple_paraphrase,conservative,"Un beneficio importante del nuovo sistema è la capacità di ridurre il lavoro manuale. Il flusso può aiutare l’analista, indicare contenuti insoliti e costruire un risultato evidente. Tuttavia, Priya Neri ha detto che lo strumento non deve sostituire 9 termini legali, nomi personali o collegamenti come https://legge.example.org/policy.

Il gruppo di ingegneria costruirà un sistema protetto per i testi e testerà tre strategie diverse. Una base semplice può essere rapida, mentre un approccio difficile potrebbe mantenere più elementi. Oliver Grandi valuterà 42 risultati e il team non cambierà la specifica disponibile su https://ingegneria.example.com/spec.

La redazione vuole usare un metodo preciso per migliorare un lungo brano senza cambiarne il significato. Un processo veloce può aiutare, ma deve mantenere i nomi Ada Lovelace e Charles Babbage, l’anno 1843 e https://storia.example.org. Il esito finale dovrebbe dimostrare un miglioramento sostanziale della qualità.

Il gruppo di ricerca vuole cominciare con un approccio lineare e usare dati accurati per valutare il servizio. Elena Rossi controllerà 24 rapporti entro venerdì, mentre il servizio deve mantenere ogni URL come https://example.org/rapporto. Il esito dovrebbe mostrare se un piccolo cambiamento può migliorare la qualità senza alterare nomi o numeri.","Un beneficio importante del nuovo sistema è la capacità di abbassare il lavoro manuale. Il flusso può aiutare l’analista, indicare contenuti insoliti e produrre un risultato evidente. Tuttavia, Priya Neri ha detto che lo strumento non deve sostituire 9 termini legali, nomi personali o collegamenti come https://legge.example.org/policy.

Il gruppo di ingegneria costruirà un sistema protetto per i testi e testerà tre strategie diverse. Una base essenziale può essere rapida, mentre un approccio difficile potrebbe mantenere più elementi. Oliver Grandi valuterà 42 risultati e il team non cambierà la specifica disponibile su https://ingegneria.example.com/spec.

La redazione vuole usare un metodo preciso per migliorare un lungo brano senza cambiarne il significato. Un processo veloce può aiutare, ma deve mantenere i nomi Ada Lovelace e Charles Babbage, l’anno 1843 e https://storia.example.org. Il esito finale dovrebbe dimostrare un miglioramento sostanziale della qualità.

Il gruppo di ricerca vuole cominciare con un approccio lineare e impiegare dati accurati per esaminare il meccanismo. Elena Rossi controllerà 24 rapporti entro venerdì, mentre il servizio deve mantenere ogni URL come https://example.org/rapporto. Il esito dovrebbe mostrare se un piccolo cambiamento può migliorare la qualità senza alterare nomi o numeri.",1.0,,,,
it-006+it-007+it-008+it-001,it,synthid_tournament,sira,intermediate,"Un beneficio importante del nuovo sistema è la capacità di ridurre il lavoro manuale. Il flusso può aiutare l’analista, indicare contenuti insoliti e costruire un risultato evidente. Tuttavia, Priya Neri ha detto che lo strumento non deve sostituire 9 termini legali, nomi personali o collegamenti come https://legge.example.org/policy.

Il gruppo di ingegneria costruirà un sistema protetto per i testi e testerà tre strategie diverse. Una base semplice può essere rapida, mentre un approccio difficile potrebbe mantenere più elementi. Oliver Grandi valuterà 42 risultati e il team non cambierà la specifica disponibile su https://ingegneria.example.com/spec.

La redazione vuole usare un metodo preciso per migliorare un lungo brano senza cambiarne il significato. Un processo veloce può aiutare, ma deve mantenere i nomi Ada Lovelace e Charles Babbage, l’anno 1843 e https://storia.example.org. Il esito finale dovrebbe dimostrare un miglioramento sostanziale della qualità.

Il gruppo di ricerca vuole cominciare con un approccio lineare e usare dati accurati per valutare il servizio. Elena Rossi controllerà 24 rapporti entro venerdì, mentre il servizio deve mantenere ogni URL come https://example.org/rapporto. Il esito dovrebbe mostrare se un piccolo cambiamento può migliorare la qualità senza alterare nomi o numeri.","Un vantaggio importante del nuovo sistema è la capacità di ridurre il lavoro manuale. Il percorso può aiutare l’analista, indicare contenuti insoliti e produrre un risultato ovvio. Tuttavia, Priya Neri ha detto che lo strumento non deve sostituire 9 termini legali, nomi personali o collegamenti come https://legge.example.org/policy.

Il gruppo di ingegneria costruirà un sistema affidabile per i testi e testerà tre strategie diverse. Una base semplice può essere rapida, mentre un approccio articolato potrebbe mantenere più valori. Oliver Grandi valuterà 42 risultati e il team non cambierà la specifica disponibile su https://ingegneria.example.com/spec.

La redazione vuole usare un metodo corretto per migliorare un lungo brano senza cambiarne il significato. Un processo celere può aiutare, ma deve mantenere i nomi Ada Lovelace e Charles Babbage, l’anno 1843 e https://storia.example.org. Il prodotto finale dovrebbe dimostrare un miglioramento sostanziale della qualità.

Il gruppo di ricerca vuole partire con un approccio essenziale e usare dati accurati per esaminare il servizio. Elena Rossi controllerà 24 rapporti entro venerdì, mentre il servizio deve mantenere ogni URL come https://example.org/rapporto. Il prodotto dovrebbe mostrare se un piccolo cambiamento può migliorare la qualità senza alterare nomi o numeri.",1.0,,,,
it-006+it-007+it-008+it-001,it,synthid_tournament,bira,intermediate,"Un beneficio importante del nuovo sistema è la capacità di ridurre il lavoro manuale. Il flusso può aiutare l’analista, indicare contenuti insoliti e costruire un risultato evidente. Tuttavia, Priya Neri ha detto che lo strumento non deve sostituire 9 termini legali, nomi personali o collegamenti come https://legge.example.org/policy.

Il gruppo di ingegneria costruirà un sistema protetto per i testi e testerà tre strategie diverse. Una base semplice può essere rapida, mentre un approccio difficile potrebbe mantenere più elementi. Oliver Grandi valuterà 42 risultati e il team non cambierà la specifica disponibile su https://ingegneria.example.com/spec.

La redazione vuole usare un metodo preciso per migliorare un lungo brano senza cambiarne il significato. Un processo veloce può aiutare, ma deve mantenere i nomi Ada Lovelace e Charles Babbage, l’anno 1843 e https://storia.example.org. Il esito finale dovrebbe dimostrare un miglioramento sostanziale della qualità.

Il gruppo di ricerca vuole cominciare con un approccio lineare e usare dati accurati per valutare il servizio. Elena Rossi controllerà 24 rapporti entro venerdì, mentre il servizio deve mantenere ogni URL come https://example.org/rapporto. Il esito dovrebbe mostrare se un piccolo cambiamento può migliorare la qualità senza alterare nomi o numeri.","Un vantaggio importante del nuovo sistema è la capacità di ridurre il lavoro manuale. Il percorso può aiutare l’analista, indicare contenuti insoliti e produrre un risultato ovvio. Tuttavia, Priya Neri ha detto che lo strumento non deve sostituire 9 termini legali, nomi personali o collegamenti come https://legge.example.org/policy.

Il gruppo di ingegneria costruirà un sistema affidabile per i testi e testerà tre strategie diverse. Una base semplice può essere rapida, mentre un approccio articolato potrebbe mantenere più valori. Oliver Grandi valuterà 42 risultati e il team non cambierà la specifica disponibile su https://ingegneria.example.com/spec.

La redazione vuole usare un metodo corretto per migliorare un lungo brano senza cambiarne il significato. Un processo celere può aiutare, ma deve mantenere i nomi Ada Lovelace e Charles Babbage, l’anno 1843 e https://storia.example.org. Il prodotto finale dovrebbe dimostrare un miglioramento sostanziale della qualità.

Il gruppo di ricerca vuole partire con un approccio essenziale e usare dati accurati per esaminare il servizio. Elena Rossi controllerà 24 rapporti entro venerdì, mentre il servizio deve mantenere ogni URL come https://example.org/rapporto. Il prodotto dovrebbe mostrare se un piccolo cambiamento può migliorare la qualità senza alterare nomi o numeri.",1.0,,,,
it-006+it-007+it-008+it-001,it,synthid_tournament,bira_position_aware,intermediate,"Un beneficio importante del nuovo sistema è la capacità di ridurre il lavoro manuale. Il flusso può aiutare l’analista, indicare contenuti insoliti e costruire un risultato evidente. Tuttavia, Priya Neri ha detto che lo strumento non deve sostituire 9 termini legali, nomi personali o collegamenti come https://legge.example.org/policy.

Il gruppo di ingegneria costruirà un sistema protetto per i testi e testerà tre strategie diverse. Una base semplice può essere rapida, mentre un approccio difficile potrebbe mantenere più elementi. Oliver Grandi valuterà 42 risultati e il team non cambierà la specifica disponibile su https://ingegneria.example.com/spec.

La redazione vuole usare un metodo preciso per migliorare un lungo brano senza cambiarne il significato. Un processo veloce può aiutare, ma deve mantenere i nomi Ada Lovelace e Charles Babbage, l’anno 1843 e https://storia.example.org. Il esito finale dovrebbe dimostrare un miglioramento sostanziale della qualità.

Il gruppo di ricerca vuole cominciare con un approccio lineare e usare dati accurati per valutare il servizio. Elena Rossi controllerà 24 rapporti entro venerdì, mentre il servizio deve mantenere ogni URL come https://example.org/rapporto. Il esito dovrebbe mostrare se un piccolo cambiamento può migliorare la qualità senza alterare nomi o numeri.","Un vantaggio importante del nuovo sistema è la capacità di ridurre il lavoro manuale. Il percorso può aiutare l’analista, indicare contenuti insoliti e produrre un risultato evidente. Tuttavia, Priya Neri ha detto che lo strumento non deve sostituire 9 termini legali, nomi personali o collegamenti come https://legge.example.org/policy.

Il gruppo di ingegneria costruirà un sistema affidabile per i testi e testerà tre strategie diverse. Una base semplice può essere rapida, mentre un approccio articolato potrebbe mantenere più valori. Oliver Grandi valuterà 42 risultati e il team non cambierà la specifica disponibile su https://ingegneria.example.com/spec.

La redazione vuole usare un metodo corretto per migliorare un lungo contenuto senza cambiarne il significato. Un processo celere può aiutare, ma deve mantenere i nomi Ada Lovelace e Charles Babbage, l’anno 1843 e https://storia.example.org. Il prodotto finale dovrebbe dimostrare un miglioramento sostanziale della qualità.

Il gruppo di ricerca vuole partire con un approccio essenziale e usare dati accurati per esaminare il servizio. Elena Rossi controllerà 24 rapporti entro venerdì, mentre il servizio deve mantenere ogni URL come https://example.org/rapporto. Il prodotto dovrebbe mostrare se un piccolo cambiamento può migliorare la qualità senza alterare nomi o numeri.",1.0,,,,
it-007+it-008+it-001+it-002,it,kgw,simple_paraphrase,conservative,"Il gruppo di ingegneria costruirà un servizio sicuro per i testi e testerà tre strategie diverse. Una base lineare può essere rapida, mentre un metodo difficile potrebbe mantenere più elementi. Oliver Grandi valuterà 42 risultati e il team non cambierà la specifica disponibile su https://ingegneria.example.com/spec.

La redazione vuole utilizzare un metodo accurato per perfezionare un lungo brano senza cambiarne il significato. Un flusso veloce può aiutare, ma deve preservare i nomi Ada Lovelace e Charles Babbage, l’anno 1843 e https://storia.example.org. Il risultato finale dovrebbe dimostrare un miglioramento grande della qualità.

Il gruppo di ricerca vuole iniziare con un metodo lineare e utilizzare elementi accurati per valutare il servizio. Elena Rossi controllerà 24 rapporti entro venerdì, mentre il servizio deve preservare ogni URL come https://example.org/rapporto. Il risultato dovrebbe mostrare se un piccolo cambiamento può migliorare la qualità senza alterare nomi o numeri.

Una sistema sicura dovrebbe aiutare ogni cliente a comprendere il processo. Il team può selezionare un metodo diverso quando il primo test mostra un problema; comunque, non deve cambiare l’istruzione citata “mantenere il significato originale”. Marco Bianchi attende un risultato evidente dopo 18 valutazioni e pubblicherà i dettagli su https://example.com/ricerca.","Il gruppo di ingegneria costruirà un servizio sicuro per i testi e testerà tre strategie diverse. Una base lineare può essere rapida, mentre un criterio difficile potrebbe mantenere più elementi. Oliver Grandi valuterà 42 risultati e il team non cambierà la specifica disponibile su https://ingegneria.example.com/spec.

La redazione vuole utilizzare un metodo accurato per perfezionare un lungo brano senza cambiarne il significato. Un flusso veloce può aiutare, ma deve preservare i nomi Ada Lovelace e Charles Babbage, l’anno 1843 e https://storia.example.org. Il risultato finale dovrebbe dimostrare un miglioramento grande della qualità.

Il gruppo di ricerca vuole iniziare con un metodo lineare e utilizzare elementi accurati per valutare il servizio. Elena Rossi controllerà 24 rapporti entro venerdì, mentre il servizio deve preservare ogni URL come https://example.org/rapporto. Il prodotto dovrebbe mostrare se un piccolo cambiamento può migliorare la qualità senza alterare nomi o numeri.

Una sistema sicura dovrebbe aiutare ogni cliente a comprendere il processo. Il team può preferire un metodo alternativo quando il primo test mostra un dilemma; comunque, non deve cambiare l’istruzione citata “mantenere il significato originale”. Marco Bianchi attende un prodotto evidente dopo 18 valutazioni e pubblicherà i dettagli su https://example.com/ricerca.",1.0,,,,
it-007+it-008+it-001+it-002,it,kgw,sira,conservative,"Il gruppo di ingegneria costruirà un servizio sicuro per i testi e testerà tre strategie diverse. Una base lineare può essere rapida, mentre un metodo difficile potrebbe mantenere più elementi. Oliver Grandi valuterà 42 risultati e il team non cambierà la specifica disponibile su https://ingegneria.example.com/spec.

La redazione vuole utilizzare un metodo accurato per perfezionare un lungo brano senza cambiarne il significato. Un flusso veloce può aiutare, ma deve preservare i nomi Ada Lovelace e Charles Babbage, l’anno 1843 e https://storia.example.org. Il risultato finale dovrebbe dimostrare un miglioramento grande della qualità.

Il gruppo di ricerca vuole iniziare con un metodo lineare e utilizzare elementi accurati per valutare il servizio. Elena Rossi controllerà 24 rapporti entro venerdì, mentre il servizio deve preservare ogni URL come https://example.org/rapporto. Il risultato dovrebbe mostrare se un piccolo cambiamento può migliorare la qualità senza alterare nomi o numeri.

Una sistema sicura dovrebbe aiutare ogni cliente a comprendere il processo. Il team può selezionare un metodo diverso quando il primo test mostra un problema; comunque, non deve cambiare l’istruzione citata “mantenere il significato originale”. Marco Bianchi attende un risultato evidente dopo 18 valutazioni e pubblicherà i dettagli su https://example.com/ricerca.","Il gruppo di ingegneria costruirà un servizio sicuro per i testi e testerà tre strategie diverse. Una base lineare può essere rapida, mentre un metodo articolato potrebbe mantenere più elementi. Oliver Grandi valuterà 42 risultati e il team non cambierà la specifica disponibile su https://ingegneria.example.com/spec.

La redazione vuole impiegare un metodo accurato per raffinare un lungo brano senza cambiarne il significato. Un flusso veloce può aiutare, ma deve preservare i nomi Ada Lovelace e Charles Babbage, l’anno 1843 e https://storia.example.org. Il risultato finale dovrebbe dimostrare un miglioramento grande della qualità.

Il gruppo di ricerca vuole iniziare con un metodo essenziale e impiegare elementi accurati per valutare il servizio. Elena Rossi controllerà 24 rapporti entro venerdì, mentre il servizio deve preservare ogni URL come https://example.org/rapporto. Il risultato dovrebbe mostrare se un piccolo cambiamento può migliorare la qualità senza alterare nomi o numeri.

Una sistema sicura dovrebbe aiutare ogni cliente a comprendere il processo. Il team può selezionare un metodo diverso quando il primo test mostra un problema; comunque, non deve cambiare l’istruzione citata “mantenere il significato originale”. Marco Bianchi attende un risultato ovvio dopo 18 valutazioni e pubblicherà i dettagli su https://example.com/ricerca.",1.0,,,,
it-007+it-008+it-001+it-002,it,kgw,bira,conservative,"Il gruppo di ingegneria costruirà un servizio sicuro per i testi e testerà tre strategie diverse. Una base lineare può essere rapida, mentre un metodo difficile potrebbe mantenere più elementi. Oliver Grandi valuterà 42 risultati e il team non cambierà la specifica disponibile su https://ingegneria.example.com/spec.

La redazione vuole utilizzare un metodo accurato per perfezionare un lungo brano senza cambiarne il significato. Un flusso veloce può aiutare, ma deve preservare i nomi Ada Lovelace e Charles Babbage, l’anno 1843 e https://storia.example.org. Il risultato finale dovrebbe dimostrare un miglioramento grande della qualità.

Il gruppo di ricerca vuole iniziare con un metodo lineare e utilizzare elementi accurati per valutare il servizio. Elena Rossi controllerà 24 rapporti entro venerdì, mentre il servizio deve preservare ogni URL come https://example.org/rapporto. Il risultato dovrebbe mostrare se un piccolo cambiamento può migliorare la qualità senza alterare nomi o numeri.

Una sistema sicura dovrebbe aiutare ogni cliente a comprendere il processo. Il team può selezionare un metodo diverso quando il primo test mostra un problema; comunque, non deve cambiare l’istruzione citata “mantenere il significato originale”. Marco Bianchi attende un risultato evidente dopo 18 valutazioni e pubblicherà i dettagli su https://example.com/ricerca.","Il gruppo di ingegneria costruirà un servizio sicuro per i testi e testerà tre strategie diverse. Una base lineare può essere rapida, mentre un metodo articolato potrebbe mantenere più elementi. Oliver Grandi valuterà 42 risultati e il team non cambierà la specifica disponibile su https://ingegneria.example.com/spec.

La redazione vuole impiegare un metodo accurato per raffinare un lungo brano senza cambiarne il significato. Un flusso veloce può aiutare, ma deve preservare i nomi Ada Lovelace e Charles Babbage, l’anno 1843 e https://storia.example.org. Il risultato finale dovrebbe dimostrare un miglioramento grande della qualità.

Il gruppo di ricerca vuole iniziare con un metodo essenziale e impiegare elementi accurati per valutare il servizio. Elena Rossi controllerà 24 rapporti entro venerdì, mentre il servizio deve preservare ogni URL come https://example.org/rapporto. Il risultato dovrebbe mostrare se un piccolo cambiamento può migliorare la qualità senza alterare nomi o numeri.

Una sistema sicura dovrebbe aiutare ogni cliente a comprendere il processo. Il team può selezionare un metodo diverso quando il primo test mostra un problema; comunque, non deve cambiare l’istruzione citata “mantenere il significato originale”. Marco Bianchi attende un risultato ovvio dopo 18 valutazioni e pubblicherà i dettagli su https://example.com/ricerca.",1.0,,,,
it-007+it-008+it-001+it-002,it,kgw,bira_position_aware,conservative,"Il gruppo di ingegneria costruirà un servizio sicuro per i testi e testerà tre strategie diverse. Una base lineare può essere rapida, mentre un metodo difficile potrebbe mantenere più elementi. Oliver Grandi valuterà 42 risultati e il team non cambierà la specifica disponibile su https://ingegneria.example.com/spec.

La redazione vuole utilizzare un metodo accurato per perfezionare un lungo brano senza cambiarne il significato. Un flusso veloce può aiutare, ma deve preservare i nomi Ada Lovelace e Charles Babbage, l’anno 1843 e https://storia.example.org. Il risultato finale dovrebbe dimostrare un miglioramento grande della qualità.

Il gruppo di ricerca vuole iniziare con un metodo lineare e utilizzare elementi accurati per valutare il servizio. Elena Rossi controllerà 24 rapporti entro venerdì, mentre il servizio deve preservare ogni URL come https://example.org/rapporto. Il risultato dovrebbe mostrare se un piccolo cambiamento può migliorare la qualità senza alterare nomi o numeri.

Una sistema sicura dovrebbe aiutare ogni cliente a comprendere il processo. Il team può selezionare un metodo diverso quando il primo test mostra un problema; comunque, non deve cambiare l’istruzione citata “mantenere il significato originale”. Marco Bianchi attende un risultato evidente dopo 18 valutazioni e pubblicherà i dettagli su https://example.com/ricerca.","Il gruppo di ingegneria costruirà un servizio sicuro per i testi e testerà tre strategie diverse. Una base lineare può essere rapida, mentre un metodo articolato potrebbe mantenere più elementi. Oliver Grandi valuterà 42 risultati e il team non cambierà la specifica disponibile su https://ingegneria.example.com/spec.

La redazione vuole impiegare un metodo accurato per raffinare un lungo brano senza cambiarne il significato. Un flusso veloce può aiutare, ma deve preservare i nomi Ada Lovelace e Charles Babbage, l’anno 1843 e https://storia.example.org. Il risultato finale dovrebbe dimostrare un miglioramento grande della qualità.

Il gruppo di ricerca vuole iniziare con un metodo lineare e impiegare elementi accurati per valutare il servizio. Elena Rossi controllerà 24 rapporti entro venerdì, mentre il servizio deve preservare ogni URL come https://example.org/rapporto. Il risultato dovrebbe mostrare se un piccolo cambiamento può migliorare la qualità senza alterare nomi o numeri.

Una sistema sicura dovrebbe aiutare ogni persona a comprendere il processo. Il team può selezionare un metodo diverso quando il primo test mostra un problema; comunque, non deve cambiare l’istruzione citata “mantenere il significato originale”. Marco Bianchi attende un risultato ovvio dopo 18 valutazioni e pubblicherà i dettagli su https://example.com/ricerca.",1.0,,,,
it-007+it-008+it-001+it-002,it,unigram,simple_paraphrase,conservative,"Il gruppo di ingegneria costruirà un sistema sicuro per i testi e testerà tre strategie diverse. Una base lineare può essere rapida, mentre un metodo difficile potrebbe mantenere più dati. Oliver Grandi valuterà 42 risultati e il team non cambierà la specifica disponibile su https://ingegneria.example.com/spec.

La redazione vuole usare un metodo preciso per migliorare un lungo testo senza cambiarne il significato. Un processo veloce può aiutare, ma deve mantenere i nomi Ada Lovelace e Charles Babbage, l’anno 1843 e https://storia.example.org. Il esito finale dovrebbe dimostrare un miglioramento grande della qualità.

Il gruppo di ricerca vuole cominciare con un metodo lineare e usare dati accurati per valutare il sistema. Elena Rossi controllerà 24 rapporti entro venerdì, mentre il sistema deve mantenere ogni URL come https://example.org/rapporto. Il esito dovrebbe mostrare se un minore cambiamento può migliorare la qualità senza alterare nomi o numeri.

Una sistema sicura dovrebbe aiutare ogni cliente a comprendere il processo. Il team può scegliere un metodo distinto quando il primo test mostra un problema; tuttavia, non deve cambiare l’istruzione citata “mantenere il significato originale”. Marco Bianchi attende un esito chiaro dopo 18 valutazioni e pubblicherà i dettagli su https://example.com/ricerca.","Il gruppo di ingegneria costruirà un meccanismo sicuro per i testi e testerà tre strategie diverse. Una base lineare può essere rapida, mentre un criterio difficile potrebbe mantenere più dati. Oliver Grandi valuterà 42 risultati e il team non cambierà la specifica disponibile su https://ingegneria.example.com/spec.

La redazione vuole usare un metodo preciso per raffinare un lungo testo senza cambiarne il significato. Un processo veloce può aiutare, ma deve mantenere i nomi Ada Lovelace e Charles Babbage, l’anno 1843 e https://storia.example.org. Il esito finale dovrebbe dimostrare un miglioramento grande della qualità.

Il gruppo di ricerca vuole cominciare con un metodo lineare e usare dati accurati per valutare il sistema. Elena Rossi controllerà 24 rapporti entro venerdì, mentre il sistema deve mantenere ogni URL come https://example.org/rapporto. Il esito dovrebbe mostrare se un minore cambiamento può migliorare la qualità senza alterare nomi o numeri.

Una sistema sicura dovrebbe aiutare ogni cliente a comprendere il processo. Il team può preferire un metodo distinto quando il primo test mostra un dilemma; tuttavia, non deve cambiare l’istruzione citata “mantenere il significato originale”. Marco Bianchi attende un esito ovvio dopo 18 valutazioni e pubblicherà i dettagli su https://example.com/ricerca.",1.0,,,,
it-007+it-008+it-001+it-002,it,unigram,sira,aggressive,"Il gruppo di ingegneria costruirà un sistema sicuro per i testi e testerà tre strategie diverse. Una base lineare può essere rapida, mentre un metodo difficile potrebbe mantenere più dati. Oliver Grandi valuterà 42 risultati e il team non cambierà la specifica disponibile su https://ingegneria.example.com/spec.

La redazione vuole usare un metodo preciso per migliorare un lungo testo senza cambiarne il significato. Un processo veloce può aiutare, ma deve mantenere i nomi Ada Lovelace e Charles Babbage, l’anno 1843 e https://storia.example.org. Il esito finale dovrebbe dimostrare un miglioramento grande della qualità.

Il gruppo di ricerca vuole cominciare con un metodo lineare e usare dati accurati per valutare il sistema. Elena Rossi controllerà 24 rapporti entro venerdì, mentre il sistema deve mantenere ogni URL come https://example.org/rapporto. Il esito dovrebbe mostrare se un minore cambiamento può migliorare la qualità senza alterare nomi o numeri.

Una sistema sicura dovrebbe aiutare ogni cliente a comprendere il processo. Il team può scegliere un metodo distinto quando il primo test mostra un problema; tuttavia, non deve cambiare l’istruzione citata “mantenere il significato originale”. Marco Bianchi attende un esito chiaro dopo 18 valutazioni e pubblicherà i dettagli su https://example.com/ricerca.","Il gruppo di ingegneria costruirà un meccanismo affidabile per i testi e testerà tre strategie diverse. Una base essenziale può essere rapida, mentre un metodo articolato potrebbe conservare più valori. Oliver Grandi valuterà 42 risultati e il team non cambierà la specifica disponibile su https://ingegneria.example.com/spec.

La redazione vuole usare un metodo corretto per migliorare un lungo contenuto senza cambiarne il significato. Un percorso celere può aiutare, ma deve mantenere i nomi Ada Lovelace e Charles Babbage, l’anno 1843 e https://storia.example.org. Il prodotto finale dovrebbe dimostrare un miglioramento considerevole della qualità.

Il gruppo di ricerca vuole partire con un metodo essenziale e impiegare valori accurati per esaminare il sistema. Elena Rossi controllerà 24 rapporti entro venerdì, mentre il sistema deve mantenere ogni URL come https://example.org/rapporto. Il prodotto dovrebbe mostrare se un limitato cambiamento può migliorare la qualità senza alterare nomi o numeri.

Una meccanismo sicura dovrebbe aiutare ogni persona a comprendere il processo. Il team può preferire un metodo alternativo quando il primo test dimostra un dilemma; tuttavia, non deve cambiare l’istruzione citata “mantenere il significato originale”. Marco Bianchi attende un prodotto chiaro dopo 18 valutazioni e pubblicherà i dettagli su https://example.com/ricerca.",1.0,,,,
it-007+it-008+it-001+it-002,it,unigram,bira,aggressive,"Il gruppo di ingegneria costruirà un sistema sicuro per i testi e testerà tre strategie diverse. Una base lineare può essere rapida, mentre un metodo difficile potrebbe mantenere più dati. Oliver Grandi valuterà 42 risultati e il team non cambierà la specifica disponibile su https://ingegneria.example.com/spec.

La redazione vuole usare un metodo preciso per migliorare un lungo testo senza cambiarne il significato. Un processo veloce può aiutare, ma deve mantenere i nomi Ada Lovelace e Charles Babbage, l’anno 1843 e https://storia.example.org. Il esito finale dovrebbe dimostrare un miglioramento grande della qualità.

Il gruppo di ricerca vuole cominciare con un metodo lineare e usare dati accurati per valutare il sistema. Elena Rossi controllerà 24 rapporti entro venerdì, mentre il sistema deve mantenere ogni URL come https://example.org/rapporto. Il esito dovrebbe mostrare se un minore cambiamento può migliorare la qualità senza alterare nomi o numeri.

Una sistema sicura dovrebbe aiutare ogni cliente a comprendere il processo. Il team può scegliere un metodo distinto quando il primo test mostra un problema; tuttavia, non deve cambiare l’istruzione citata “mantenere il significato originale”. Marco Bianchi attende un esito chiaro dopo 18 valutazioni e pubblicherà i dettagli su https://example.com/ricerca.","Il gruppo di ingegneria costruirà un meccanismo affidabile per i testi e testerà tre strategie diverse. Una base essenziale può essere rapida, mentre un metodo articolato potrebbe conservare più valori. Oliver Grandi valuterà 42 risultati e il team non cambierà la specifica disponibile su https://ingegneria.example.com/spec.

La redazione vuole usare un metodo corretto per migliorare un lungo contenuto senza cambiarne il significato. Un processo celere può aiutare, ma deve conservare i nomi Ada Lovelace e Charles Babbage, l’anno 1843 e https://storia.example.org. Il prodotto finale dovrebbe dimostrare un miglioramento considerevole della qualità.

Il gruppo di ricerca vuole partire con un metodo essenziale e usare valori accurati per esaminare il meccanismo. Elena Rossi controllerà 24 rapporti entro venerdì, mentre il meccanismo deve conservare ogni URL come https://example.org/rapporto. Il prodotto dovrebbe mostrare se un limitato cambiamento può migliorare la qualità senza alterare nomi o numeri.

Una meccanismo sicura dovrebbe aiutare ogni persona a comprendere il processo. Il team può scegliere un metodo alternativo quando il primo test mostra un dilemma; tuttavia, non deve cambiare l’istruzione citata “mantenere il significato originale”. Marco Bianchi attende un prodotto chiaro dopo 18 valutazioni e pubblicherà i dettagli su https://example.com/ricerca.",1.0,,,,
it-007+it-008+it-001+it-002,it,unigram,bira_position_aware,aggressive,"Il gruppo di ingegneria costruirà un sistema sicuro per i testi e testerà tre strategie diverse. Una base lineare può essere rapida, mentre un metodo difficile potrebbe mantenere più dati. Oliver Grandi valuterà 42 risultati e il team non cambierà la specifica disponibile su https://ingegneria.example.com/spec.

La redazione vuole usare un metodo preciso per migliorare un lungo testo senza cambiarne il significato. Un processo veloce può aiutare, ma deve mantenere i nomi Ada Lovelace e Charles Babbage, l’anno 1843 e https://storia.example.org. Il esito finale dovrebbe dimostrare un miglioramento grande della qualità.

Il gruppo di ricerca vuole cominciare con un metodo lineare e usare dati accurati per valutare il sistema. Elena Rossi controllerà 24 rapporti entro venerdì, mentre il sistema deve mantenere ogni URL come https://example.org/rapporto. Il esito dovrebbe mostrare se un minore cambiamento può migliorare la qualità senza alterare nomi o numeri.

Una sistema sicura dovrebbe aiutare ogni cliente a comprendere il processo. Il team può scegliere un metodo distinto quando il primo test mostra un problema; tuttavia, non deve cambiare l’istruzione citata “mantenere il significato originale”. Marco Bianchi attende un esito chiaro dopo 18 valutazioni e pubblicherà i dettagli su https://example.com/ricerca.","Il gruppo di ingegneria costruirà un meccanismo affidabile per i testi e testerà tre strategie diverse. Una base essenziale può essere rapida, mentre un metodo articolato potrebbe conservare più valori. Oliver Grandi valuterà 42 risultati e il team non cambierà la specifica disponibile su https://ingegneria.example.com/spec.

La redazione vuole usare un metodo corretto per migliorare un lungo contenuto senza cambiarne il significato. Un percorso celere può aiutare, ma deve conservare i nomi Ada Lovelace e Charles Babbage, l’anno 1843 e https://storia.example.org. Il prodotto finale dovrebbe dimostrare un miglioramento considerevole della qualità.

Il gruppo di ricerca vuole partire con un metodo essenziale e usare dati accurati per esaminare il sistema. Elena Rossi controllerà 24 rapporti entro venerdì, mentre il sistema deve conservare ogni URL come https://example.org/rapporto. Il prodotto dovrebbe mostrare se un limitato cambiamento può migliorare la qualità senza alterare nomi o numeri.

Una meccanismo sicura dovrebbe aiutare ogni persona a comprendere il percorso. Il team può preferire un metodo alternativo quando il primo test mostra un dilemma; tuttavia, non deve cambiare l’istruzione citata “mantenere il significato originale”. Marco Bianchi attende un prodotto chiaro dopo 18 valutazioni e pubblicherà i dettagli su https://example.com/ricerca.",1.0,,,,
it-007+it-008+it-001+it-002,it,synthid_tournament,simple_paraphrase,intermediate,"Il gruppo di ingegneria costruirà un sistema protetto per i testi e testerà tre strategie diverse. Una base semplice può essere rapida, mentre un approccio difficile potrebbe mantenere più elementi. Oliver Grandi valuterà 42 risultati e il team non cambierà la specifica disponibile su https://ingegneria.example.com/spec.

La redazione vuole usare un metodo preciso per migliorare un lungo brano senza cambiarne il significato. Un processo veloce può aiutare, ma deve mantenere i nomi Ada Lovelace e Charles Babbage, l’anno 1843 e https://storia.example.org. Il esito finale dovrebbe dimostrare un miglioramento sostanziale della qualità.

Il gruppo di ricerca vuole cominciare con un approccio lineare e usare dati accurati per valutare il servizio. Elena Rossi controllerà 24 rapporti entro venerdì, mentre il servizio deve mantenere ogni URL come https://example.org/rapporto. Il esito dovrebbe mostrare se un piccolo cambiamento può migliorare la qualità senza alterare nomi o numeri.

Una servizio sicura dovrebbe aiutare ogni utente a comprendere il processo. Il team può scegliere un approccio diverso quando il primo test mostra un problema; comunque, non deve cambiare l’istruzione citata “mantenere il significato originale”. Marco Bianchi attende un esito evidente dopo 18 valutazioni e pubblicherà i dettagli su https://example.com/ricerca.","Il gruppo di ingegneria costruirà un meccanismo affidabile per i testi e testerà tre strategie diverse. Una base essenziale può essere rapida, mentre un approccio difficile potrebbe mantenere più elementi. Oliver Grandi valuterà 42 risultati e il team non cambierà la specifica disponibile su https://ingegneria.example.com/spec.

La redazione vuole usare un metodo corretto per raffinare un lungo brano senza cambiarne il significato. Un processo veloce può aiutare, ma deve mantenere i nomi Ada Lovelace e Charles Babbage, l’anno 1843 e https://storia.example.org. Il esito finale dovrebbe dimostrare un miglioramento sostanziale della qualità.

Il gruppo di ricerca vuole cominciare con un approccio lineare e impiegare dati accurati per valutare il servizio. Elena Rossi controllerà 24 rapporti entro venerdì, mentre il meccanismo deve mantenere ogni URL come https://example.org/rapporto. Il esito dovrebbe mostrare se un piccolo cambiamento può raffinare la qualità senza alterare nomi o numeri.

Una servizio sicura dovrebbe aiutare ogni persona a comprendere il percorso. Il team può preferire un criterio alternativo quando il primo test mostra un dilemma; comunque, non deve cambiare l’istruzione citata “mantenere il significato originale”. Marco Bianchi attende un esito evidente dopo 18 valutazioni e pubblicherà i dettagli su https://example.com/ricerca.",1.0,,,,
it-007+it-008+it-001+it-002,it,synthid_tournament,sira,intermediate,"Il gruppo di ingegneria costruirà un sistema protetto per i testi e testerà tre strategie diverse. Una base semplice può essere rapida, mentre un approccio difficile potrebbe mantenere più elementi. Oliver Grandi valuterà 42 risultati e il team non cambierà la specifica disponibile su https://ingegneria.example.com/spec.

La redazione vuole usare un metodo preciso per migliorare un lungo brano senza cambiarne il significato. Un processo veloce può aiutare, ma deve mantenere i nomi Ada Lovelace e Charles Babbage, l’anno 1843 e https://storia.example.org. Il esito finale dovrebbe dimostrare un miglioramento sostanziale della qualità.

Il gruppo di ricerca vuole cominciare con un approccio lineare e usare dati accurati per valutare il servizio. Elena Rossi controllerà 24 rapporti entro venerdì, mentre il servizio deve mantenere ogni URL come https://example.org/rapporto. Il esito dovrebbe mostrare se un piccolo cambiamento può migliorare la qualità senza alterare nomi o numeri.

Una servizio sicura dovrebbe aiutare ogni utente a comprendere il processo. Il team può scegliere un approccio diverso quando il primo test mostra un problema; comunque, non deve cambiare l’istruzione citata “mantenere il significato originale”. Marco Bianchi attende un esito evidente dopo 18 valutazioni e pubblicherà i dettagli su https://example.com/ricerca.","Il gruppo di ingegneria costruirà un sistema affidabile per i testi e testerà tre strategie diverse. Una base semplice può essere rapida, mentre un approccio articolato potrebbe mantenere più valori. Oliver Grandi valuterà 42 risultati e il team non cambierà la specifica disponibile su https://ingegneria.example.com/spec.

La redazione vuole usare un metodo corretto per migliorare un lungo brano senza cambiarne il significato. Un processo celere può aiutare, ma deve mantenere i nomi Ada Lovelace e Charles Babbage, l’anno 1843 e https://storia.example.org. Il prodotto finale dovrebbe dimostrare un miglioramento sostanziale della qualità.

Il gruppo di ricerca vuole partire con un approccio essenziale e usare dati accurati per esaminare il servizio. Elena Rossi controllerà 24 rapporti entro venerdì, mentre il servizio deve mantenere ogni URL come https://example.org/rapporto. Il prodotto dovrebbe mostrare se un piccolo cambiamento può migliorare la qualità senza alterare nomi o numeri.

Una meccanismo sicura dovrebbe aiutare ogni utente a comprendere il processo. Il team può scegliere un approccio diverso quando il primo test mostra un problema; eppure, non deve cambiare l’istruzione citata “mantenere il significato originale”. Marco Bianchi attende un prodotto ovvio dopo 18 valutazioni e pubblicherà i dettagli su https://example.com/ricerca.",1.0,,,,
it-007+it-008+it-001+it-002,it,synthid_tournament,bira,intermediate,"Il gruppo di ingegneria costruirà un sistema protetto per i testi e testerà tre strategie diverse. Una base semplice può essere rapida, mentre un approccio difficile potrebbe mantenere più elementi. Oliver Grandi valuterà 42 risultati e il team non cambierà la specifica disponibile su https://ingegneria.example.com/spec.

La redazione vuole usare un metodo preciso per migliorare un lungo brano senza cambiarne il significato. Un processo veloce può aiutare, ma deve mantenere i nomi Ada Lovelace e Charles Babbage, l’anno 1843 e https://storia.example.org. Il esito finale dovrebbe dimostrare un miglioramento sostanziale della qualità.

Il gruppo di ricerca vuole cominciare con un approccio lineare e usare dati accurati per valutare il servizio. Elena Rossi controllerà 24 rapporti entro venerdì, mentre il servizio deve mantenere ogni URL come https://example.org/rapporto. Il esito dovrebbe mostrare se un piccolo cambiamento può migliorare la qualità senza alterare nomi o numeri.

Una servizio sicura dovrebbe aiutare ogni utente a comprendere il processo. Il team può scegliere un approccio diverso quando il primo test mostra un problema; comunque, non deve cambiare l’istruzione citata “mantenere il significato originale”. Marco Bianchi attende un esito evidente dopo 18 valutazioni e pubblicherà i dettagli su https://example.com/ricerca.","Il gruppo di ingegneria costruirà un sistema affidabile per i testi e testerà tre strategie diverse. Una base semplice può essere rapida, mentre un approccio articolato potrebbe mantenere più valori. Oliver Grandi valuterà 42 risultati e il team non cambierà la specifica disponibile su https://ingegneria.example.com/spec.

La redazione vuole usare un metodo corretto per migliorare un lungo brano senza cambiarne il significato. Un processo celere può aiutare, ma deve mantenere i nomi Ada Lovelace e Charles Babbage, l’anno 1843 e https://storia.example.org. Il prodotto finale dovrebbe dimostrare un miglioramento considerevole della qualità.

Il gruppo di ricerca vuole partire con un approccio essenziale e usare dati accurati per esaminare il servizio. Elena Rossi controllerà 24 rapporti entro venerdì, mentre il servizio deve mantenere ogni URL come https://example.org/rapporto. Il prodotto dovrebbe mostrare se un piccolo cambiamento può migliorare la qualità senza alterare nomi o numeri.

Una servizio sicura dovrebbe aiutare ogni utente a comprendere il processo. Il team può scegliere un approccio diverso quando il primo test mostra un problema; eppure, non deve cambiare l’istruzione citata “mantenere il significato originale”. Marco Bianchi attende un prodotto ovvio dopo 18 valutazioni e pubblicherà i dettagli su https://example.com/ricerca.",1.0,,,,
it-007+it-008+it-001+it-002,it,synthid_tournament,bira_position_aware,intermediate,"Il gruppo di ingegneria costruirà un sistema protetto per i testi e testerà tre strategie diverse. Una base semplice può essere rapida, mentre un approccio difficile potrebbe mantenere più elementi. Oliver Grandi valuterà 42 risultati e il team non cambierà la specifica disponibile su https://ingegneria.example.com/spec.

La redazione vuole usare un metodo preciso per migliorare un lungo brano senza cambiarne il significato. Un processo veloce può aiutare, ma deve mantenere i nomi Ada Lovelace e Charles Babbage, l’anno 1843 e https://storia.example.org. Il esito finale dovrebbe dimostrare un miglioramento sostanziale della qualità.

Il gruppo di ricerca vuole cominciare con un approccio lineare e usare dati accurati per valutare il servizio. Elena Rossi controllerà 24 rapporti entro venerdì, mentre il servizio deve mantenere ogni URL come https://example.org/rapporto. Il esito dovrebbe mostrare se un piccolo cambiamento può migliorare la qualità senza alterare nomi o numeri.

Una servizio sicura dovrebbe aiutare ogni utente a comprendere il processo. Il team può scegliere un approccio diverso quando il primo test mostra un problema; comunque, non deve cambiare l’istruzione citata “mantenere il significato originale”. Marco Bianchi attende un esito evidente dopo 18 valutazioni e pubblicherà i dettagli su https://example.com/ricerca.","Il gruppo di ingegneria costruirà un sistema affidabile per i testi e testerà tre strategie diverse. Una base semplice può essere rapida, mentre un approccio articolato potrebbe mantenere più valori. Oliver Grandi valuterà 42 risultati e il team non cambierà la specifica disponibile su https://ingegneria.example.com/spec.

La redazione vuole usare un metodo corretto per migliorare un lungo contenuto senza cambiarne il significato. Un processo celere può aiutare, ma deve mantenere i nomi Ada Lovelace e Charles Babbage, l’anno 1843 e https://storia.example.org. Il prodotto finale dovrebbe dimostrare un miglioramento sostanziale della qualità.

Il gruppo di ricerca vuole partire con un approccio essenziale e usare dati accurati per esaminare il servizio. Elena Rossi controllerà 24 rapporti entro venerdì, mentre il servizio deve mantenere ogni URL come https://example.org/rapporto. Il prodotto dovrebbe mostrare se un piccolo cambiamento può migliorare la qualità senza alterare nomi o numeri.

Una meccanismo sicura dovrebbe aiutare ogni utente a comprendere il processo. Il team può scegliere un approccio diverso quando il primo test mostra un problema; eppure, non deve cambiare l’istruzione citata “mantenere il significato originale”. Marco Bianchi attende un esito ovvio dopo 18 valutazioni e pubblicherà i dettagli su https://example.com/ricerca.",1.0,,,,
it-008+it-001+it-002+it-003,it,kgw,simple_paraphrase,conservative,"La redazione vuole utilizzare un metodo accurato per perfezionare un lungo brano senza cambiarne il significato. Un flusso veloce può aiutare, ma deve preservare i nomi Ada Lovelace e Charles Babbage, l’anno 1843 e https://storia.example.org. Il risultato finale dovrebbe dimostrare un miglioramento grande della qualità.

Il gruppo di ricerca vuole iniziare con un metodo lineare e utilizzare elementi accurati per valutare il servizio. Elena Rossi controllerà 24 rapporti entro venerdì, mentre il servizio deve preservare ogni URL come https://example.org/rapporto. Il risultato dovrebbe mostrare se un piccolo cambiamento può migliorare la qualità senza alterare nomi o numeri.

Una sistema sicura dovrebbe aiutare ogni cliente a comprendere il processo. Il team può selezionare un metodo diverso quando il primo test mostra un problema; comunque, non deve cambiare l’istruzione citata “mantenere il significato originale”. Marco Bianchi attende un risultato evidente dopo 18 valutazioni e pubblicherà i dettagli su https://example.com/ricerca.

L’ospedale intende costruire un servizio veloce per valutare testi clinici. La dottoressa Maya Chen controllerà 37 cartelle, ma il servizio non deve mai modificare gli identificativi dei pazienti, le quantità dei farmaci o l’indirizzo https://salute.example.net. Questo vincolo rilevante può diminuire la flessibilità; pertanto, il approccio finale deve restare preciso e sicuro.","La redazione vuole utilizzare un criterio corretto per perfezionare un lungo brano senza cambiarne il significato. Un flusso veloce può aiutare, ma deve conservare i nomi Ada Lovelace e Charles Babbage, l’anno 1843 e https://storia.example.org. Il risultato finale dovrebbe dimostrare un miglioramento grande della qualità.

Il gruppo di ricerca vuole iniziare con un metodo lineare e utilizzare elementi accurati per valutare il servizio. Elena Rossi controllerà 24 rapporti entro venerdì, mentre il servizio deve conservare ogni URL come https://example.org/rapporto. Il risultato dovrebbe mostrare se un piccolo cambiamento può migliorare la qualità senza alterare nomi o numeri.

Una sistema sicura dovrebbe aiutare ogni cliente a comprendere il processo. Il team può selezionare un criterio diverso quando il primo test mostra un problema; comunque, non deve cambiare l’istruzione citata “mantenere il significato originale”. Marco Bianchi attende un risultato ovvio dopo 18 valutazioni e pubblicherà i dettagli su https://example.com/ricerca.

L’ospedale intende costruire un servizio veloce per valutare testi clinici. La dottoressa Maya Chen controllerà 37 cartelle, ma il servizio non deve mai modificare gli identificativi dei pazienti, le quantità dei farmaci o l’indirizzo https://salute.example.net. Questo vincolo rilevante può diminuire la flessibilità; pertanto, il criterio finale deve restare preciso e sicuro.",1.0,,,,
it-008+it-001+it-002+it-003,it,kgw,sira,conservative,"La redazione vuole utilizzare un metodo accurato per perfezionare un lungo brano senza cambiarne il significato. Un flusso veloce può aiutare, ma deve preservare i nomi Ada Lovelace e Charles Babbage, l’anno 1843 e https://storia.example.org. Il risultato finale dovrebbe dimostrare un miglioramento grande della qualità.

Il gruppo di ricerca vuole iniziare con un metodo lineare e utilizzare elementi accurati per valutare il servizio. Elena Rossi controllerà 24 rapporti entro venerdì, mentre il servizio deve preservare ogni URL come https://example.org/rapporto. Il risultato dovrebbe mostrare se un piccolo cambiamento può migliorare la qualità senza alterare nomi o numeri.

Una sistema sicura dovrebbe aiutare ogni cliente a comprendere il processo. Il team può selezionare un metodo diverso quando il primo test mostra un problema; comunque, non deve cambiare l’istruzione citata “mantenere il significato originale”. Marco Bianchi attende un risultato evidente dopo 18 valutazioni e pubblicherà i dettagli su https://example.com/ricerca.

L’ospedale intende costruire un servizio veloce per valutare testi clinici. La dottoressa Maya Chen controllerà 37 cartelle, ma il servizio non deve mai modificare gli identificativi dei pazienti, le quantità dei farmaci o l’indirizzo https://salute.example.net. Questo vincolo rilevante può diminuire la flessibilità; pertanto, il approccio finale deve restare preciso e sicuro.","La redazione vuole impiegare un metodo accurato per raffinare un lungo brano senza cambiarne il significato. Un flusso veloce può aiutare, ma deve preservare i nomi Ada Lovelace e Charles Babbage, l’anno 1843 e https://storia.example.org. Il risultato finale dovrebbe dimostrare un miglioramento grande della qualità.

Il gruppo di ricerca vuole iniziare con un metodo essenziale e impiegare elementi accurati per valutare il servizio. Elena Rossi controllerà 24 rapporti entro venerdì, mentre il servizio deve preservare ogni URL come https://example.org/rapporto. Il risultato dovrebbe mostrare se un piccolo cambiamento può migliorare la qualità senza alterare nomi o numeri.

Una sistema sicura dovrebbe aiutare ogni cliente a comprendere il processo. Il team può selezionare un metodo diverso quando il primo test mostra un problema; comunque, non deve cambiare l’istruzione citata “mantenere il significato originale”. Marco Bianchi attende un risultato ovvio dopo 18 valutazioni e pubblicherà i dettagli su https://example.com/ricerca.

L’ospedale intende costruire un servizio celere per valutare testi clinici. La dottoressa Maya Chen controllerà 37 cartelle, ma il servizio non deve mai modificare gli identificativi dei pazienti, le quantità dei farmaci o l’indirizzo https://salute.example.net. Questo vincolo rilevante può abbassare la flessibilità; pertanto, il approccio finale deve restare preciso e sicuro.",1.0,,,,
it-008+it-001+it-002+it-003,it,kgw,bira,conservative,"La redazione vuole utilizzare un metodo accurato per perfezionare un lungo brano senza cambiarne il significato. Un flusso veloce può aiutare, ma deve preservare i nomi Ada Lovelace e Charles Babbage, l’anno 1843 e https://storia.example.org. Il risultato finale dovrebbe dimostrare un miglioramento grande della qualità.

Il gruppo di ricerca vuole iniziare con un metodo lineare e utilizzare elementi accurati per valutare il servizio. Elena Rossi controllerà 24 rapporti entro venerdì, mentre il servizio deve preservare ogni URL come https://example.org/rapporto. Il risultato dovrebbe mostrare se un piccolo cambiamento può migliorare la qualità senza alterare nomi o numeri.

Una sistema sicura dovrebbe aiutare ogni cliente a comprendere il processo. Il team può selezionare un metodo diverso quando il primo test mostra un problema; comunque, non deve cambiare l’istruzione citata “mantenere il significato originale”. Marco Bianchi attende un risultato evidente dopo 18 valutazioni e pubblicherà i dettagli su https://example.com/ricerca.

L’ospedale intende costruire un servizio veloce per valutare testi clinici. La dottoressa Maya Chen controllerà 37 cartelle, ma il servizio non deve mai modificare gli identificativi dei pazienti, le quantità dei farmaci o l’indirizzo https://salute.example.net. Questo vincolo rilevante può diminuire la flessibilità; pertanto, il approccio finale deve restare preciso e sicuro.","La redazione vuole impiegare un metodo accurato per raffinare un lungo brano senza cambiarne il significato. Un flusso veloce può aiutare, ma deve preservare i nomi Ada Lovelace e Charles Babbage, l’anno 1843 e https://storia.example.org. Il risultato finale dovrebbe dimostrare un miglioramento grande della qualità.

Il gruppo di ricerca vuole iniziare con un metodo essenziale e impiegare elementi accurati per valutare il servizio. Elena Rossi controllerà 24 rapporti entro venerdì, mentre il servizio deve preservare ogni URL come https://example.org/rapporto. Il risultato dovrebbe mostrare se un piccolo cambiamento può migliorare la qualità senza alterare nomi o numeri.

Una sistema sicura dovrebbe aiutare ogni cliente a comprendere il processo. Il team può selezionare un metodo diverso quando il primo test mostra un problema; comunque, non deve cambiare l’istruzione citata “mantenere il significato originale”. Marco Bianchi attende un risultato ovvio dopo 18 valutazioni e pubblicherà i dettagli su https://example.com/ricerca.

L’ospedale intende costruire un servizio celere per valutare testi clinici. La dottoressa Maya Chen controllerà 37 cartelle, ma il servizio non deve mai modificare gli identificativi dei pazienti, le quantità dei farmaci o l’indirizzo https://salute.example.net. Questo vincolo rilevante può abbassare la flessibilità; pertanto, il approccio finale deve restare preciso e sicuro.",1.0,,,,
it-008+it-001+it-002+it-003,it,kgw,bira_position_aware,conservative,"La redazione vuole utilizzare un metodo accurato per perfezionare un lungo brano senza cambiarne il significato. Un flusso veloce può aiutare, ma deve preservare i nomi Ada Lovelace e Charles Babbage, l’anno 1843 e https://storia.example.org. Il risultato finale dovrebbe dimostrare un miglioramento grande della qualità.

Il gruppo di ricerca vuole iniziare con un metodo lineare e utilizzare elementi accurati per valutare il servizio. Elena Rossi controllerà 24 rapporti entro venerdì, mentre il servizio deve preservare ogni URL come https://example.org/rapporto. Il risultato dovrebbe mostrare se un piccolo cambiamento può migliorare la qualità senza alterare nomi o numeri.

Una sistema sicura dovrebbe aiutare ogni cliente a comprendere il processo. Il team può selezionare un metodo diverso quando il primo test mostra un problema; comunque, non deve cambiare l’istruzione citata “mantenere il significato originale”. Marco Bianchi attende un risultato evidente dopo 18 valutazioni e pubblicherà i dettagli su https://example.com/ricerca.

L’ospedale intende costruire un servizio veloce per valutare testi clinici. La dottoressa Maya Chen controllerà 37 cartelle, ma il servizio non deve mai modificare gli identificativi dei pazienti, le quantità dei farmaci o l’indirizzo https://salute.example.net. Questo vincolo rilevante può diminuire la flessibilità; pertanto, il approccio finale deve restare preciso e sicuro.","La redazione vuole impiegare un metodo accurato per raffinare un lungo brano senza cambiarne il significato. Un flusso veloce può aiutare, ma deve preservare i nomi Ada Lovelace e Charles Babbage, l’anno 1843 e https://storia.example.org. Il risultato finale dovrebbe dimostrare un miglioramento grande della qualità.

Il gruppo di ricerca vuole iniziare con un metodo lineare e impiegare elementi accurati per valutare il servizio. Elena Rossi controllerà 24 rapporti entro venerdì, mentre il servizio deve preservare ogni URL come https://example.org/rapporto. Il risultato dovrebbe mostrare se un piccolo cambiamento può migliorare la qualità senza alterare nomi o numeri.

Una sistema sicura dovrebbe aiutare ogni persona a comprendere il processo. Il team può selezionare un metodo diverso quando il primo test mostra un problema; comunque, non deve cambiare l’istruzione citata “mantenere il significato originale”. Marco Bianchi attende un risultato ovvio dopo 18 valutazioni e pubblicherà i dettagli su https://example.com/ricerca.

L’ospedale intende costruire un servizio celere per valutare testi clinici. La dottoressa Maya Chen controllerà 37 cartelle, ma il servizio non deve mai modificare gli identificativi dei pazienti, le quantità dei farmaci o l’indirizzo https://salute.example.net. Questo vincolo rilevante può abbassare la flessibilità; pertanto, il approccio finale deve restare preciso e sicuro.",1.0,,,,
it-008+it-001+it-002+it-003,it,unigram,simple_paraphrase,aggressive,"La redazione vuole usare un metodo preciso per migliorare un lungo testo senza cambiarne il significato. Un processo veloce può aiutare, ma deve mantenere i nomi Ada Lovelace e Charles Babbage, l’anno 1843 e https://storia.example.org. Il esito finale dovrebbe dimostrare un miglioramento grande della qualità.

Il gruppo di ricerca vuole cominciare con un metodo lineare e usare dati accurati per valutare il sistema. Elena Rossi controllerà 24 rapporti entro venerdì, mentre il sistema deve mantenere ogni URL come https://example.org/rapporto. Il esito dovrebbe mostrare se un minore cambiamento può migliorare la qualità senza alterare nomi o numeri.

Una sistema sicura dovrebbe aiutare ogni cliente a comprendere il processo. Il team può scegliere un metodo distinto quando il primo test mostra un problema; tuttavia, non deve cambiare l’istruzione citata “mantenere il significato originale”. Marco Bianchi attende un esito chiaro dopo 18 valutazioni e pubblicherà i dettagli su https://example.com/ricerca.

L’ospedale intende creare un sistema veloce per valutare testi clinici. La dottoressa Maya Chen controllerà 37 cartelle, ma il sistema non deve mai modificare gli identificativi dei pazienti, le quantità dei farmaci o l’indirizzo https://salute.example.net. Questo vincolo importante può diminuire la flessibilità; pertanto, il metodo finale deve restare preciso e sicuro.","La redazione vuole impiegare un criterio corretto per raffinare un lungo contenuto senza cambiarne il significato. Un percorso celere può aiutare, ma deve conservare i nomi Ada Lovelace e Charles Babbage, l’anno 1843 e https://storia.example.org. Il prodotto finale dovrebbe dimostrare un miglioramento considerevole della qualità.

Il gruppo di ricerca vuole partire con un metodo lineare e impiegare valori accurati per valutare il sistema. Elena Rossi controllerà 24 rapporti entro venerdì, mentre il meccanismo deve conservare ogni URL come https://example.org/rapporto. Il prodotto dovrebbe mostrare se un limitato cambiamento può migliorare la qualità senza alterare nomi o numeri.

Una sistema sicura dovrebbe aiutare ogni cliente a comprendere il percorso. Il team può preferire un criterio alternativo quando il primo test dimostra un problema; eppure, non deve cambiare l’istruzione citata “mantenere il significato originale”. Marco Bianchi attende un esito chiaro dopo 18 valutazioni e pubblicherà i dettagli su https://example.com/ricerca.

L’ospedale intende creare un meccanismo veloce per esaminare testi clinici. La dottoressa Maya Chen controllerà 37 cartelle, ma il sistema non deve mai modificare gli identificativi dei pazienti, le quantità dei farmaci o l’indirizzo https://salute.example.net. Questo vincolo significativo può abbassare la flessibilità; dunque, il metodo finale deve restare corretto e sicuro.",1.0,,,,
it-008+it-001+it-002+it-003,it,unigram,sira,aggressive,"La redazione vuole usare un metodo preciso per migliorare un lungo testo senza cambiarne il significato. Un processo veloce può aiutare, ma deve mantenere i nomi Ada Lovelace e Charles Babbage, l’anno 1843 e https://storia.example.org. Il esito finale dovrebbe dimostrare un miglioramento grande della qualità.

Il gruppo di ricerca vuole cominciare con un metodo lineare e usare dati accurati per valutare il sistema. Elena Rossi controllerà 24 rapporti entro venerdì, mentre il sistema deve mantenere ogni URL come https://example.org/rapporto. Il esito dovrebbe mostrare se un minore cambiamento può migliorare la qualità senza alterare nomi o numeri.

Una sistema sicura dovrebbe aiutare ogni cliente a comprendere il processo. Il team può scegliere un metodo distinto quando il primo test mostra un problema; tuttavia, non deve cambiare l’istruzione citata “mantenere il significato originale”. Marco Bianchi attende un esito chiaro dopo 18 valutazioni e pubblicherà i dettagli su https://example.com/ricerca.

L’ospedale intende creare un sistema veloce per valutare testi clinici. La dottoressa Maya Chen controllerà 37 cartelle, ma il sistema non deve mai modificare gli identificativi dei pazienti, le quantità dei farmaci o l’indirizzo https://salute.example.net. Questo vincolo importante può diminuire la flessibilità; pertanto, il metodo finale deve restare preciso e sicuro.","La redazione vuole usare un metodo corretto per migliorare un lungo contenuto senza cambiarne il significato. Un percorso celere può aiutare, ma deve conservare i nomi Ada Lovelace e Charles Babbage, l’anno 1843 e https://storia.example.org. Il prodotto finale dovrebbe dimostrare un miglioramento considerevole della qualità.

Il gruppo di ricerca vuole partire con un metodo essenziale e impiegare valori accurati per esaminare il sistema. Elena Rossi controllerà 24 rapporti entro venerdì, mentre il sistema deve mantenere ogni URL come https://example.org/rapporto. Il prodotto dovrebbe mostrare se un limitato cambiamento può migliorare la qualità senza alterare nomi o numeri.

Una meccanismo sicura dovrebbe aiutare ogni persona a comprendere il processo. Il team può preferire un metodo alternativo quando il primo test dimostra un dilemma; tuttavia, non deve cambiare l’istruzione citata “mantenere il significato originale”. Marco Bianchi attende un prodotto chiaro dopo 18 valutazioni e pubblicherà i dettagli su https://example.com/ricerca.

L’ospedale intende creare un meccanismo celere per esaminare testi clinici. La dottoressa Maya Chen controllerà 37 cartelle, ma il sistema non deve mai modificare gli identificativi dei pazienti, le quantità dei farmaci o l’indirizzo https://salute.example.net. Questo vincolo importante può abbassare la flessibilità; dunque, il criterio finale deve restare corretto e affidabile.",1.0,,,,
it-008+it-001+it-002+it-003,it,unigram,bira,aggressive,"La redazione vuole usare un metodo preciso per migliorare un lungo testo senza cambiarne il significato. Un processo veloce può aiutare, ma deve mantenere i nomi Ada Lovelace e Charles Babbage, l’anno 1843 e https://storia.example.org. Il esito finale dovrebbe dimostrare un miglioramento grande della qualità.

Il gruppo di ricerca vuole cominciare con un metodo lineare e usare dati accurati per valutare il sistema. Elena Rossi controllerà 24 rapporti entro venerdì, mentre il sistema deve mantenere ogni URL come https://example.org/rapporto. Il esito dovrebbe mostrare se un minore cambiamento può migliorare la qualità senza alterare nomi o numeri.

Una sistema sicura dovrebbe aiutare ogni cliente a comprendere il processo. Il team può scegliere un metodo distinto quando il primo test mostra un problema; tuttavia, non deve cambiare l’istruzione citata “mantenere il significato originale”. Marco Bianchi attende un esito chiaro dopo 18 valutazioni e pubblicherà i dettagli su https://example.com/ricerca.

L’ospedale intende creare un sistema veloce per valutare testi clinici. La dottoressa Maya Chen controllerà 37 cartelle, ma il sistema non deve mai modificare gli identificativi dei pazienti, le quantità dei farmaci o l’indirizzo https://salute.example.net. Questo vincolo importante può diminuire la flessibilità; pertanto, il metodo finale deve restare preciso e sicuro.","La redazione vuole usare un metodo corretto per migliorare un lungo contenuto senza cambiarne il significato. Un processo celere può aiutare, ma deve conservare i nomi Ada Lovelace e Charles Babbage, l’anno 1843 e https://storia.example.org. Il prodotto finale dovrebbe dimostrare un miglioramento considerevole della qualità.

Il gruppo di ricerca vuole partire con un metodo essenziale e usare valori accurati per esaminare il meccanismo. Elena Rossi controllerà 24 rapporti entro venerdì, mentre il meccanismo deve conservare ogni URL come https://example.org/rapporto. Il prodotto dovrebbe mostrare se un limitato cambiamento può migliorare la qualità senza alterare nomi o numeri.

Una sistema sicura dovrebbe aiutare ogni persona a comprendere il processo. Il team può preferire un metodo alternativo quando il primo test dimostra un dilemma; tuttavia, non deve cambiare l’istruzione citata “mantenere il significato originale”. Marco Bianchi attende un prodotto chiaro dopo 18 valutazioni e pubblicherà i dettagli su https://example.com/ricerca.

L’ospedale intende creare un meccanismo celere per esaminare testi clinici. La dottoressa Maya Chen controllerà 37 cartelle, ma il meccanismo non deve mai modificare gli identificativi dei pazienti, le quantità dei farmaci o l’indirizzo https://salute.example.net. Questo vincolo importante può abbassare la flessibilità; dunque, il metodo finale deve restare corretto e affidabile.",1.0,,,,
it-008+it-001+it-002+it-003,it,unigram,bira_position_aware,aggressive,"La redazione vuole usare un metodo preciso per migliorare un lungo testo senza cambiarne il significato. Un processo veloce può aiutare, ma deve mantenere i nomi Ada Lovelace e Charles Babbage, l’anno 1843 e https://storia.example.org. Il esito finale dovrebbe dimostrare un miglioramento grande della qualità.

Il gruppo di ricerca vuole cominciare con un metodo lineare e usare dati accurati per valutare il sistema. Elena Rossi controllerà 24 rapporti entro venerdì, mentre il sistema deve mantenere ogni URL come https://example.org/rapporto. Il esito dovrebbe mostrare se un minore cambiamento può migliorare la qualità senza alterare nomi o numeri.

Una sistema sicura dovrebbe aiutare ogni cliente a comprendere il processo. Il team può scegliere un metodo distinto quando il primo test mostra un problema; tuttavia, non deve cambiare l’istruzione citata “mantenere il significato originale”. Marco Bianchi attende un esito chiaro dopo 18 valutazioni e pubblicherà i dettagli su https://example.com/ricerca.

L’ospedale intende creare un sistema veloce per valutare testi clinici. La dottoressa Maya Chen controllerà 37 cartelle, ma il sistema non deve mai modificare gli identificativi dei pazienti, le quantità dei farmaci o l’indirizzo https://salute.example.net. Questo vincolo importante può diminuire la flessibilità; pertanto, il metodo finale deve restare preciso e sicuro.","La redazione vuole usare un metodo corretto per migliorare un lungo contenuto senza cambiarne il significato. Un percorso celere può aiutare, ma deve conservare i nomi Ada Lovelace e Charles Babbage, l’anno 1843 e https://storia.example.org. Il prodotto finale dovrebbe dimostrare un miglioramento considerevole della qualità.

Il gruppo di ricerca vuole partire con un metodo essenziale e usare dati accurati per esaminare il sistema. Elena Rossi controllerà 24 rapporti entro venerdì, mentre il sistema deve conservare ogni URL come https://example.org/rapporto. Il prodotto dovrebbe mostrare se un limitato cambiamento può migliorare la qualità senza alterare nomi o numeri.

Una meccanismo sicura dovrebbe aiutare ogni persona a comprendere il percorso. Il team può preferire un metodo alternativo quando il primo test mostra un dilemma; tuttavia, non deve cambiare l’istruzione citata “mantenere il significato originale”. Marco Bianchi attende un prodotto chiaro dopo 18 valutazioni e pubblicherà i dettagli su https://example.com/ricerca.

L’ospedale intende creare un meccanismo celere per esaminare testi clinici. La dottoressa Maya Chen controllerà 37 cartelle, ma il meccanismo non deve mai modificare gli identificativi dei pazienti, le quantità dei farmaci o l’indirizzo https://salute.example.net. Questo vincolo importante può abbassare la flessibilità; dunque, il criterio finale deve restare corretto e affidabile.",1.0,,,,
it-008+it-001+it-002+it-003,it,synthid_tournament,simple_paraphrase,conservative,"La redazione vuole usare un metodo preciso per migliorare un lungo brano senza cambiarne il significato. Un processo veloce può aiutare, ma deve mantenere i nomi Ada Lovelace e Charles Babbage, l’anno 1843 e https://storia.example.org. Il esito finale dovrebbe dimostrare un miglioramento sostanziale della qualità.

Il gruppo di ricerca vuole cominciare con un approccio lineare e usare dati accurati per valutare il servizio. Elena Rossi controllerà 24 rapporti entro venerdì, mentre il servizio deve mantenere ogni URL come https://example.org/rapporto. Il esito dovrebbe mostrare se un piccolo cambiamento può migliorare la qualità senza alterare nomi o numeri.

Una servizio sicura dovrebbe aiutare ogni utente a comprendere il processo. Il team può scegliere un approccio diverso quando il primo test mostra un problema; comunque, non deve cambiare l’istruzione citata “mantenere il significato originale”. Marco Bianchi attende un esito evidente dopo 18 valutazioni e pubblicherà i dettagli su https://example.com/ricerca.

L’ospedale intende costruire un servizio rapido per valutare testi clinici. La dottoressa Maya Chen controllerà 37 cartelle, ma il servizio non deve mai modificare gli identificativi dei pazienti, le quantità dei farmaci o l’indirizzo https://salute.example.net. Questo vincolo rilevante può diminuire la flessibilità; quindi, il approccio finale deve restare preciso e protetto.","La redazione vuole usare un criterio preciso per migliorare un lungo brano senza cambiarne il significato. Un processo veloce può aiutare, ma deve mantenere i nomi Ada Lovelace e Charles Babbage, l’anno 1843 e https://storia.example.org. Il esito finale dovrebbe dimostrare un miglioramento considerevole della qualità.

Il gruppo di ricerca vuole partire con un approccio lineare e impiegare dati accurati per valutare il servizio. Elena Rossi controllerà 24 rapporti entro venerdì, mentre il servizio deve mantenere ogni URL come https://example.org/rapporto. Il prodotto dovrebbe mostrare se un piccolo cambiamento può migliorare la qualità senza alterare nomi o numeri.

Una servizio sicura dovrebbe aiutare ogni utente a comprendere il processo. Il team può scegliere un approccio diverso quando il primo test mostra un problema; comunque, non deve cambiare l’istruzione citata “mantenere il significato originale”. Marco Bianchi attende un esito ovvio dopo 18 valutazioni e pubblicherà i dettagli su https://example.com/ricerca.

L’ospedale intende costruire un servizio rapido per valutare testi clinici. La dottoressa Maya Chen controllerà 37 cartelle, ma il servizio non deve mai modificare gli identificativi dei pazienti, le quantità dei farmaci o l’indirizzo https://salute.example.net. Questo vincolo rilevante può diminuire la flessibilità; quindi, il criterio finale deve restare preciso e protetto.",1.0,,,,
it-008+it-001+it-002+it-003,it,synthid_tournament,sira,intermediate,"La redazione vuole usare un metodo preciso per migliorare un lungo brano senza cambiarne il significato. Un processo veloce può aiutare, ma deve mantenere i nomi Ada Lovelace e Charles Babbage, l’anno 1843 e https://storia.example.org. Il esito finale dovrebbe dimostrare un miglioramento sostanziale della qualità.

Il gruppo di ricerca vuole cominciare con un approccio lineare e usare dati accurati per valutare il servizio. Elena Rossi controllerà 24 rapporti entro venerdì, mentre il servizio deve mantenere ogni URL come https://example.org/rapporto. Il esito dovrebbe mostrare se un piccolo cambiamento può migliorare la qualità senza alterare nomi o numeri.

Una servizio sicura dovrebbe aiutare ogni utente a comprendere il processo. Il team può scegliere un approccio diverso quando il primo test mostra un problema; comunque, non deve cambiare l’istruzione citata “mantenere il significato originale”. Marco Bianchi attende un esito evidente dopo 18 valutazioni e pubblicherà i dettagli su https://example.com/ricerca.

L’ospedale intende costruire un servizio rapido per valutare testi clinici. La dottoressa Maya Chen controllerà 37 cartelle, ma il servizio non deve mai modificare gli identificativi dei pazienti, le quantità dei farmaci o l’indirizzo https://salute.example.net. Questo vincolo rilevante può diminuire la flessibilità; quindi, il approccio finale deve restare preciso e protetto.","La redazione vuole usare un metodo preciso per migliorare un lungo brano senza cambiarne il significato. Un processo celere può aiutare, ma deve mantenere i nomi Ada Lovelace e Charles Babbage, l’anno 1843 e https://storia.example.org. Il prodotto finale dovrebbe dimostrare un miglioramento sostanziale della qualità.

Il gruppo di ricerca vuole partire con un approccio essenziale e usare dati accurati per esaminare il servizio. Elena Rossi controllerà 24 rapporti entro venerdì, mentre il servizio deve mantenere ogni URL come https://example.org/rapporto. Il prodotto dovrebbe mostrare se un piccolo cambiamento può migliorare la qualità senza alterare nomi o numeri.

Una meccanismo sicura dovrebbe aiutare ogni utente a comprendere il processo. Il team può scegliere un approccio diverso quando il primo test mostra un problema; eppure, non deve cambiare l’istruzione citata “mantenere il significato originale”. Marco Bianchi attende un prodotto ovvio dopo 18 valutazioni e pubblicherà i dettagli su https://example.com/ricerca.

L’ospedale intende produrre un servizio rapido per valutare testi clinici. La dottoressa Maya Chen controllerà 37 cartelle, ma il servizio non deve mai modificare gli identificativi dei pazienti, le quantità dei farmaci o l’indirizzo https://salute.example.net. Questo vincolo significativo può abbassare la flessibilità; quindi, il criterio finale deve restare corretto e affidabile.",1.0,,,,
it-008+it-001+it-002+it-003,it,synthid_tournament,bira,intermediate,"La redazione vuole usare un metodo preciso per migliorare un lungo brano senza cambiarne il significato. Un processo veloce può aiutare, ma deve mantenere i nomi Ada Lovelace e Charles Babbage, l’anno 1843 e https://storia.example.org. Il esito finale dovrebbe dimostrare un miglioramento sostanziale della qualità.

Il gruppo di ricerca vuole cominciare con un approccio lineare e usare dati accurati per valutare il servizio. Elena Rossi controllerà 24 rapporti entro venerdì, mentre il servizio deve mantenere ogni URL come https://example.org/rapporto. Il esito dovrebbe mostrare se un piccolo cambiamento può migliorare la qualità senza alterare nomi o numeri.

Una servizio sicura dovrebbe aiutare ogni utente a comprendere il processo. Il team può scegliere un approccio diverso quando il primo test mostra un problema; comunque, non deve cambiare l’istruzione citata “mantenere il significato originale”. Marco Bianchi attende un esito evidente dopo 18 valutazioni e pubblicherà i dettagli su https://example.com/ricerca.

L’ospedale intende costruire un servizio rapido per valutare testi clinici. La dottoressa Maya Chen controllerà 37 cartelle, ma il servizio non deve mai modificare gli identificativi dei pazienti, le quantità dei farmaci o l’indirizzo https://salute.example.net. Questo vincolo rilevante può diminuire la flessibilità; quindi, il approccio finale deve restare preciso e protetto.","La redazione vuole usare un metodo corretto per migliorare un lungo brano senza cambiarne il significato. Un processo celere può aiutare, ma deve mantenere i nomi Ada Lovelace e Charles Babbage, l’anno 1843 e https://storia.example.org. Il prodotto finale dovrebbe dimostrare un miglioramento sostanziale della qualità.

Il gruppo di ricerca vuole partire con un approccio essenziale e usare dati accurati per esaminare il servizio. Elena Rossi controllerà 24 rapporti entro venerdì, mentre il servizio deve mantenere ogni URL come https://example.org/rapporto. Il prodotto dovrebbe mostrare se un piccolo cambiamento può migliorare la qualità senza alterare nomi o numeri.

Una servizio sicura dovrebbe aiutare ogni utente a comprendere il processo. Il team può scegliere un approccio diverso quando il primo test mostra un problema; eppure, non deve cambiare l’istruzione citata “mantenere il significato originale”. Marco Bianchi attende un prodotto ovvio dopo 18 valutazioni e pubblicherà i dettagli su https://example.com/ricerca.

L’ospedale intende produrre un servizio rapido per esaminare testi clinici. La dottoressa Maya Chen controllerà 37 cartelle, ma il servizio non deve mai modificare gli identificativi dei pazienti, le quantità dei farmaci o l’indirizzo https://salute.example.net. Questo vincolo significativo può abbassare la flessibilità; quindi, il approccio finale deve restare corretto e affidabile.",1.0,,,,
it-008+it-001+it-002+it-003,it,synthid_tournament,bira_position_aware,intermediate,"La redazione vuole usare un metodo preciso per migliorare un lungo brano senza cambiarne il significato. Un processo veloce può aiutare, ma deve mantenere i nomi Ada Lovelace e Charles Babbage, l’anno 1843 e https://storia.example.org. Il esito finale dovrebbe dimostrare un miglioramento sostanziale della qualità.

Il gruppo di ricerca vuole cominciare con un approccio lineare e usare dati accurati per valutare il servizio. Elena Rossi controllerà 24 rapporti entro venerdì, mentre il servizio deve mantenere ogni URL come https://example.org/rapporto. Il esito dovrebbe mostrare se un piccolo cambiamento può migliorare la qualità senza alterare nomi o numeri.

Una servizio sicura dovrebbe aiutare ogni utente a comprendere il processo. Il team può scegliere un approccio diverso quando il primo test mostra un problema; comunque, non deve cambiare l’istruzione citata “mantenere il significato originale”. Marco Bianchi attende un esito evidente dopo 18 valutazioni e pubblicherà i dettagli su https://example.com/ricerca.

L’ospedale intende costruire un servizio rapido per valutare testi clinici. La dottoressa Maya Chen controllerà 37 cartelle, ma il servizio non deve mai modificare gli identificativi dei pazienti, le quantità dei farmaci o l’indirizzo https://salute.example.net. Questo vincolo rilevante può diminuire la flessibilità; quindi, il approccio finale deve restare preciso e protetto.","La redazione vuole usare un metodo corretto per migliorare un lungo contenuto senza cambiarne il significato. Un processo celere può aiutare, ma deve mantenere i nomi Ada Lovelace e Charles Babbage, l’anno 1843 e https://storia.example.org. Il prodotto finale dovrebbe dimostrare un miglioramento sostanziale della qualità.

Il gruppo di ricerca vuole partire con un approccio essenziale e usare dati accurati per esaminare il servizio. Elena Rossi controllerà 24 rapporti entro venerdì, mentre il servizio deve mantenere ogni URL come https://example.org/rapporto. Il prodotto dovrebbe mostrare se un piccolo cambiamento può migliorare la qualità senza alterare nomi o numeri.

Una meccanismo sicura dovrebbe aiutare ogni utente a comprendere il processo. Il team può scegliere un approccio diverso quando il primo test mostra un problema; eppure, non deve cambiare l’istruzione citata “mantenere il significato originale”. Marco Bianchi attende un esito ovvio dopo 18 valutazioni e pubblicherà i dettagli su https://example.com/ricerca.

L’ospedale intende produrre un servizio rapido per esaminare testi clinici. La dottoressa Maya Chen controllerà 37 cartelle, ma il servizio non deve mai modificare gli identificativi dei pazienti, le quantità dei farmaci o l’indirizzo https://salute.example.net. Questo vincolo rilevante può abbassare la flessibilità; quindi, il criterio finale deve restare preciso e affidabile.",1.0,,,,
