sample_id,language,watermark,pipeline,budget,budget_ratio,evaluation_policy,selected,stop_passed,score,threshold,detected,token_edit_distance,changed_token_ratio,character_edit_distance,semantic_similarity,nli_proxy,protected_preservation,negation_preservation,entities_preserved,numbers_preserved,urls_preserved,quality_passes,latency_ms,progressive_cumulative_latency_ms,estimated_cost_per_1k_tokens,input_tokens,changed_positions
en-001+en-002+en-003+en-004,en,kgw,no_attack,none,0.0,baseline,True,False,0.7629902416373224,0.6629500205604228,True,0,0.0,0,1.0,1.0,1.0,1.0,True,True,True,True,0.0,0.0,0.0,217,0
en-001+en-002+en-003+en-004,en,kgw,simple_paraphrase,conservative,0.15,fixed_budget_grid,False,False,0.7428694199595781,0.6629500205604228,True,8,0.03686635944700461,51,1.0,1.0,1.0,1.0,True,True,True,True,0.7254164665937424,0.7254164665937424,0.0,217,8
en-001+en-002+en-003+en-004,en,kgw,simple_paraphrase,intermediate,0.35,fixed_budget_grid,True,True,0.6422981051731833,0.6629500205604228,False,18,0.08294930875576037,111,1.0,1.0,1.0,1.0,True,True,True,True,0.7207076996564865,1.4461241662502289,0.0,217,18
en-001+en-002+en-003+en-004,en,kgw,simple_paraphrase,aggressive,0.65,fixed_budget_grid,False,False,0.6468526122271641,0.6629500205604228,False,34,0.15668202764976957,233,1.0,1.0,1.0,1.0,True,True,True,True,0.7319999858736992,2.178124152123928,0.0,217,34
en-001+en-002+en-003+en-004,en,kgw,sira,conservative,0.15,fixed_budget_grid,False,False,0.7387595881968105,0.6629500205604228,True,8,0.03686635944700461,56,1.0,1.0,1.0,1.0,True,True,True,True,0.8753743022680283,0.8753743022680283,0.0,217,8
en-001+en-002+en-003+en-004,en,kgw,sira,intermediate,0.35,fixed_budget_grid,False,False,0.6963213957962312,0.6629500205604228,True,18,0.08294930875576037,125,1.0,1.0,1.0,1.0,True,True,True,True,0.9504156187176704,1.8257899209856987,0.0,217,18
en-001+en-002+en-003+en-004,en,kgw,sira,aggressive,0.65,fixed_budget_grid,True,True,0.6154389641199869,0.6629500205604228,False,34,0.15668202764976957,241,1.0,1.0,1.0,1.0,True,True,True,True,1.0811667889356613,2.90695670992136,0.0,217,34
en-001+en-002+en-003+en-004,en,kgw,bira,conservative,0.15,fixed_budget_grid,False,False,0.7387595881968105,0.6629500205604228,True,8,0.03686635944700461,56,1.0,1.0,1.0,1.0,True,True,True,True,0.9153746068477631,0.9153746068477631,0.0,217,8
en-001+en-002+en-003+en-004,en,kgw,bira,intermediate,0.35,fixed_budget_grid,False,False,0.7180905600258497,0.6629500205604228,True,18,0.08294930875576037,124,1.0,1.0,1.0,1.0,True,True,True,True,0.9710835292935371,1.8864581361413002,0.0,217,18
en-001+en-002+en-003+en-004,en,kgw,bira,aggressive,0.65,fixed_budget_grid,True,True,0.5948940414342773,0.6629500205604228,False,34,0.15668202764976957,240,1.0,1.0,1.0,1.0,True,True,True,True,1.083957962691784,2.970416098833084,0.0,217,34
en-001+en-002+en-003+en-004,en,kgw,bira_position_aware,conservative,0.15,fixed_budget_grid,False,False,0.7387595881968105,0.6629500205604228,True,8,0.03686635944700461,56,1.0,1.0,1.0,1.0,True,True,True,True,0.8853757753968239,0.8853757753968239,0.0,217,8
en-001+en-002+en-003+en-004,en,kgw,bira_position_aware,intermediate,0.35,fixed_budget_grid,True,True,0.6332680318872201,0.6629500205604228,False,18,0.08294930875576037,134,1.0,1.0,1.0,1.0,True,True,True,True,0.942750833928585,1.828126609325409,0.0,217,18
en-001+en-002+en-003+en-004,en,kgw,bira_position_aware,aggressive,0.65,fixed_budget_grid,False,False,0.5192462450280362,0.6629500205604228,False,34,0.15668202764976957,240,1.0,1.0,1.0,1.0,True,True,True,True,1.0655000805854797,2.8936266899108887,0.0,217,34
en-001+en-002+en-003+en-004,en,unigram,no_attack,none,0.0,baseline,True,False,0.8045919971448617,0.6998222731773693,True,0,0.0,0,1.0,1.0,1.0,1.0,True,True,True,True,0.0,0.0,0.0,217,0
en-001+en-002+en-003+en-004,en,unigram,simple_paraphrase,conservative,0.15,fixed_budget_grid,False,False,0.7849680202327151,0.6998222731773693,True,8,0.03686635944700461,51,1.0,1.0,1.0,1.0,True,True,True,True,0.7156664505600929,0.7156664505600929,0.0,217,8
en-001+en-002+en-003+en-004,en,unigram,simple_paraphrase,intermediate,0.35,fixed_budget_grid,True,True,0.6997264490340462,0.6998222731773693,False,18,0.08294930875576037,113,1.0,1.0,1.0,1.0,True,True,True,True,0.7199998944997787,1.4356663450598717,0.0,217,18
en-001+en-002+en-003+en-004,en,unigram,simple_paraphrase,aggressive,0.65,fixed_budget_grid,False,False,0.5613874318120786,0.6998222731773693,False,34,0.15668202764976957,240,1.0,1.0,1.0,1.0,True,True,True,True,0.73208287358284,2.1677492186427116,0.0,217,34
en-001+en-002+en-003+en-004,en,unigram,sira,conservative,0.15,fixed_budget_grid,False,False,0.7384160799009494,0.6998222731773693,True,8,0.03686635944700461,54,1.0,1.0,1.0,1.0,True,True,True,True,0.8435416966676712,0.8435416966676712,0.0,217,8
en-001+en-002+en-003+en-004,en,unigram,sira,intermediate,0.35,fixed_budget_grid,True,True,0.6554962546944543,0.6998222731773693,False,18,0.08294930875576037,128,1.0,1.0,1.0,1.0,True,True,True,True,0.9207902476191521,1.7643319442868233,0.0,217,18
en-001+en-002+en-003+en-004,en,unigram,sira,aggressive,0.65,fixed_budget_grid,False,False,0.5136795062228716,0.6998222731773693,False,34,0.15668202764976957,243,1.0,1.0,1.0,1.0,True,True,True,True,1.022624783217907,2.7869567275047302,0.0,217,34
en-001+en-002+en-003+en-004,en,unigram,bira,conservative,0.15,fixed_budget_grid,False,False,0.7379615829385405,0.6998222731773693,True,8,0.03686635944700461,54,1.0,1.0,1.0,1.0,True,True,True,True,0.9187078103423119,0.9187078103423119,0.0,217,8
en-001+en-002+en-003+en-004,en,unigram,bira,intermediate,0.35,fixed_budget_grid,True,True,0.655361358655415,0.6998222731773693,False,18,0.08294930875576037,126,1.0,1.0,1.0,1.0,True,True,True,True,0.9579155594110489,1.8766233697533607,0.0,217,18
en-001+en-002+en-003+en-004,en,unigram,bira,aggressive,0.65,fixed_budget_grid,False,False,0.49507255715444426,0.6998222731773693,False,34,0.15668202764976957,245,1.0,1.0,1.0,1.0,True,True,True,True,1.0809162631630898,2.9575396329164505,0.0,217,34
en-001+en-002+en-003+en-004,en,unigram,bira_position_aware,conservative,0.15,fixed_budget_grid,False,False,0.7384160799009494,0.6998222731773693,True,8,0.03686635944700461,54,1.0,1.0,1.0,1.0,True,True,True,True,0.8664997294545174,0.8664997294545174,0.0,217,8
en-001+en-002+en-003+en-004,en,unigram,bira_position_aware,intermediate,0.35,fixed_budget_grid,True,True,0.6553259477458141,0.6998222731773693,False,18,0.08294930875576037,132,1.0,1.0,1.0,1.0,True,True,True,True,0.9929994121193886,1.859499141573906,0.0,217,18
en-001+en-002+en-003+en-004,en,unigram,bira_position_aware,aggressive,0.65,fixed_budget_grid,False,False,0.5442567129195608,0.6998222731773693,False,34,0.15668202764976957,239,1.0,1.0,1.0,1.0,True,True,True,True,1.0956665500998497,2.9551656916737556,0.0,217,34
en-001+en-002+en-003+en-004,en,synthid_tournament,no_attack,none,0.0,baseline,True,False,0.5864824773294579,0.607205463810219,False,0,0.0,0,1.0,1.0,1.0,1.0,True,True,True,True,0.0,0.0,0.0,217,0
en-001+en-002+en-003+en-004,en,synthid_tournament,simple_paraphrase,conservative,0.15,fixed_budget_grid,True,True,0.5996642250547861,0.607205463810219,False,8,0.03686635944700461,50,1.0,1.0,1.0,1.0,True,True,True,True,0.7157502695918083,0.7157502695918083,0.0,217,8
en-001+en-002+en-003+en-004,en,synthid_tournament,simple_paraphrase,intermediate,0.35,fixed_budget_grid,False,False,0.5841755530860758,0.607205463810219,False,18,0.08294930875576037,106,1.0,1.0,1.0,1.0,True,True,True,True,0.7239151746034622,1.4396654441952705,0.0,217,18
en-001+en-002+en-003+en-004,en,synthid_tournament,simple_paraphrase,aggressive,0.65,fixed_budget_grid,False,False,0.5494718139798842,0.607205463810219,False,34,0.15668202764976957,217,1.0,1.0,1.0,1.0,True,True,True,True,0.7401248440146446,2.179790288209915,0.0,217,34
en-001+en-002+en-003+en-004,en,synthid_tournament,sira,conservative,0.15,fixed_budget_grid,True,True,0.5620198472228951,0.607205463810219,False,8,0.03686635944700461,49,1.0,1.0,1.0,1.0,True,True,True,True,0.8544996380805969,0.8544996380805969,0.0,217,8
en-001+en-002+en-003+en-004,en,synthid_tournament,sira,intermediate,0.35,fixed_budget_grid,False,False,0.5136378273371692,0.607205463810219,False,18,0.08294930875576037,129,1.0,1.0,1.0,1.0,True,True,True,True,0.9135417640209198,1.7680414021015167,0.0,217,18
en-001+en-002+en-003+en-004,en,synthid_tournament,sira,aggressive,0.65,fixed_budget_grid,False,False,0.545007907670504,0.607205463810219,False,34,0.15668202764976957,229,1.0,1.0,1.0,1.0,True,True,True,True,1.0195840150117874,2.787625417113304,0.0,217,34
en-001+en-002+en-003+en-004,en,synthid_tournament,bira,conservative,0.15,fixed_budget_grid,True,True,0.5566066693825747,0.607205463810219,False,8,0.03686635944700461,49,1.0,1.0,1.0,1.0,True,True,True,True,0.9117498993873596,0.9117498993873596,0.0,217,8
en-001+en-002+en-003+en-004,en,synthid_tournament,bira,intermediate,0.35,fixed_budget_grid,False,False,0.5132777522966957,0.607205463810219,False,18,0.08294930875576037,129,1.0,1.0,1.0,1.0,True,True,True,True,0.9622080251574516,1.8739579245448112,0.0,217,18
en-001+en-002+en-003+en-004,en,synthid_tournament,bira,aggressive,0.65,fixed_budget_grid,False,False,0.5074062165176109,0.607205463810219,False,34,0.15668202764976957,227,1.0,1.0,1.0,1.0,True,True,True,True,1.071792095899582,2.945750020444393,0.0,217,34
en-001+en-002+en-003+en-004,en,synthid_tournament,bira_position_aware,conservative,0.15,fixed_budget_grid,True,True,0.5563036171974433,0.607205463810219,False,8,0.03686635944700461,51,1.0,1.0,1.0,1.0,True,True,True,True,0.855875201523304,0.855875201523304,0.0,217,8
en-001+en-002+en-003+en-004,en,synthid_tournament,bira_position_aware,intermediate,0.35,fixed_budget_grid,False,False,0.511778941902571,0.607205463810219,False,18,0.08294930875576037,130,1.0,1.0,1.0,1.0,True,True,True,True,0.939415767788887,1.795290969312191,0.0,217,18
en-001+en-002+en-003+en-004,en,synthid_tournament,bira_position_aware,aggressive,0.65,fixed_budget_grid,False,False,0.4579991095901472,0.607205463810219,False,34,0.15668202764976957,225,1.0,1.0,1.0,1.0,True,True,True,True,1.3357922434806824,3.1310832127928734,0.0,217,34
en-002+en-003+en-004+en-005,en,kgw,no_attack,none,0.0,baseline,True,False,0.792976154992412,0.6629500205604228,True,0,0.0,0,1.0,1.0,1.0,1.0,True,True,True,True,0.0,0.0,0.0,215,0
en-002+en-003+en-004+en-005,en,kgw,simple_paraphrase,conservative,0.15,fixed_budget_grid,False,False,0.7645802717332308,0.6629500205604228,True,7,0.03255813953488372,43,1.0,1.0,1.0,1.0,True,True,True,True,0.7441667839884758,0.7441667839884758,0.0,215,7
en-002+en-003+en-004+en-005,en,kgw,simple_paraphrase,intermediate,0.35,fixed_budget_grid,False,False,0.7397331046469793,0.6629500205604228,True,16,0.07441860465116279,110,1.0,1.0,1.0,1.0,True,True,True,True,0.7229577749967575,1.4671245589852333,0.0,215,16
en-002+en-003+en-004+en-005,en,kgw,simple_paraphrase,aggressive,0.65,fixed_budget_grid,True,False,0.7169538615839726,0.6629500205604228,True,29,0.13488372093023257,197,1.0,1.0,1.0,1.0,True,True,True,True,0.7354998961091042,2.2026244550943375,0.0,215,29
en-002+en-003+en-004+en-005,en,kgw,sira,conservative,0.15,fixed_budget_grid,False,False,0.740600183955764,0.6629500205604228,True,7,0.03255813953488372,52,1.0,1.0,1.0,1.0,True,True,True,True,0.8674580603837967,0.8674580603837967,0.0,215,7
en-002+en-003+en-004+en-005,en,kgw,sira,intermediate,0.35,fixed_budget_grid,False,False,0.7160292584581903,0.6629500205604228,True,16,0.07441860465116279,114,1.0,1.0,1.0,1.0,True,True,True,True,0.8900836110115051,1.7575416713953018,0.0,215,16
en-002+en-003+en-004+en-005,en,kgw,sira,aggressive,0.65,fixed_budget_grid,True,True,0.6260816418231778,0.6629500205604228,False,29,0.13488372093023257,212,1.0,1.0,1.0,1.0,True,True,True,True,0.9811660274863243,2.738707698881626,0.0,215,29
en-002+en-003+en-004+en-005,en,kgw,bira,conservative,0.15,fixed_budget_grid,False,False,0.740600183955764,0.6629500205604228,True,7,0.03255813953488372,52,1.0,1.0,1.0,1.0,True,True,True,True,0.8949581533670425,0.8949581533670425,0.0,215,7
en-002+en-003+en-004+en-005,en,kgw,bira,intermediate,0.35,fixed_budget_grid,False,False,0.6911597055074178,0.6629500205604228,True,16,0.07441860465116279,113,1.0,1.0,1.0,1.0,True,True,True,True,0.9490000084042549,1.8439581617712975,0.0,215,16
en-002+en-003+en-004+en-005,en,kgw,bira,aggressive,0.65,fixed_budget_grid,True,True,0.626091078534257,0.6629500205604228,False,29,0.13488372093023257,213,1.0,1.0,1.0,1.0,True,True,True,True,1.0205404832959175,2.864498645067215,0.0,215,29
en-002+en-003+en-004+en-005,en,kgw,bira_position_aware,conservative,0.15,fixed_budget_grid,False,False,0.740600183955764,0.6629500205604228,True,7,0.03255813953488372,52,1.0,1.0,1.0,1.0,True,True,True,True,0.8530421182513237,0.8530421182513237,0.0,215,7
en-002+en-003+en-004+en-005,en,kgw,bira_position_aware,intermediate,0.35,fixed_budget_grid,False,False,0.66811960250579,0.6629500205604228,True,16,0.07441860465116279,122,1.0,1.0,1.0,1.0,True,True,True,True,0.9377496317028999,1.7907917499542236,0.0,215,16
en-002+en-003+en-004+en-005,en,kgw,bira_position_aware,aggressive,0.65,fixed_budget_grid,True,True,0.6027319850252597,0.6629500205604228,False,29,0.13488372093023257,211,1.0,1.0,1.0,1.0,True,True,True,True,1.014583744108677,2.8053754940629005,0.0,215,29
en-002+en-003+en-004+en-005,en,unigram,no_attack,none,0.0,baseline,True,False,0.8188375179500547,0.6998222731773693,True,0,0.0,0,1.0,1.0,1.0,1.0,True,True,True,True,0.0,0.0,0.0,215,0
en-002+en-003+en-004+en-005,en,unigram,simple_paraphrase,conservative,0.15,fixed_budget_grid,False,False,0.7638204198005042,0.6998222731773693,True,7,0.03255813953488372,49,1.0,1.0,1.0,1.0,True,True,True,True,0.7220003753900528,0.7220003753900528,0.0,215,7
en-002+en-003+en-004+en-005,en,unigram,simple_paraphrase,intermediate,0.35,fixed_budget_grid,False,False,0.7158594104284048,0.6998222731773693,True,16,0.07441860465116279,114,1.0,1.0,1.0,1.0,True,True,True,True,0.7098745554685593,1.431874930858612,0.0,215,16
en-002+en-003+en-004+en-005,en,unigram,simple_paraphrase,aggressive,0.65,fixed_budget_grid,True,True,0.581736431890995,0.6998222731773693,False,29,0.13488372093023257,200,1.0,1.0,1.0,1.0,True,True,True,True,0.7307911291718483,2.1626660600304604,0.0,215,29
en-002+en-003+en-004+en-005,en,unigram,sira,conservative,0.15,fixed_budget_grid,False,False,0.7432478031514539,0.6998222731773693,True,7,0.03255813953488372,51,1.0,1.0,1.0,1.0,True,True,True,True,0.8281674236059189,0.8281674236059189,0.0,215,7
en-002+en-003+en-004+en-005,en,unigram,sira,intermediate,0.35,fixed_budget_grid,True,True,0.6717098584607217,0.6998222731773693,False,16,0.07441860465116279,118,1.0,1.0,1.0,1.0,True,True,True,True,0.8782083168625832,1.706375740468502,0.0,215,16
en-002+en-003+en-004+en-005,en,unigram,sira,aggressive,0.65,fixed_budget_grid,False,False,0.5582166577490931,0.6998222731773693,False,29,0.13488372093023257,219,1.0,1.0,1.0,1.0,True,True,True,True,0.9715836495161057,2.6779593899846077,0.0,215,29
en-002+en-003+en-004+en-005,en,unigram,bira,conservative,0.15,fixed_budget_grid,False,False,0.7432478031514539,0.6998222731773693,True,7,0.03255813953488372,51,1.0,1.0,1.0,1.0,True,True,True,True,0.8617499843239784,0.8617499843239784,0.0,215,7
en-002+en-003+en-004+en-005,en,unigram,bira,intermediate,0.35,fixed_budget_grid,True,True,0.6717095757094215,0.6998222731773693,False,16,0.07441860465116279,114,1.0,1.0,1.0,1.0,True,True,True,True,0.9376667439937592,1.7994167283177376,0.0,215,16
en-002+en-003+en-004+en-005,en,unigram,bira,aggressive,0.65,fixed_budget_grid,False,False,0.55830083834645,0.6998222731773693,False,29,0.13488372093023257,218,1.0,1.0,1.0,1.0,True,True,True,True,1.0138750076293945,2.813291735947132,0.0,215,29
en-002+en-003+en-004+en-005,en,unigram,bira_position_aware,conservative,0.15,fixed_budget_grid,False,False,0.7432478031514539,0.6998222731773693,True,7,0.03255813953488372,51,1.0,1.0,1.0,1.0,True,True,True,True,0.8376250043511391,0.8376250043511391,0.0,215,7
en-002+en-003+en-004+en-005,en,unigram,bira_position_aware,intermediate,0.35,fixed_budget_grid,True,True,0.6962312796268757,0.6998222731773693,False,16,0.07441860465116279,123,1.0,1.0,1.0,1.0,True,True,True,True,0.9152926504611969,1.752917654812336,0.0,215,16
en-002+en-003+en-004+en-005,en,unigram,bira_position_aware,aggressive,0.65,fixed_budget_grid,False,False,0.5867387428045229,0.6998222731773693,False,29,0.13488372093023257,211,1.0,1.0,1.0,1.0,True,True,True,True,1.0072924196720123,2.7602100744843483,0.0,215,29
en-002+en-003+en-004+en-005,en,synthid_tournament,no_attack,none,0.0,baseline,True,False,0.5918436930999822,0.607205463810219,False,0,0.0,0,1.0,1.0,1.0,1.0,True,True,True,True,0.0,0.0,0.0,215,0
en-002+en-003+en-004+en-005,en,synthid_tournament,simple_paraphrase,conservative,0.15,fixed_budget_grid,True,True,0.5550318253645039,0.607205463810219,False,7,0.03255813953488372,48,1.0,1.0,1.0,1.0,True,True,True,True,0.7141251116991043,0.7141251116991043,0.0,215,7
en-002+en-003+en-004+en-005,en,synthid_tournament,simple_paraphrase,intermediate,0.35,fixed_budget_grid,False,False,0.5037641292390999,0.607205463810219,False,16,0.07441860465116279,109,1.0,1.0,1.0,1.0,True,True,True,True,0.7137907668948174,1.4279158785939217,0.0,215,16
en-002+en-003+en-004+en-005,en,synthid_tournament,simple_paraphrase,aggressive,0.65,fixed_budget_grid,False,False,0.5194834234174048,0.607205463810219,False,29,0.13488372093023257,195,1.0,1.0,1.0,1.0,True,True,True,True,0.7221661508083344,2.150082029402256,0.0,215,29
en-002+en-003+en-004+en-005,en,synthid_tournament,sira,conservative,0.15,fixed_budget_grid,True,True,0.5615872657433054,0.607205463810219,False,7,0.03255813953488372,52,1.0,1.0,1.0,1.0,True,True,True,True,0.8234167471528053,0.8234167471528053,0.0,215,7
en-002+en-003+en-004+en-005,en,synthid_tournament,sira,intermediate,0.35,fixed_budget_grid,False,False,0.5311010814710012,0.607205463810219,False,16,0.07441860465116279,120,1.0,1.0,1.0,1.0,True,True,True,True,0.8871247991919518,1.710541546344757,0.0,215,16
en-002+en-003+en-004+en-005,en,synthid_tournament,sira,aggressive,0.65,fixed_budget_grid,False,False,0.55577126080847,0.607205463810219,False,29,0.13488372093023257,206,1.0,1.0,1.0,1.0,True,True,True,True,0.973791815340519,2.684333361685276,0.0,215,29
en-002+en-003+en-004+en-005,en,synthid_tournament,bira,conservative,0.15,fixed_budget_grid,True,True,0.5615872657433054,0.607205463810219,False,7,0.03255813953488372,52,1.0,1.0,1.0,1.0,True,True,True,True,0.8695833384990692,0.8695833384990692,0.0,215,7
en-002+en-003+en-004+en-005,en,synthid_tournament,bira,intermediate,0.35,fixed_budget_grid,False,False,0.5384967051065954,0.607205463810219,False,16,0.07441860465116279,119,1.0,1.0,1.0,1.0,True,True,True,True,0.9278757497668266,1.7974590882658958,0.0,215,16
en-002+en-003+en-004+en-005,en,synthid_tournament,bira,aggressive,0.65,fixed_budget_grid,False,False,0.534452530146412,0.607205463810219,False,29,0.13488372093023257,207,1.0,1.0,1.0,1.0,True,True,True,True,1.0077506303787231,2.805209718644619,0.0,215,29
en-002+en-003+en-004+en-005,en,synthid_tournament,bira_position_aware,conservative,0.15,fixed_budget_grid,True,True,0.5615872657433054,0.607205463810219,False,7,0.03255813953488372,52,1.0,1.0,1.0,1.0,True,True,True,True,0.8450411260128021,0.8450411260128021,0.0,215,7
en-002+en-003+en-004+en-005,en,synthid_tournament,bira_position_aware,intermediate,0.35,fixed_budget_grid,False,False,0.5138907065763187,0.607205463810219,False,16,0.07441860465116279,117,1.0,1.0,1.0,1.0,True,True,True,True,0.9030001237988472,1.7480412498116493,0.0,215,16
en-002+en-003+en-004+en-005,en,synthid_tournament,bira_position_aware,aggressive,0.65,fixed_budget_grid,False,False,0.5010615573923015,0.607205463810219,False,29,0.13488372093023257,202,1.0,1.0,1.0,1.0,True,True,True,True,1.0035838931798935,2.751625142991543,0.0,215,29
en-003+en-004+en-005+en-006,en,kgw,no_attack,none,0.0,baseline,True,False,0.7232748420103586,0.6629500205604228,True,0,0.0,0,1.0,1.0,1.0,1.0,True,True,True,True,0.0,0.0,0.0,211,0
en-003+en-004+en-005+en-006,en,kgw,simple_paraphrase,conservative,0.15,fixed_budget_grid,False,False,0.7246109603987659,0.6629500205604228,True,7,0.03317535545023697,47,1.0,1.0,1.0,1.0,True,True,True,True,0.6959177553653717,0.6959177553653717,0.0,211,7
en-003+en-004+en-005+en-006,en,kgw,simple_paraphrase,intermediate,0.35,fixed_budget_grid,False,False,0.6790344230576035,0.6629500205604228,True,16,0.07582938388625593,107,1.0,1.0,1.0,1.0,True,True,True,True,0.7049590349197388,1.4008767902851105,0.0,211,16
en-003+en-004+en-005+en-006,en,kgw,simple_paraphrase,aggressive,0.65,fixed_budget_grid,True,True,0.6522584017072273,0.6629500205604228,False,29,0.13744075829383887,198,1.0,1.0,1.0,1.0,True,True,True,True,0.7136669009923935,2.114543691277504,0.0,211,29
en-003+en-004+en-005+en-006,en,kgw,sira,conservative,0.15,fixed_budget_grid,False,False,0.6972728167586312,0.6629500205604228,True,7,0.03317535545023697,49,1.0,1.0,1.0,1.0,True,True,True,True,0.8170828223228455,0.8170828223228455,0.0,211,7
en-003+en-004+en-005+en-006,en,kgw,sira,intermediate,0.35,fixed_budget_grid,False,False,0.669660558776834,0.6629500205604228,True,16,0.07582938388625593,110,1.0,1.0,1.0,1.0,True,True,True,True,0.8705416694283485,1.687624491751194,0.0,211,16
en-003+en-004+en-005+en-006,en,kgw,sira,aggressive,0.65,fixed_budget_grid,True,True,0.6506403587854324,0.6629500205604228,False,29,0.13744075829383887,200,1.0,1.0,1.0,1.0,True,True,True,True,0.9690411388874054,2.6566656306385994,0.0,211,29
en-003+en-004+en-005+en-006,en,kgw,bira,conservative,0.15,fixed_budget_grid,False,False,0.697274742438588,0.6629500205604228,True,7,0.03317535545023697,49,1.0,1.0,1.0,1.0,True,True,True,True,0.8592084050178528,0.8592084050178528,0.0,211,7
en-003+en-004+en-005+en-006,en,kgw,bira,intermediate,0.35,fixed_budget_grid,False,False,0.6697325951293498,0.6629500205604228,True,16,0.07582938388625593,110,1.0,1.0,1.0,1.0,True,True,True,True,0.994458794593811,1.8536671996116638,0.0,211,16
en-003+en-004+en-005+en-006,en,kgw,bira,aggressive,0.65,fixed_budget_grid,True,True,0.6510083200542415,0.6629500205604228,False,29,0.13744075829383887,204,1.0,1.0,1.0,1.0,True,True,True,True,0.9980415925383568,2.8517087921500206,0.0,211,29
en-003+en-004+en-005+en-006,en,kgw,bira_position_aware,conservative,0.15,fixed_budget_grid,False,False,0.6972728167586312,0.6629500205604228,True,7,0.03317535545023697,49,1.0,1.0,1.0,1.0,True,True,True,True,0.8124178275465965,0.8124178275465965,0.0,211,7
en-003+en-004+en-005+en-006,en,kgw,bira_position_aware,intermediate,0.35,fixed_budget_grid,False,False,0.6697676960334565,0.6629500205604228,True,16,0.07582938388625593,117,1.0,1.0,1.0,1.0,True,True,True,True,0.8782083168625832,1.6906261444091797,0.0,211,16
en-003+en-004+en-005+en-006,en,kgw,bira_position_aware,aggressive,0.65,fixed_budget_grid,True,True,0.6271478227348015,0.6629500205604228,False,29,0.13744075829383887,204,1.0,1.0,1.0,1.0,True,True,True,True,0.9938748553395271,2.684500999748707,0.0,211,29
en-003+en-004+en-005+en-006,en,unigram,no_attack,none,0.0,baseline,True,False,0.841400903308672,0.6998222731773693,True,0,0.0,0,1.0,1.0,1.0,1.0,True,True,True,True,0.0,0.0,0.0,211,0
en-003+en-004+en-005+en-006,en,unigram,simple_paraphrase,conservative,0.15,fixed_budget_grid,False,False,0.7418396337784389,0.6998222731773693,True,7,0.03317535545023697,43,1.0,1.0,1.0,1.0,True,True,True,True,0.7028747349977493,0.7028747349977493,0.0,211,7
en-003+en-004+en-005+en-006,en,unigram,simple_paraphrase,intermediate,0.35,fixed_budget_grid,False,False,0.7164292285218347,0.6998222731773693,True,16,0.07582938388625593,115,1.0,1.0,1.0,1.0,True,True,True,True,0.7030414417386055,1.4059161767363548,0.0,211,16
en-003+en-004+en-005+en-006,en,unigram,simple_paraphrase,aggressive,0.65,fixed_budget_grid,True,True,0.5765606815905944,0.6998222731773693,False,29,0.13744075829383887,205,1.0,1.0,1.0,1.0,True,True,True,True,0.7142908871173859,2.1202070638537407,0.0,211,29
en-003+en-004+en-005+en-006,en,unigram,sira,conservative,0.15,fixed_budget_grid,False,False,0.7398132267779582,0.6998222731773693,True,7,0.03317535545023697,51,1.0,1.0,1.0,1.0,True,True,True,True,0.8266670629382133,0.8266670629382133,0.0,211,7
en-003+en-004+en-005+en-006,en,unigram,sira,intermediate,0.35,fixed_budget_grid,True,True,0.6451571082133227,0.6998222731773693,False,16,0.07582938388625593,118,1.0,1.0,1.0,1.0,True,True,True,True,0.8749580010771751,1.7016250640153885,0.0,211,16
en-003+en-004+en-005+en-006,en,unigram,sira,aggressive,0.65,fixed_budget_grid,False,False,0.503170209919386,0.6998222731773693,False,29,0.13744075829383887,209,1.0,1.0,1.0,1.0,True,True,True,True,0.9710425511002541,2.6726676151156425,0.0,211,29
en-003+en-004+en-005+en-006,en,unigram,bira,conservative,0.15,fixed_budget_grid,False,False,0.7398132267779582,0.6998222731773693,True,7,0.03317535545023697,51,1.0,1.0,1.0,1.0,True,True,True,True,0.8494574576616287,0.8494574576616287,0.0,211,7
en-003+en-004+en-005+en-006,en,unigram,bira,intermediate,0.35,fixed_budget_grid,True,True,0.6700552752598631,0.6998222731773693,False,16,0.07582938388625593,113,1.0,1.0,1.0,1.0,True,True,True,True,0.9029163047671318,1.7523737624287605,0.0,211,16
en-003+en-004+en-005+en-006,en,unigram,bira,aggressive,0.65,fixed_budget_grid,False,False,0.503170209919386,0.6998222731773693,False,29,0.13744075829383887,209,1.0,1.0,1.0,1.0,True,True,True,True,0.9888336062431335,2.741207368671894,0.0,211,29
en-003+en-004+en-005+en-006,en,unigram,bira_position_aware,conservative,0.15,fixed_budget_grid,False,False,0.7398132267779582,0.6998222731773693,True,7,0.03317535545023697,51,1.0,1.0,1.0,1.0,True,True,True,True,0.8087912574410439,0.8087912574410439,0.0,211,7
en-003+en-004+en-005+en-006,en,unigram,bira_position_aware,intermediate,0.35,fixed_budget_grid,True,True,0.6455709294801758,0.6998222731773693,False,16,0.07582938388625593,118,1.0,1.0,1.0,1.0,True,True,True,True,0.8860845118761063,1.6948757693171501,0.0,211,16
en-003+en-004+en-005+en-006,en,unigram,bira_position_aware,aggressive,0.65,fixed_budget_grid,False,False,0.5405564401730969,0.6998222731773693,False,29,0.13744075829383887,210,1.0,1.0,1.0,1.0,True,True,True,True,0.9831255301833153,2.6780012995004654,0.0,211,29
en-003+en-004+en-005+en-006,en,synthid_tournament,no_attack,none,0.0,baseline,True,False,0.5911558929969036,0.607205463810219,False,0,0.0,0,1.0,1.0,1.0,1.0,True,True,True,True,0.0,0.0,0.0,211,0
en-003+en-004+en-005+en-006,en,synthid_tournament,simple_paraphrase,conservative,0.15,fixed_budget_grid,True,True,0.5403655843290416,0.607205463810219,False,7,0.03317535545023697,44,1.0,1.0,1.0,1.0,True,True,True,True,0.6975829601287842,0.6975829601287842,0.0,211,7
en-003+en-004+en-005+en-006,en,synthid_tournament,simple_paraphrase,intermediate,0.35,fixed_budget_grid,False,False,0.5096879478176973,0.607205463810219,False,16,0.07582938388625593,106,1.0,1.0,1.0,1.0,True,True,True,True,0.7008332759141922,1.3984162360429764,0.0,211,16
en-003+en-004+en-005+en-006,en,synthid_tournament,simple_paraphrase,aggressive,0.65,fixed_budget_grid,False,False,0.4883497032595222,0.607205463810219,False,29,0.13744075829383887,202,1.0,1.0,1.0,1.0,True,True,True,True,0.7112082093954086,2.109624445438385,0.0,211,29
en-003+en-004+en-005+en-006,en,synthid_tournament,sira,conservative,0.15,fixed_budget_grid,True,True,0.5864762990126995,0.607205463810219,False,7,0.03317535545023697,53,1.0,1.0,1.0,1.0,True,True,True,True,0.8067497983574867,0.8067497983574867,0.0,211,7
en-003+en-004+en-005+en-006,en,synthid_tournament,sira,intermediate,0.35,fixed_budget_grid,False,False,0.5368962921599127,0.607205463810219,False,16,0.07582938388625593,121,1.0,1.0,1.0,1.0,True,True,True,True,0.8665416389703751,1.6732914373278618,0.0,211,16
en-003+en-004+en-005+en-006,en,synthid_tournament,sira,aggressive,0.65,fixed_budget_grid,False,False,0.5482059976976338,0.607205463810219,False,29,0.13744075829383887,204,1.0,1.0,1.0,1.0,True,True,True,True,0.9482493624091148,2.6215407997369766,0.0,211,29
en-003+en-004+en-005+en-006,en,synthid_tournament,bira,conservative,0.15,fixed_budget_grid,True,True,0.5864762990126995,0.607205463810219,False,7,0.03317535545023697,53,1.0,1.0,1.0,1.0,True,True,True,True,0.8685830980539322,0.8685830980539322,0.0,211,7
en-003+en-004+en-005+en-006,en,synthid_tournament,bira,intermediate,0.35,fixed_budget_grid,False,False,0.5368962921599127,0.607205463810219,False,16,0.07582938388625593,121,1.0,1.0,1.0,1.0,True,True,True,True,0.9057074785232544,1.7742905765771866,0.0,211,16
en-003+en-004+en-005+en-006,en,synthid_tournament,bira,aggressive,0.65,fixed_budget_grid,False,False,0.5782727721174897,0.607205463810219,False,29,0.13744075829383887,196,1.0,1.0,1.0,1.0,True,True,True,True,0.9969994425773621,2.7712900191545486,0.0,211,29
en-003+en-004+en-005+en-006,en,synthid_tournament,bira_position_aware,conservative,0.15,fixed_budget_grid,True,True,0.5864762990126995,0.607205463810219,False,7,0.03317535545023697,53,1.0,1.0,1.0,1.0,True,True,True,True,0.8255001157522202,0.8255001157522202,0.0,211,7
en-003+en-004+en-005+en-006,en,synthid_tournament,bira_position_aware,intermediate,0.35,fixed_budget_grid,False,False,0.5148693333794724,0.607205463810219,False,16,0.07582938388625593,121,1.0,1.0,1.0,1.0,True,True,True,True,0.9119594469666481,1.7374595627188683,0.0,211,16
en-003+en-004+en-005+en-006,en,synthid_tournament,bira_position_aware,aggressive,0.65,fixed_budget_grid,False,False,0.4703118676188249,0.607205463810219,False,29,0.13744075829383887,202,1.0,1.0,1.0,1.0,True,True,True,True,0.9887497872114182,2.7262093499302864,0.0,211,29
en-004+en-005+en-006+en-007,en,kgw,no_attack,none,0.0,baseline,True,False,0.7251419301188917,0.6629500205604228,True,0,0.0,0,1.0,1.0,1.0,1.0,True,True,True,True,0.0,0.0,0.0,203,0
en-004+en-005+en-006+en-007,en,kgw,simple_paraphrase,conservative,0.15,fixed_budget_grid,False,False,0.7066003638349191,0.6629500205604228,True,7,0.034482758620689655,47,1.0,1.0,1.0,1.0,True,True,True,True,0.6805006414651871,0.6805006414651871,0.0,203,7
en-004+en-005+en-006+en-007,en,kgw,simple_paraphrase,intermediate,0.35,fixed_budget_grid,False,False,0.68061499253986,0.6629500205604228,True,15,0.07389162561576355,97,1.0,1.0,1.0,1.0,True,True,True,True,0.675874762237072,1.356375403702259,0.0,203,15
en-004+en-005+en-006+en-007,en,kgw,simple_paraphrase,aggressive,0.65,fixed_budget_grid,True,True,0.6128514539538206,0.6629500205604228,False,27,0.1330049261083744,181,1.0,1.0,1.0,1.0,True,True,True,True,0.6790421903133392,2.0354175940155983,0.0,203,27
en-004+en-005+en-006+en-007,en,kgw,sira,conservative,0.15,fixed_budget_grid,False,False,0.6699787677818341,0.6629500205604228,True,7,0.034482758620689655,49,1.0,1.0,1.0,1.0,True,True,True,True,0.7969168946146965,0.7969168946146965,0.0,203,7
en-004+en-005+en-006+en-007,en,kgw,sira,intermediate,0.35,fixed_budget_grid,False,False,0.6689687738779444,0.6629500205604228,True,15,0.07389162561576355,109,1.0,1.0,1.0,1.0,True,True,True,True,0.8429577574133873,1.6398746520280838,0.0,203,15
en-004+en-005+en-006+en-007,en,kgw,sira,aggressive,0.65,fixed_budget_grid,True,True,0.6467062787679706,0.6629500205604228,False,27,0.1330049261083744,197,1.0,1.0,1.0,1.0,True,True,True,True,0.9192498400807381,2.559124492108822,0.0,203,27
en-004+en-005+en-006+en-007,en,kgw,bira,conservative,0.15,fixed_budget_grid,False,False,0.6699787677818341,0.6629500205604228,True,7,0.034482758620689655,49,1.0,1.0,1.0,1.0,True,True,True,True,0.8304174989461899,0.8304174989461899,0.0,203,7
en-004+en-005+en-006+en-007,en,kgw,bira,intermediate,0.35,fixed_budget_grid,False,False,0.6689687738779444,0.6629500205604228,True,15,0.07389162561576355,109,1.0,1.0,1.0,1.0,True,True,True,True,0.8818330243229866,1.7122505232691765,0.0,203,15
en-004+en-005+en-006+en-007,en,kgw,bira,aggressive,0.65,fixed_budget_grid,True,True,0.6470171803062261,0.6629500205604228,False,27,0.1330049261083744,198,1.0,1.0,1.0,1.0,True,True,True,True,0.9634997695684433,2.67575029283762,0.0,203,27
en-004+en-005+en-006+en-007,en,kgw,bira_position_aware,conservative,0.15,fixed_budget_grid,False,False,0.6699787677818341,0.6629500205604228,True,7,0.034482758620689655,49,1.0,1.0,1.0,1.0,True,True,True,True,0.7823742926120758,0.7823742926120758,0.0,203,7
en-004+en-005+en-006+en-007,en,kgw,bira_position_aware,intermediate,0.35,fixed_budget_grid,False,False,0.6692848494552875,0.6629500205604228,True,15,0.07389162561576355,114,1.0,1.0,1.0,1.0,True,True,True,True,0.8615832775831223,1.643957570195198,0.0,203,15
en-004+en-005+en-006+en-007,en,kgw,bira_position_aware,aggressive,0.65,fixed_budget_grid,True,False,0.6980892673214822,0.6629500205604228,True,27,0.1330049261083744,197,1.0,1.0,1.0,1.0,True,True,True,True,0.9542498737573624,2.5982074439525604,0.0,203,27
en-004+en-005+en-006+en-007,en,unigram,no_attack,none,0.0,baseline,True,False,0.778480017332227,0.6998222731773693,True,0,0.0,0,1.0,1.0,1.0,1.0,True,True,True,True,0.0,0.0,0.0,203,0
en-004+en-005+en-006+en-007,en,unigram,simple_paraphrase,conservative,0.15,fixed_budget_grid,False,False,0.7005210049972181,0.6998222731773693,True,7,0.034482758620689655,48,1.0,1.0,1.0,1.0,True,True,True,True,0.714416615664959,0.714416615664959,0.0,203,7
en-004+en-005+en-006+en-007,en,unigram,simple_paraphrase,intermediate,0.35,fixed_budget_grid,False,False,0.7019345602343148,0.6998222731773693,True,15,0.07389162561576355,109,1.0,1.0,1.0,1.0,True,True,True,True,0.6934171542525291,1.407833769917488,0.0,203,15
en-004+en-005+en-006+en-007,en,unigram,simple_paraphrase,aggressive,0.65,fixed_budget_grid,True,True,0.5482753815262241,0.6998222731773693,False,27,0.1330049261083744,197,1.0,1.0,1.0,1.0,True,True,True,True,0.6817076355218887,2.089541405439377,0.0,203,27
en-004+en-005+en-006+en-007,en,unigram,sira,conservative,0.15,fixed_budget_grid,True,True,0.6952244925316714,0.6998222731773693,False,7,0.034482758620689655,48,1.0,1.0,1.0,1.0,True,True,True,True,0.7825838401913643,0.7825838401913643,0.0,203,7
en-004+en-005+en-006+en-007,en,unigram,sira,intermediate,0.35,fixed_budget_grid,False,False,0.645058652861354,0.6998222731773693,False,15,0.07389162561576355,101,1.0,1.0,1.0,1.0,True,True,True,True,0.8291248232126236,1.6117086634039879,0.0,203,15
en-004+en-005+en-006+en-007,en,unigram,sira,aggressive,0.65,fixed_budget_grid,False,False,0.5186822692817683,0.6998222731773693,False,27,0.1330049261083744,199,1.0,1.0,1.0,1.0,True,True,True,True,0.9277090430259705,2.5394177064299583,0.0,203,27
en-004+en-005+en-006+en-007,en,unigram,bira,conservative,0.15,fixed_budget_grid,False,False,0.721797922551527,0.6998222731773693,True,7,0.034482758620689655,48,1.0,1.0,1.0,1.0,True,True,True,True,0.81633310765028,0.81633310765028,0.0,203,7
en-004+en-005+en-006+en-007,en,unigram,bira,intermediate,0.35,fixed_budget_grid,True,True,0.5935755294329585,0.6998222731773693,False,15,0.07389162561576355,104,1.0,1.0,1.0,1.0,True,True,True,True,0.8720410987734795,1.6883742064237595,0.0,203,15
en-004+en-005+en-006+en-007,en,unigram,bira,aggressive,0.65,fixed_budget_grid,False,False,0.5186822692817683,0.6998222731773693,False,27,0.1330049261083744,199,1.0,1.0,1.0,1.0,True,True,True,True,0.9800838306546211,2.6684580370783806,0.0,203,27
en-004+en-005+en-006+en-007,en,unigram,bira_position_aware,conservative,0.15,fixed_budget_grid,True,True,0.6952244925316714,0.6998222731773693,False,7,0.034482758620689655,48,1.0,1.0,1.0,1.0,True,True,True,True,0.7879575714468956,0.7879575714468956,0.0,203,7
en-004+en-005+en-006+en-007,en,unigram,bira_position_aware,intermediate,0.35,fixed_budget_grid,False,False,0.6166474098211246,0.6998222731773693,False,15,0.07389162561576355,110,1.0,1.0,1.0,1.0,True,True,True,True,0.8438322693109512,1.6317898407578468,0.0,203,15
en-004+en-005+en-006+en-007,en,unigram,bira_position_aware,aggressive,0.65,fixed_budget_grid,False,False,0.5545819102737602,0.6998222731773693,False,27,0.1330049261083744,195,1.0,1.0,1.0,1.0,True,True,True,True,0.9384583681821823,2.570248208940029,0.0,203,27
en-004+en-005+en-006+en-007,en,synthid_tournament,no_attack,none,0.0,baseline,True,False,0.6178895129425848,0.607205463810219,True,0,0.0,0,1.0,1.0,1.0,1.0,True,True,True,True,0.0,0.0,0.0,203,0
en-004+en-005+en-006+en-007,en,synthid_tournament,simple_paraphrase,conservative,0.15,fixed_budget_grid,True,True,0.5526164007112059,0.607205463810219,False,7,0.034482758620689655,47,1.0,1.0,1.0,1.0,True,True,True,True,0.6767921149730682,0.6767921149730682,0.0,203,7
en-004+en-005+en-006+en-007,en,synthid_tournament,simple_paraphrase,intermediate,0.35,fixed_budget_grid,False,False,0.49766139601610915,0.607205463810219,False,15,0.07389162561576355,93,1.0,1.0,1.0,1.0,True,True,True,True,0.6854580715298653,1.3622501865029335,0.0,203,15
en-004+en-005+en-006+en-007,en,synthid_tournament,simple_paraphrase,aggressive,0.65,fixed_budget_grid,False,False,0.48284054432429246,0.607205463810219,False,27,0.1330049261083744,172,1.0,1.0,1.0,1.0,True,True,True,True,0.6918748840689659,2.0541250705718994,0.0,203,27
en-004+en-005+en-006+en-007,en,synthid_tournament,sira,conservative,0.15,fixed_budget_grid,True,True,0.5980159101094402,0.607205463810219,False,7,0.034482758620689655,57,1.0,1.0,1.0,1.0,True,True,True,True,0.7764166221022606,0.7764166221022606,0.0,203,7
en-004+en-005+en-006+en-007,en,synthid_tournament,sira,intermediate,0.35,fixed_budget_grid,False,False,0.5677327305417398,0.607205463810219,False,15,0.07389162561576355,107,1.0,1.0,1.0,1.0,True,True,True,True,0.8260002359747887,1.6024168580770493,0.0,203,15
en-004+en-005+en-006+en-007,en,synthid_tournament,sira,aggressive,0.65,fixed_budget_grid,False,False,0.5722454323234236,0.607205463810219,False,27,0.1330049261083744,178,1.0,1.0,1.0,1.0,True,True,True,True,0.9025419130921364,2.5049587711691856,0.0,203,27
en-004+en-005+en-006+en-007,en,synthid_tournament,bira,conservative,0.15,fixed_budget_grid,False,False,0.6169372267091243,0.607205463810219,True,7,0.034482758620689655,61,1.0,1.0,1.0,1.0,True,True,True,True,0.811208039522171,0.811208039522171,0.0,203,7
en-004+en-005+en-006+en-007,en,synthid_tournament,bira,intermediate,0.35,fixed_budget_grid,True,True,0.5816641504125565,0.607205463810219,False,15,0.07389162561576355,108,1.0,1.0,1.0,1.0,True,True,True,True,0.8599162101745605,1.6711242496967316,0.0,203,15
en-004+en-005+en-006+en-007,en,synthid_tournament,bira,aggressive,0.65,fixed_budget_grid,False,False,0.5532985244661076,0.607205463810219,False,27,0.1330049261083744,174,1.0,1.0,1.0,1.0,True,True,True,True,0.9424583986401558,2.6135826483368874,0.0,203,27
en-004+en-005+en-006+en-007,en,synthid_tournament,bira_position_aware,conservative,0.15,fixed_budget_grid,True,True,0.5980159101094402,0.607205463810219,False,7,0.034482758620689655,57,1.0,1.0,1.0,1.0,True,True,True,True,0.7957089692354202,0.7957089692354202,0.0,203,7
en-004+en-005+en-006+en-007,en,synthid_tournament,bira_position_aware,intermediate,0.35,fixed_budget_grid,False,False,0.5490527205570539,0.607205463810219,False,15,0.07389162561576355,105,1.0,1.0,1.0,1.0,True,True,True,True,0.8439589291810989,1.6396678984165192,0.0,203,15
en-004+en-005+en-006+en-007,en,synthid_tournament,bira_position_aware,aggressive,0.65,fixed_budget_grid,False,False,0.5402685352370766,0.607205463810219,False,27,0.1330049261083744,187,1.0,1.0,1.0,1.0,True,True,True,True,0.9700413793325424,2.6097092777490616,0.0,203,27
en-005+en-006+en-007+en-008,en,kgw,no_attack,none,0.0,baseline,True,False,0.7372106264309483,0.6629500205604228,True,0,0.0,0,1.0,1.0,1.0,1.0,True,True,True,True,0.0,0.0,0.0,206,0
en-005+en-006+en-007+en-008,en,kgw,simple_paraphrase,conservative,0.15,fixed_budget_grid,False,False,0.7897141472975359,0.6629500205604228,True,6,0.02912621359223301,35,1.0,1.0,1.0,1.0,True,True,True,True,0.6912918761372566,0.6912918761372566,0.0,206,6
en-005+en-006+en-007+en-008,en,kgw,simple_paraphrase,intermediate,0.35,fixed_budget_grid,False,False,0.8173671964400606,0.6629500205604228,True,14,0.06796116504854369,95,1.0,1.0,1.0,1.0,True,True,True,True,0.6808750331401825,1.3721669092774391,0.0,206,14
en-005+en-006+en-007+en-008,en,kgw,simple_paraphrase,aggressive,0.65,fixed_budget_grid,True,False,0.7170268615920831,0.6629500205604228,True,26,0.1262135922330097,183,1.0,1.0,1.0,1.0,True,True,True,True,0.6872089579701424,2.0593758672475815,0.0,206,26
en-005+en-006+en-007+en-008,en,kgw,sira,conservative,0.15,fixed_budget_grid,False,False,0.736067579201997,0.6629500205604228,True,6,0.02912621359223301,46,1.0,1.0,1.0,1.0,True,True,True,True,0.7899580523371696,0.7899580523371696,0.0,206,6
en-005+en-006+en-007+en-008,en,kgw,sira,intermediate,0.35,fixed_budget_grid,False,False,0.7334919839400068,0.6629500205604228,True,14,0.06796116504854369,113,1.0,1.0,1.0,1.0,True,True,True,True,0.9112907573580742,1.7012488096952438,0.0,206,14
en-005+en-006+en-007+en-008,en,kgw,sira,aggressive,0.65,fixed_budget_grid,True,False,0.6835192387611339,0.6629500205604228,True,26,0.1262135922330097,193,1.0,1.0,1.0,1.0,True,True,True,True,0.9560417383909225,2.6572905480861664,0.0,206,26
en-005+en-006+en-007+en-008,en,kgw,bira,conservative,0.15,fixed_budget_grid,False,False,0.736067579201997,0.6629500205604228,True,6,0.02912621359223301,46,1.0,1.0,1.0,1.0,True,True,True,True,0.8200006559491158,0.8200006559491158,0.0,206,6
en-005+en-006+en-007+en-008,en,kgw,bira,intermediate,0.35,fixed_budget_grid,False,False,0.7600220354869412,0.6629500205604228,True,14,0.06796116504854369,107,1.0,1.0,1.0,1.0,True,True,True,True,0.9800419211387634,1.8000425770878792,0.0,206,14
en-005+en-006+en-007+en-008,en,kgw,bira,aggressive,0.65,fixed_budget_grid,True,False,0.6835282690978399,0.6629500205604228,True,26,0.1262135922330097,192,1.0,1.0,1.0,1.0,True,True,True,True,1.0861670598387718,2.886209636926651,0.0,206,26
en-005+en-006+en-007+en-008,en,kgw,bira_position_aware,conservative,0.15,fixed_budget_grid,False,False,0.736067579201997,0.6629500205604228,True,6,0.02912621359223301,46,1.0,1.0,1.0,1.0,True,True,True,True,0.87004154920578,0.87004154920578,0.0,206,6
en-005+en-006+en-007+en-008,en,kgw,bira_position_aware,intermediate,0.35,fixed_budget_grid,False,False,0.7057855854219435,0.6629500205604228,True,14,0.06796116504854369,109,1.0,1.0,1.0,1.0,True,True,True,True,0.9594997391104698,1.8295412883162498,0.0,206,14
en-005+en-006+en-007+en-008,en,kgw,bira_position_aware,aggressive,0.65,fixed_budget_grid,True,False,0.7646006952483455,0.6629500205604228,True,26,0.1262135922330097,196,1.0,1.0,1.0,1.0,True,True,True,True,1.0819584131240845,2.9114997014403343,0.0,206,26
en-005+en-006+en-007+en-008,en,unigram,no_attack,none,0.0,baseline,True,False,0.7903559489616784,0.6998222731773693,True,0,0.0,0,1.0,1.0,1.0,1.0,True,True,True,True,0.0,0.0,0.0,206,0
en-005+en-006+en-007+en-008,en,unigram,simple_paraphrase,conservative,0.15,fixed_budget_grid,False,False,0.7592162314547869,0.6998222731773693,True,6,0.02912621359223301,37,1.0,1.0,1.0,1.0,True,True,True,True,0.699291005730629,0.699291005730629,0.0,206,6
en-005+en-006+en-007+en-008,en,unigram,simple_paraphrase,intermediate,0.35,fixed_budget_grid,False,False,0.7289621355064132,0.6998222731773693,True,14,0.06796116504854369,92,1.0,1.0,1.0,1.0,True,True,True,True,0.7472923025488853,1.4465833082795143,0.0,206,14
en-005+en-006+en-007+en-008,en,unigram,simple_paraphrase,aggressive,0.65,fixed_budget_grid,True,True,0.6323296768412813,0.6998222731773693,False,26,0.1262135922330097,180,1.0,1.0,1.0,1.0,True,True,True,True,0.7515829056501389,2.198166213929653,0.0,206,26
en-005+en-006+en-007+en-008,en,unigram,sira,conservative,0.15,fixed_budget_grid,False,False,0.7304213680596143,0.6998222731773693,True,6,0.02912621359223301,41,1.0,1.0,1.0,1.0,True,True,True,True,0.8080005645751953,0.8080005645751953,0.0,206,6
en-005+en-006+en-007+en-008,en,unigram,sira,intermediate,0.35,fixed_budget_grid,True,True,0.676919758103643,0.6998222731773693,False,14,0.06796116504854369,97,1.0,1.0,1.0,1.0,True,True,True,True,0.837208703160286,1.6452092677354813,0.0,206,14
en-005+en-006+en-007+en-008,en,unigram,sira,aggressive,0.65,fixed_budget_grid,False,False,0.5715752518676481,0.6998222731773693,False,26,0.1262135922330097,194,1.0,1.0,1.0,1.0,True,True,True,True,0.9746663272380829,2.619875594973564,0.0,206,26
en-005+en-006+en-007+en-008,en,unigram,bira,conservative,0.15,fixed_budget_grid,False,False,0.729819712263438,0.6998222731773693,True,6,0.02912621359223301,42,1.0,1.0,1.0,1.0,True,True,True,True,0.8606249466538429,0.8606249466538429,0.0,206,6
en-005+en-006+en-007+en-008,en,unigram,bira,intermediate,0.35,fixed_budget_grid,True,True,0.6788570084856812,0.6998222731773693,False,14,0.06796116504854369,100,1.0,1.0,1.0,1.0,True,True,True,True,0.8984170854091644,1.7590420320630074,0.0,206,14
en-005+en-006+en-007+en-008,en,unigram,bira,aggressive,0.65,fixed_budget_grid,False,False,0.5443801028837486,0.6998222731773693,False,26,0.1262135922330097,190,1.0,1.0,1.0,1.0,True,True,True,True,1.045750454068184,2.8047924861311913,0.0,206,26
en-005+en-006+en-007+en-008,en,unigram,bira_position_aware,conservative,0.15,fixed_budget_grid,False,False,0.7304213680596143,0.6998222731773693,True,6,0.02912621359223301,41,1.0,1.0,1.0,1.0,True,True,True,True,0.8232081308960915,0.8232081308960915,0.0,206,6
en-005+en-006+en-007+en-008,en,unigram,bira_position_aware,intermediate,0.35,fixed_budget_grid,True,True,0.6748784464064854,0.6998222731773693,False,14,0.06796116504854369,104,1.0,1.0,1.0,1.0,True,True,True,True,0.8697500452399254,1.6929581761360168,0.0,206,14
en-005+en-006+en-007+en-008,en,unigram,bira_position_aware,aggressive,0.65,fixed_budget_grid,False,False,0.6323417075942688,0.6998222731773693,False,26,0.1262135922330097,188,1.0,1.0,1.0,1.0,True,True,True,True,0.9528743103146553,2.645832486450672,0.0,206,26
en-005+en-006+en-007+en-008,en,synthid_tournament,no_attack,none,0.0,baseline,True,False,0.6223427552996087,0.607205463810219,True,0,0.0,0,1.0,1.0,1.0,1.0,True,True,True,True,0.0,0.0,0.0,206,0
en-005+en-006+en-007+en-008,en,synthid_tournament,simple_paraphrase,conservative,0.15,fixed_budget_grid,False,False,0.6456675201119552,0.607205463810219,True,6,0.02912621359223301,40,1.0,1.0,1.0,1.0,True,True,True,True,0.695500522851944,0.695500522851944,0.0,206,6
en-005+en-006+en-007+en-008,en,synthid_tournament,simple_paraphrase,intermediate,0.35,fixed_budget_grid,True,True,0.5601356251838134,0.607205463810219,False,14,0.06796116504854369,98,1.0,1.0,1.0,1.0,True,True,True,True,0.6809169426560402,1.3764174655079842,0.0,206,14
en-005+en-006+en-007+en-008,en,synthid_tournament,simple_paraphrase,aggressive,0.65,fixed_budget_grid,False,False,0.5271695834948412,0.607205463810219,False,26,0.1262135922330097,175,1.0,1.0,1.0,1.0,True,True,True,True,0.6958330050110817,2.072250470519066,0.0,206,26
en-005+en-006+en-007+en-008,en,synthid_tournament,sira,conservative,0.15,fixed_budget_grid,False,False,0.6435494233373442,0.607205463810219,True,6,0.02912621359223301,43,1.0,1.0,1.0,1.0,True,True,True,True,0.7783342152833939,0.7783342152833939,0.0,206,6
en-005+en-006+en-007+en-008,en,synthid_tournament,sira,intermediate,0.35,fixed_budget_grid,True,True,0.5772360091776266,0.607205463810219,False,14,0.06796116504854369,108,1.0,1.0,1.0,1.0,True,True,True,True,0.8337926119565964,1.6121268272399902,0.0,206,14
en-005+en-006+en-007+en-008,en,synthid_tournament,sira,aggressive,0.65,fixed_budget_grid,False,False,0.5584740186803145,0.607205463810219,False,26,0.1262135922330097,183,1.0,1.0,1.0,1.0,True,True,True,True,0.9061666205525398,2.51829344779253,0.0,206,26
en-005+en-006+en-007+en-008,en,synthid_tournament,bira,conservative,0.15,fixed_budget_grid,False,False,0.6293561936376515,0.607205463810219,True,6,0.02912621359223301,46,1.0,1.0,1.0,1.0,True,True,True,True,0.8113756775856018,0.8113756775856018,0.0,206,6
en-005+en-006+en-007+en-008,en,synthid_tournament,bira,intermediate,0.35,fixed_budget_grid,True,True,0.5897435413075544,0.607205463810219,False,14,0.06796116504854369,105,1.0,1.0,1.0,1.0,True,True,True,True,0.8630827069282532,1.674458384513855,0.0,206,14
en-005+en-006+en-007+en-008,en,synthid_tournament,bira,aggressive,0.65,fixed_budget_grid,False,False,0.544100988186172,0.607205463810219,False,26,0.1262135922330097,179,1.0,1.0,1.0,1.0,True,True,True,True,0.9402502328157425,2.6147086173295975,0.0,206,26
en-005+en-006+en-007+en-008,en,synthid_tournament,bira_position_aware,conservative,0.15,fixed_budget_grid,False,False,0.6392869305177485,0.607205463810219,True,6,0.02912621359223301,42,1.0,1.0,1.0,1.0,True,True,True,True,0.7931673899292946,0.7931673899292946,0.0,206,6
en-005+en-006+en-007+en-008,en,synthid_tournament,bira_position_aware,intermediate,0.35,fixed_budget_grid,True,True,0.5708426371330995,0.607205463810219,False,14,0.06796116504854369,107,1.0,1.0,1.0,1.0,True,True,True,True,0.8291667327284813,1.6223341226577759,0.0,206,14
en-005+en-006+en-007+en-008,en,synthid_tournament,bira_position_aware,aggressive,0.65,fixed_budget_grid,False,False,0.5476173133538953,0.607205463810219,False,26,0.1262135922330097,192,1.0,1.0,1.0,1.0,True,True,True,True,0.9399577975273132,2.562291920185089,0.0,206,26
en-006+en-007+en-008+en-001,en,kgw,no_attack,none,0.0,baseline,True,False,0.7123168486991094,0.6629500205604228,True,0,0.0,0,1.0,1.0,1.0,1.0,True,True,True,True,0.0,0.0,0.0,208,0
en-006+en-007+en-008+en-001,en,kgw,simple_paraphrase,conservative,0.15,fixed_budget_grid,False,False,0.6877102991994438,0.6629500205604228,True,7,0.03365384615384615,47,1.0,1.0,1.0,1.0,True,True,True,True,0.6985422223806381,0.6985422223806381,0.0,208,7
en-006+en-007+en-008+en-001,en,kgw,simple_paraphrase,intermediate,0.35,fixed_budget_grid,True,True,0.6286055642859936,0.6629500205604228,False,17,0.08173076923076923,117,1.0,1.0,1.0,1.0,True,True,True,True,0.7007075473666191,1.3992497697472572,0.0,208,17
en-006+en-007+en-008+en-001,en,kgw,simple_paraphrase,aggressive,0.65,fixed_budget_grid,False,False,0.6003763089596003,0.6629500205604228,False,30,0.14423076923076922,209,1.0,1.0,1.0,1.0,True,True,True,True,0.7010838016867638,2.100333571434021,0.0,208,30
en-006+en-007+en-008+en-001,en,kgw,sira,conservative,0.15,fixed_budget_grid,False,False,0.6876631576992353,0.6629500205604228,True,7,0.03365384615384615,48,1.0,1.0,1.0,1.0,True,True,True,True,0.8343327790498734,0.8343327790498734,0.0,208,7
en-006+en-007+en-008+en-001,en,kgw,sira,intermediate,0.35,fixed_budget_grid,False,False,0.6858084500868273,0.6629500205604228,True,17,0.08173076923076923,132,1.0,1.0,1.0,1.0,True,True,True,True,0.9301668033003807,1.764499582350254,0.0,208,17
en-006+en-007+en-008+en-001,en,kgw,sira,aggressive,0.65,fixed_budget_grid,True,True,0.6617663426707617,0.6629500205604228,False,30,0.14423076923076922,215,1.0,1.0,1.0,1.0,True,True,True,True,0.9640846401453018,2.728584222495556,0.0,208,30
en-006+en-007+en-008+en-001,en,kgw,bira,conservative,0.15,fixed_budget_grid,False,False,0.7102314836349034,0.6629500205604228,True,7,0.03365384615384615,49,1.0,1.0,1.0,1.0,True,True,True,True,0.8629579097032547,0.8629579097032547,0.0,208,7
en-006+en-007+en-008+en-001,en,kgw,bira,intermediate,0.35,fixed_budget_grid,False,False,0.7083031586628223,0.6629500205604228,True,17,0.08173076923076923,126,1.0,1.0,1.0,1.0,True,True,True,True,0.9052492678165436,1.7682071775197983,0.0,208,17
en-006+en-007+en-008+en-001,en,kgw,bira,aggressive,0.65,fixed_budget_grid,True,True,0.6620160819460363,0.6629500205604228,False,30,0.14423076923076922,214,1.0,1.0,1.0,1.0,True,True,True,True,0.997958704829216,2.7661658823490143,0.0,208,30
en-006+en-007+en-008+en-001,en,kgw,bira_position_aware,conservative,0.15,fixed_budget_grid,False,False,0.6876631576992353,0.6629500205604228,True,7,0.03365384615384615,48,1.0,1.0,1.0,1.0,True,True,True,True,0.8180001750588417,0.8180001750588417,0.0,208,7
en-006+en-007+en-008+en-001,en,kgw,bira_position_aware,intermediate,0.35,fixed_budget_grid,True,True,0.6622580400169875,0.6629500205604228,False,17,0.08173076923076923,128,1.0,1.0,1.0,1.0,True,True,True,True,0.8823331445455551,1.7003333196043968,0.0,208,17
en-006+en-007+en-008+en-001,en,kgw,bira_position_aware,aggressive,0.65,fixed_budget_grid,False,False,0.6463169576180494,0.6629500205604228,False,30,0.14423076923076922,219,1.0,1.0,1.0,1.0,True,True,True,True,1.0038753971457481,2.704208716750145,0.0,208,30
en-006+en-007+en-008+en-001,en,unigram,no_attack,none,0.0,baseline,True,False,0.7786923626283381,0.6998222731773693,True,0,0.0,0,1.0,1.0,1.0,1.0,True,True,True,True,0.0,0.0,0.0,208,0
en-006+en-007+en-008+en-001,en,unigram,simple_paraphrase,conservative,0.15,fixed_budget_grid,False,False,0.7575551646798546,0.6998222731773693,True,7,0.03365384615384615,45,1.0,1.0,1.0,1.0,True,True,True,True,0.7153749465942383,0.7153749465942383,0.0,208,7
en-006+en-007+en-008+en-001,en,unigram,simple_paraphrase,intermediate,0.35,fixed_budget_grid,False,False,0.7115039579992797,0.6998222731773693,True,17,0.08173076923076923,115,1.0,1.0,1.0,1.0,True,True,True,True,0.7005827501416206,1.415957696735859,0.0,208,17
en-006+en-007+en-008+en-001,en,unigram,simple_paraphrase,aggressive,0.65,fixed_budget_grid,True,True,0.6618699103802468,0.6998222731773693,False,30,0.14423076923076922,213,1.0,1.0,1.0,1.0,True,True,True,True,0.7188748568296432,2.134832553565502,0.0,208,30
en-006+en-007+en-008+en-001,en,unigram,sira,conservative,0.15,fixed_budget_grid,False,False,0.7264466513827458,0.6998222731773693,True,7,0.03365384615384615,44,1.0,1.0,1.0,1.0,True,True,True,True,0.8190833032131195,0.8190833032131195,0.0,208,7
en-006+en-007+en-008+en-001,en,unigram,sira,intermediate,0.35,fixed_budget_grid,True,True,0.6346411980334994,0.6998222731773693,False,17,0.08173076923076923,116,1.0,1.0,1.0,1.0,True,True,True,True,0.8618328720331192,1.6809161752462387,0.0,208,17
en-006+en-007+en-008+en-001,en,unigram,sira,aggressive,0.65,fixed_budget_grid,False,False,0.5011425875666544,0.6998222731773693,False,30,0.14423076923076922,216,1.0,1.0,1.0,1.0,True,True,True,True,0.9514587000012398,2.6323748752474785,0.0,208,30
en-006+en-007+en-008+en-001,en,unigram,bira,conservative,0.15,fixed_budget_grid,False,False,0.7264466513827458,0.6998222731773693,True,7,0.03365384615384615,44,1.0,1.0,1.0,1.0,True,True,True,True,0.8495831862092018,0.8495831862092018,0.0,208,7
en-006+en-007+en-008+en-001,en,unigram,bira,intermediate,0.35,fixed_budget_grid,True,True,0.6121765431693289,0.6998222731773693,False,17,0.08173076923076923,117,1.0,1.0,1.0,1.0,True,True,True,True,0.9035421535372734,1.7531253397464752,0.0,208,17
en-006+en-007+en-008+en-001,en,unigram,bira,aggressive,0.65,fixed_budget_grid,False,False,0.5011425875666544,0.6998222731773693,False,30,0.14423076923076922,216,1.0,1.0,1.0,1.0,True,True,True,True,0.996083952486515,2.7492092922329903,0.0,208,30
en-006+en-007+en-008+en-001,en,unigram,bira_position_aware,conservative,0.15,fixed_budget_grid,False,False,0.7264466513827458,0.6998222731773693,True,7,0.03365384615384615,44,1.0,1.0,1.0,1.0,True,True,True,True,0.84687490016222,0.84687490016222,0.0,208,7
en-006+en-007+en-008+en-001,en,unigram,bira_position_aware,intermediate,0.35,fixed_budget_grid,True,True,0.6314592468608283,0.6998222731773693,False,17,0.08173076923076923,120,1.0,1.0,1.0,1.0,True,True,True,True,0.8787494152784348,1.7256243154406548,0.0,208,17
en-006+en-007+en-008+en-001,en,unigram,bira_position_aware,aggressive,0.65,fixed_budget_grid,False,False,0.6005067069605537,0.6998222731773693,False,30,0.14423076923076922,210,1.0,1.0,1.0,1.0,True,True,True,True,0.9913751855492592,2.716999500989914,0.0,208,30
en-006+en-007+en-008+en-001,en,synthid_tournament,no_attack,none,0.0,baseline,True,False,0.6402585355561865,0.607205463810219,True,0,0.0,0,1.0,1.0,1.0,1.0,True,True,True,True,0.0,0.0,0.0,208,0
en-006+en-007+en-008+en-001,en,synthid_tournament,simple_paraphrase,conservative,0.15,fixed_budget_grid,False,False,0.6099020145614085,0.607205463810219,True,7,0.03365384615384615,54,1.0,1.0,1.0,1.0,True,True,True,True,0.683874823153019,0.683874823153019,0.0,208,7
en-006+en-007+en-008+en-001,en,synthid_tournament,simple_paraphrase,intermediate,0.35,fixed_budget_grid,True,True,0.5720948145801854,0.607205463810219,False,17,0.08173076923076923,118,1.0,1.0,1.0,1.0,True,True,True,True,0.6873328238725662,1.3712076470255852,0.0,208,17
en-006+en-007+en-008+en-001,en,synthid_tournament,simple_paraphrase,aggressive,0.65,fixed_budget_grid,False,False,0.5072177350675697,0.607205463810219,False,30,0.14423076923076922,200,1.0,1.0,1.0,1.0,True,True,True,True,0.6959997117519379,2.067207358777523,0.0,208,30
en-006+en-007+en-008+en-001,en,synthid_tournament,sira,conservative,0.15,fixed_budget_grid,False,False,0.6284371896473432,0.607205463810219,True,7,0.03365384615384615,43,1.0,1.0,1.0,1.0,True,True,True,True,0.8027506992220879,0.8027506992220879,0.0,208,7
en-006+en-007+en-008+en-001,en,synthid_tournament,sira,intermediate,0.35,fixed_budget_grid,True,True,0.5390650044244646,0.607205463810219,False,17,0.08173076923076923,119,1.0,1.0,1.0,1.0,True,True,True,True,0.8605830371379852,1.663333736360073,0.0,208,17
en-006+en-007+en-008+en-001,en,synthid_tournament,sira,aggressive,0.65,fixed_budget_grid,False,False,0.5286243876449702,0.607205463810219,False,30,0.14423076923076922,198,1.0,1.0,1.0,1.0,True,True,True,True,0.9578336030244827,2.621167339384556,0.0,208,30
en-006+en-007+en-008+en-001,en,synthid_tournament,bira,conservative,0.15,fixed_budget_grid,False,False,0.6284371896473432,0.607205463810219,True,7,0.03365384615384615,43,1.0,1.0,1.0,1.0,True,True,True,True,0.8773328736424446,0.8773328736424446,0.0,208,7
en-006+en-007+en-008+en-001,en,synthid_tournament,bira,intermediate,0.35,fixed_budget_grid,True,True,0.5538590415703364,0.607205463810219,False,17,0.08173076923076923,120,1.0,1.0,1.0,1.0,True,True,True,True,0.8986247703433037,1.7759576439857483,0.0,208,17
en-006+en-007+en-008+en-001,en,synthid_tournament,bira,aggressive,0.65,fixed_budget_grid,False,False,0.51639101582433,0.607205463810219,False,30,0.14423076923076922,194,1.0,1.0,1.0,1.0,True,True,True,True,0.9976252913475037,2.773582935333252,0.0,208,30
en-006+en-007+en-008+en-001,en,synthid_tournament,bira_position_aware,conservative,0.15,fixed_budget_grid,False,False,0.628888873138677,0.607205463810219,True,7,0.03365384615384615,45,1.0,1.0,1.0,1.0,True,True,True,True,0.8143335580825806,0.8143335580825806,0.0,208,7
en-006+en-007+en-008+en-001,en,synthid_tournament,bira_position_aware,intermediate,0.35,fixed_budget_grid,True,True,0.5402750093572666,0.607205463810219,False,17,0.08173076923076923,117,1.0,1.0,1.0,1.0,True,True,True,True,0.8809585124254227,1.6952920705080032,0.0,208,17
en-006+en-007+en-008+en-001,en,synthid_tournament,bira_position_aware,aggressive,0.65,fixed_budget_grid,False,False,0.5025103587618185,0.607205463810219,False,30,0.14423076923076922,205,1.0,1.0,1.0,1.0,True,True,True,True,0.9874170646071434,2.6827091351151466,0.0,208,30
en-007+en-008+en-001+en-002,en,kgw,no_attack,none,0.0,baseline,True,False,0.7790665907319215,0.6629500205604228,True,0,0.0,0,1.0,1.0,1.0,1.0,True,True,True,True,0.0,0.0,0.0,212,0
en-007+en-008+en-001+en-002,en,kgw,simple_paraphrase,conservative,0.15,fixed_budget_grid,False,False,0.7315437821808701,0.6629500205604228,True,7,0.0330188679245283,49,1.0,1.0,1.0,1.0,True,True,True,True,0.7425006479024887,0.7425006479024887,0.0,212,7
en-007+en-008+en-001+en-002,en,kgw,simple_paraphrase,intermediate,0.35,fixed_budget_grid,False,False,0.6876990553854668,0.6629500205604228,True,17,0.08018867924528301,122,1.0,1.0,1.0,1.0,True,True,True,True,0.7332917302846909,1.4757923781871796,0.0,212,17
en-007+en-008+en-001+en-002,en,kgw,simple_paraphrase,aggressive,0.65,fixed_budget_grid,True,True,0.5606082874521933,0.6629500205604228,False,30,0.14150943396226415,202,1.0,1.0,1.0,1.0,True,True,True,True,0.72508305311203,2.2008754312992096,0.0,212,30
en-007+en-008+en-001+en-002,en,kgw,sira,conservative,0.15,fixed_budget_grid,False,False,0.729149766823565,0.6629500205604228,True,7,0.0330188679245283,51,1.0,1.0,1.0,1.0,True,True,True,True,0.8266251534223557,0.8266251534223557,0.0,212,7
en-007+en-008+en-001+en-002,en,kgw,sira,intermediate,0.35,fixed_budget_grid,False,False,0.7519596574710142,0.6629500205604228,True,17,0.08018867924528301,136,1.0,1.0,1.0,1.0,True,True,True,True,0.9029172360897064,1.729542389512062,0.0,212,17
en-007+en-008+en-001+en-002,en,kgw,sira,aggressive,0.65,fixed_budget_grid,True,True,0.5992382992477541,0.6629500205604228,False,30,0.14150943396226415,225,1.0,1.0,1.0,1.0,True,True,True,True,1.030624844133854,2.760167233645916,0.0,212,30
en-007+en-008+en-001+en-002,en,kgw,bira,conservative,0.15,fixed_budget_grid,False,False,0.7310495119179005,0.6629500205604228,True,7,0.0330188679245283,51,1.0,1.0,1.0,1.0,True,True,True,True,0.8948333561420441,0.8948333561420441,0.0,212,7
en-007+en-008+en-001+en-002,en,kgw,bira,intermediate,0.35,fixed_budget_grid,False,False,0.7344391432026414,0.6629500205604228,True,17,0.08018867924528301,126,1.0,1.0,1.0,1.0,True,True,True,True,0.9303335100412369,1.825166866183281,0.0,212,17
en-007+en-008+en-001+en-002,en,kgw,bira,aggressive,0.65,fixed_budget_grid,True,True,0.6382900066665731,0.6629500205604228,False,30,0.14150943396226415,226,1.0,1.0,1.0,1.0,True,True,True,True,1.0166242718696594,2.8417911380529404,0.0,212,30
en-007+en-008+en-001+en-002,en,kgw,bira_position_aware,conservative,0.15,fixed_budget_grid,False,False,0.729149766823565,0.6629500205604228,True,7,0.0330188679245283,51,1.0,1.0,1.0,1.0,True,True,True,True,0.8362913504242897,0.8362913504242897,0.0,212,7
en-007+en-008+en-001+en-002,en,kgw,bira_position_aware,intermediate,0.35,fixed_budget_grid,False,False,0.7062945828594481,0.6629500205604228,True,17,0.08018867924528301,134,1.0,1.0,1.0,1.0,True,True,True,True,0.9008757770061493,1.737167127430439,0.0,212,17
en-007+en-008+en-001+en-002,en,kgw,bira_position_aware,aggressive,0.65,fixed_budget_grid,True,True,0.6229615151045756,0.6629500205604228,False,30,0.14150943396226415,226,1.0,1.0,1.0,1.0,True,True,True,True,1.0121678933501244,2.7493350207805634,0.0,212,30
en-007+en-008+en-001+en-002,en,unigram,no_attack,none,0.0,baseline,True,False,0.7573096858274718,0.6998222731773693,True,0,0.0,0,1.0,1.0,1.0,1.0,True,True,True,True,0.0,0.0,0.0,212,0
en-007+en-008+en-001+en-002,en,unigram,simple_paraphrase,conservative,0.15,fixed_budget_grid,False,False,0.7126411533976784,0.6998222731773693,True,7,0.0330188679245283,44,1.0,1.0,1.0,1.0,True,True,True,True,0.696040689945221,0.696040689945221,0.0,212,7
en-007+en-008+en-001+en-002,en,unigram,simple_paraphrase,intermediate,0.35,fixed_budget_grid,True,True,0.6652442353373631,0.6998222731773693,False,17,0.08018867924528301,117,1.0,1.0,1.0,1.0,True,True,True,True,0.7122494280338287,1.4082901179790497,0.0,212,17
en-007+en-008+en-001+en-002,en,unigram,simple_paraphrase,aggressive,0.65,fixed_budget_grid,False,False,0.6028614802467291,0.6998222731773693,False,30,0.14150943396226415,204,1.0,1.0,1.0,1.0,True,True,True,True,0.7292507216334343,2.137540839612484,0.0,212,30
en-007+en-008+en-001+en-002,en,unigram,sira,conservative,0.15,fixed_budget_grid,False,False,0.7298386134323395,0.6998222731773693,True,7,0.0330188679245283,49,1.0,1.0,1.0,1.0,True,True,True,True,0.8419174700975418,0.8419174700975418,0.0,212,7
en-007+en-008+en-001+en-002,en,unigram,sira,intermediate,0.35,fixed_budget_grid,True,True,0.6614858172680026,0.6998222731773693,False,17,0.08018867924528301,120,1.0,1.0,1.0,1.0,True,True,True,True,0.8974168449640274,1.7393343150615692,0.0,212,17
en-007+en-008+en-001+en-002,en,unigram,sira,aggressive,0.65,fixed_budget_grid,False,False,0.5706046448294759,0.6998222731773693,False,30,0.14150943396226415,219,1.0,1.0,1.0,1.0,True,True,True,True,1.027374528348446,2.766708843410015,0.0,212,30
en-007+en-008+en-001+en-002,en,unigram,bira,conservative,0.15,fixed_budget_grid,False,False,0.7753332105014801,0.6998222731773693,True,7,0.0330188679245283,50,1.0,1.0,1.0,1.0,True,True,True,True,0.8752904832363129,0.8752904832363129,0.0,212,7
en-007+en-008+en-001+en-002,en,unigram,bira,intermediate,0.35,fixed_budget_grid,True,True,0.6382044070169073,0.6998222731773693,False,17,0.08018867924528301,120,1.0,1.0,1.0,1.0,True,True,True,True,0.9640837088227272,1.83937419205904,0.0,212,17
en-007+en-008+en-001+en-002,en,unigram,bira,aggressive,0.65,fixed_budget_grid,False,False,0.5706046448294759,0.6998222731773693,False,30,0.14150943396226415,219,1.0,1.0,1.0,1.0,True,True,True,True,1.013374887406826,2.852749079465866,0.0,212,30
en-007+en-008+en-001+en-002,en,unigram,bira_position_aware,conservative,0.15,fixed_budget_grid,False,False,0.7298386134323395,0.6998222731773693,True,7,0.0330188679245283,49,1.0,1.0,1.0,1.0,True,True,True,True,0.8245827630162239,0.8245827630162239,0.0,212,7
en-007+en-008+en-001+en-002,en,unigram,bira_position_aware,intermediate,0.35,fixed_budget_grid,True,True,0.634363549900276,0.6998222731773693,False,17,0.08018867924528301,123,1.0,1.0,1.0,1.0,True,True,True,True,0.9023752063512802,1.7269579693675041,0.0,212,17
en-007+en-008+en-001+en-002,en,unigram,bira_position_aware,aggressive,0.65,fixed_budget_grid,False,False,0.6220176247869414,0.6998222731773693,False,30,0.14150943396226415,212,1.0,1.0,1.0,1.0,True,True,True,True,1.0102083906531334,2.7371663600206375,0.0,212,30
en-007+en-008+en-001+en-002,en,synthid_tournament,no_attack,none,0.0,baseline,True,False,0.6097125528109503,0.607205463810219,True,0,0.0,0,1.0,1.0,1.0,1.0,True,True,True,True,0.0,0.0,0.0,212,0
en-007+en-008+en-001+en-002,en,synthid_tournament,simple_paraphrase,conservative,0.15,fixed_budget_grid,True,True,0.5961593088680425,0.607205463810219,False,7,0.0330188679245283,45,1.0,1.0,1.0,1.0,True,True,True,True,0.7031671702861786,0.7031671702861786,0.0,212,7
en-007+en-008+en-001+en-002,en,synthid_tournament,simple_paraphrase,intermediate,0.35,fixed_budget_grid,False,False,0.5544954202478007,0.607205463810219,False,17,0.08018867924528301,116,1.0,1.0,1.0,1.0,True,True,True,True,0.7091248407959938,1.4122920110821724,0.0,212,17
en-007+en-008+en-001+en-002,en,synthid_tournament,simple_paraphrase,aggressive,0.65,fixed_budget_grid,False,False,0.5389938363261704,0.607205463810219,False,30,0.14150943396226415,199,1.0,1.0,1.0,1.0,True,True,True,True,0.7327497005462646,2.145041711628437,0.0,212,30
en-007+en-008+en-001+en-002,en,synthid_tournament,sira,conservative,0.15,fixed_budget_grid,False,False,0.6099015451184844,0.607205463810219,True,7,0.0330188679245283,45,1.0,1.0,1.0,1.0,True,True,True,True,0.8193748071789742,0.8193748071789742,0.0,212,7
en-007+en-008+en-001+en-002,en,synthid_tournament,sira,intermediate,0.35,fixed_budget_grid,True,True,0.5686472740802403,0.607205463810219,False,17,0.08018867924528301,116,1.0,1.0,1.0,1.0,True,True,True,True,0.8819159120321274,1.7012907192111015,0.0,212,17
en-007+en-008+en-001+en-002,en,synthid_tournament,sira,aggressive,0.65,fixed_budget_grid,False,False,0.5260130253107309,0.607205463810219,False,30,0.14150943396226415,198,1.0,1.0,1.0,1.0,True,True,True,True,1.003124751150608,2.7044154703617096,0.0,212,30
en-007+en-008+en-001+en-002,en,synthid_tournament,bira,conservative,0.15,fixed_budget_grid,True,True,0.6065311701907954,0.607205463810219,False,7,0.0330188679245283,45,1.0,1.0,1.0,1.0,True,True,True,True,0.8705835789442062,0.8705835789442062,0.0,212,7
en-007+en-008+en-001+en-002,en,synthid_tournament,bira,intermediate,0.35,fixed_budget_grid,False,False,0.5524360890570295,0.607205463810219,False,17,0.08018867924528301,118,1.0,1.0,1.0,1.0,True,True,True,True,0.9248340502381325,1.7954176291823387,0.0,212,17
en-007+en-008+en-001+en-002,en,synthid_tournament,bira,aggressive,0.65,fixed_budget_grid,False,False,0.5260130253107309,0.607205463810219,False,30,0.14150943396226415,198,1.0,1.0,1.0,1.0,True,True,True,True,1.012749969959259,2.8081675991415977,0.0,212,30
en-007+en-008+en-001+en-002,en,synthid_tournament,bira_position_aware,conservative,0.15,fixed_budget_grid,False,False,0.6099015451184844,0.607205463810219,True,7,0.0330188679245283,45,1.0,1.0,1.0,1.0,True,True,True,True,0.8237902075052261,0.8237902075052261,0.0,212,7
en-007+en-008+en-001+en-002,en,synthid_tournament,bira_position_aware,intermediate,0.35,fixed_budget_grid,True,True,0.5476185796103117,0.607205463810219,False,17,0.08018867924528301,119,1.0,1.0,1.0,1.0,True,True,True,True,0.8916249498724937,1.7154151573777199,0.0,212,17
en-007+en-008+en-001+en-002,en,synthid_tournament,bira_position_aware,aggressive,0.65,fixed_budget_grid,False,False,0.5242324978563809,0.607205463810219,False,30,0.14150943396226415,209,1.0,1.0,1.0,1.0,True,True,True,True,1.0042926296591759,2.7197077870368958,0.0,212,30
en-008+en-001+en-002+en-003,en,kgw,no_attack,none,0.0,baseline,True,False,0.7742611075379813,0.6629500205604228,True,0,0.0,0,1.0,1.0,1.0,1.0,True,True,True,True,0.0,0.0,0.0,220,0
en-008+en-001+en-002+en-003,en,kgw,simple_paraphrase,conservative,0.15,fixed_budget_grid,False,False,0.7093970157376496,0.6629500205604228,True,8,0.03636363636363636,49,1.0,1.0,1.0,1.0,True,True,True,True,0.7407497614622116,0.7407497614622116,0.0,220,8
en-008+en-001+en-002+en-003,en,kgw,simple_paraphrase,intermediate,0.35,fixed_budget_grid,False,False,0.6872125493813729,0.6629500205604228,True,18,0.08181818181818182,118,1.0,1.0,1.0,1.0,True,True,True,True,0.7300004363059998,1.4707501977682114,0.0,220,18
en-008+en-001+en-002+en-003,en,kgw,simple_paraphrase,aggressive,0.65,fixed_budget_grid,True,False,0.6681314181172021,0.6629500205604228,True,32,0.14545454545454545,216,1.0,1.0,1.0,1.0,True,True,True,True,0.746958889067173,2.2177090868353844,0.0,220,32
en-008+en-001+en-002+en-003,en,kgw,sira,conservative,0.15,fixed_budget_grid,False,False,0.7507757648335431,0.6629500205604228,True,8,0.03636363636363636,58,1.0,1.0,1.0,1.0,True,True,True,True,0.8561667054891586,0.8561667054891586,0.0,220,8
en-008+en-001+en-002+en-003,en,kgw,sira,intermediate,0.35,fixed_budget_grid,False,False,0.7477921625655042,0.6629500205604228,True,18,0.08181818181818182,137,1.0,1.0,1.0,1.0,True,True,True,True,0.9236251935362816,1.7797918990254402,0.0,220,18
en-008+en-001+en-002+en-003,en,kgw,sira,aggressive,0.65,fixed_budget_grid,True,False,0.6640982481728637,0.6629500205604228,True,32,0.14545454545454545,232,1.0,1.0,1.0,1.0,True,True,True,True,1.0142922401428223,2.7940841391682625,0.0,220,32
en-008+en-001+en-002+en-003,en,kgw,bira,conservative,0.15,fixed_budget_grid,False,False,0.750772483052391,0.6629500205604228,True,8,0.03636363636363636,56,1.0,1.0,1.0,1.0,True,True,True,True,0.89254230260849,0.89254230260849,0.0,220,8
en-008+en-001+en-002+en-003,en,kgw,bira,intermediate,0.35,fixed_budget_grid,False,False,0.7291575268199401,0.6629500205604228,True,18,0.08181818181818182,131,1.0,1.0,1.0,1.0,True,True,True,True,1.01500004529953,1.90754234790802,0.0,220,18
en-008+en-001+en-002+en-003,en,kgw,bira,aggressive,0.65,fixed_budget_grid,True,False,0.682142589733499,0.6629500205604228,True,32,0.14545454545454545,231,1.0,1.0,1.0,1.0,True,True,True,True,1.060708425939083,2.968250773847103,0.0,220,32
en-008+en-001+en-002+en-003,en,kgw,bira_position_aware,conservative,0.15,fixed_budget_grid,False,False,0.7507757648335431,0.6629500205604228,True,8,0.03636363636363636,58,1.0,1.0,1.0,1.0,True,True,True,True,0.8575413376092911,0.8575413376092911,0.0,220,8
en-008+en-001+en-002+en-003,en,kgw,bira_position_aware,intermediate,0.35,fixed_budget_grid,False,False,0.6822789556271134,0.6629500205604228,True,18,0.08181818181818182,137,1.0,1.0,1.0,1.0,True,True,True,True,0.9229592978954315,1.7805006355047226,0.0,220,18
en-008+en-001+en-002+en-003,en,kgw,bira_position_aware,aggressive,0.65,fixed_budget_grid,True,True,0.5853873626336371,0.6629500205604228,False,32,0.14545454545454545,233,1.0,1.0,1.0,1.0,True,True,True,True,1.0653343051671982,2.8458349406719208,0.0,220,32
en-008+en-001+en-002+en-003,en,unigram,no_attack,none,0.0,baseline,True,False,0.8151340779499887,0.6998222731773693,True,0,0.0,0,1.0,1.0,1.0,1.0,True,True,True,True,0.0,0.0,0.0,220,0
en-008+en-001+en-002+en-003,en,unigram,simple_paraphrase,conservative,0.15,fixed_budget_grid,False,False,0.729716490152053,0.6998222731773693,True,8,0.03636363636363636,52,1.0,1.0,1.0,1.0,True,True,True,True,0.7769586518406868,0.7769586518406868,0.0,220,8
en-008+en-001+en-002+en-003,en,unigram,simple_paraphrase,intermediate,0.35,fixed_budget_grid,False,False,0.7306742918884125,0.6998222731773693,True,18,0.08181818181818182,124,1.0,1.0,1.0,1.0,True,True,True,True,0.7294584065675735,1.5064170584082603,0.0,220,18
en-008+en-001+en-002+en-003,en,unigram,simple_paraphrase,aggressive,0.65,fixed_budget_grid,True,True,0.608050175673193,0.6998222731773693,False,32,0.14545454545454545,224,1.0,1.0,1.0,1.0,True,True,True,True,0.7482077926397324,2.2546248510479927,0.0,220,32
en-008+en-001+en-002+en-003,en,unigram,sira,conservative,0.15,fixed_budget_grid,False,False,0.7459949162125918,0.6998222731773693,True,8,0.03636363636363636,54,1.0,1.0,1.0,1.0,True,True,True,True,0.8512083441019058,0.8512083441019058,0.0,220,8
en-008+en-001+en-002+en-003,en,unigram,sira,intermediate,0.35,fixed_budget_grid,True,True,0.6594489030846115,0.6998222731773693,False,18,0.08181818181818182,129,1.0,1.0,1.0,1.0,True,True,True,True,0.9224992245435715,1.7737075686454773,0.0,220,18
en-008+en-001+en-002+en-003,en,unigram,sira,aggressive,0.65,fixed_budget_grid,False,False,0.5534879043825555,0.6998222731773693,False,32,0.14545454545454545,229,1.0,1.0,1.0,1.0,True,True,True,True,1.017875038087368,2.7915826067328453,0.0,220,32
en-008+en-001+en-002+en-003,en,unigram,bira,conservative,0.15,fixed_budget_grid,False,False,0.7455160484459042,0.6998222731773693,True,8,0.03636363636363636,54,1.0,1.0,1.0,1.0,True,True,True,True,0.9142076596617699,0.9142076596617699,0.0,220,8
en-008+en-001+en-002+en-003,en,unigram,bira,intermediate,0.35,fixed_budget_grid,True,True,0.6816402736318928,0.6998222731773693,False,18,0.08181818181818182,132,1.0,1.0,1.0,1.0,True,True,True,True,0.9588338434696198,1.8730415031313896,0.0,220,18
en-008+en-001+en-002+en-003,en,unigram,bira,aggressive,0.65,fixed_budget_grid,False,False,0.5534879043825555,0.6998222731773693,False,32,0.14545454545454545,229,1.0,1.0,1.0,1.0,True,True,True,True,1.0521654039621353,2.925206907093525,0.0,220,32
en-008+en-001+en-002+en-003,en,unigram,bira_position_aware,conservative,0.15,fixed_budget_grid,False,False,0.7459949162125918,0.6998222731773693,True,8,0.03636363636363636,54,1.0,1.0,1.0,1.0,True,True,True,True,0.8705845102667809,0.8705845102667809,0.0,220,8
en-008+en-001+en-002+en-003,en,unigram,bira_position_aware,intermediate,0.35,fixed_budget_grid,True,True,0.6592600981293218,0.6998222731773693,False,18,0.08181818181818182,132,1.0,1.0,1.0,1.0,True,True,True,True,0.932374969124794,1.8029594793915749,0.0,220,18
en-008+en-001+en-002+en-003,en,unigram,bira_position_aware,aggressive,0.65,fixed_budget_grid,False,False,0.6266259561038708,0.6998222731773693,False,32,0.14545454545454545,226,1.0,1.0,1.0,1.0,True,True,True,True,1.0448340326547623,2.847793512046337,0.0,220,32
en-008+en-001+en-002+en-003,en,synthid_tournament,no_attack,none,0.0,baseline,True,False,0.5774564737480488,0.607205463810219,False,0,0.0,0,1.0,1.0,1.0,1.0,True,True,True,True,0.0,0.0,0.0,220,0
en-008+en-001+en-002+en-003,en,synthid_tournament,simple_paraphrase,conservative,0.15,fixed_budget_grid,True,True,0.5428591977425276,0.607205463810219,False,8,0.03636363636363636,50,1.0,1.0,1.0,1.0,True,True,True,True,0.7220832630991936,0.7220832630991936,0.0,220,8
en-008+en-001+en-002+en-003,en,synthid_tournament,simple_paraphrase,intermediate,0.35,fixed_budget_grid,False,False,0.5610179824649886,0.607205463810219,False,18,0.08181818181818182,110,1.0,1.0,1.0,1.0,True,True,True,True,0.7352503016591072,1.4573335647583008,0.0,220,18
en-008+en-001+en-002+en-003,en,synthid_tournament,simple_paraphrase,aggressive,0.65,fixed_budget_grid,False,False,0.5763746309939765,0.607205463810219,False,32,0.14545454545454545,209,1.0,1.0,1.0,1.0,True,True,True,True,0.7788334041833878,2.2361669689416885,0.0,220,32
en-008+en-001+en-002+en-003,en,synthid_tournament,sira,conservative,0.15,fixed_budget_grid,True,True,0.5755531963168667,0.607205463810219,False,8,0.03636363636363636,50,1.0,1.0,1.0,1.0,True,True,True,True,0.8506663143634796,0.8506663143634796,0.0,220,8
en-008+en-001+en-002+en-003,en,synthid_tournament,sira,intermediate,0.35,fixed_budget_grid,False,False,0.5429594880173158,0.607205463810219,False,18,0.08181818181818182,128,1.0,1.0,1.0,1.0,True,True,True,True,0.9912913665175438,1.8419576808810234,0.0,220,18
en-008+en-001+en-002+en-003,en,synthid_tournament,sira,aggressive,0.65,fixed_budget_grid,False,False,0.511402758788065,0.607205463810219,False,32,0.14545454545454545,224,1.0,1.0,1.0,1.0,True,True,True,True,1.1184997856616974,2.960457466542721,0.0,220,32
en-008+en-001+en-002+en-003,en,synthid_tournament,bira,conservative,0.15,fixed_budget_grid,True,True,0.5724032682088313,0.607205463810219,False,8,0.03636363636363636,50,1.0,1.0,1.0,1.0,True,True,True,True,0.9324997663497925,0.9324997663497925,0.0,220,8
en-008+en-001+en-002+en-003,en,synthid_tournament,bira,intermediate,0.35,fixed_budget_grid,False,False,0.557036226365313,0.607205463810219,False,18,0.08181818181818182,128,1.0,1.0,1.0,1.0,True,True,True,True,1.0090004652738571,1.9415002316236496,0.0,220,18
en-008+en-001+en-002+en-003,en,synthid_tournament,bira,aggressive,0.65,fixed_budget_grid,False,False,0.5203682554253283,0.607205463810219,False,32,0.14545454545454545,225,1.0,1.0,1.0,1.0,True,True,True,True,1.0614590719342232,3.0029593035578728,0.0,220,32
en-008+en-001+en-002+en-003,en,synthid_tournament,bira_position_aware,conservative,0.15,fixed_budget_grid,True,True,0.5721008122975688,0.607205463810219,False,8,0.03636363636363636,52,1.0,1.0,1.0,1.0,True,True,True,True,0.8920421823859215,0.8920421823859215,0.0,220,8
en-008+en-001+en-002+en-003,en,synthid_tournament,bira_position_aware,intermediate,0.35,fixed_budget_grid,False,False,0.5245693707257398,0.607205463810219,False,18,0.08181818181818182,134,1.0,1.0,1.0,1.0,True,True,True,True,0.9700413793325424,1.862083561718464,0.0,220,18
en-008+en-001+en-002+en-003,en,synthid_tournament,bira_position_aware,aggressive,0.65,fixed_budget_grid,False,False,0.5003656136616302,0.607205463810219,False,32,0.14545454545454545,228,1.0,1.0,1.0,1.0,True,True,True,True,1.086208038032055,2.948291599750519,0.0,220,32
it-001+it-002+it-003+it-004,it,kgw,no_attack,none,0.0,baseline,True,False,0.6702756695083101,0.7242270615335045,False,0,0.0,0,1.0,1.0,1.0,1.0,True,True,True,True,0.0,0.0,0.0,217,0
it-001+it-002+it-003+it-004,it,kgw,simple_paraphrase,conservative,0.15,fixed_budget_grid,True,True,0.6274781443905589,0.7242270615335045,False,7,0.03225806451612903,38,1.0,1.0,1.0,1.0,True,True,True,True,0.7550418376922607,0.7550418376922607,0.0,217,7
it-001+it-002+it-003+it-004,it,kgw,simple_paraphrase,intermediate,0.35,fixed_budget_grid,False,False,0.602980763277562,0.7242270615335045,False,16,0.07373271889400922,91,1.0,1.0,1.0,1.0,True,True,True,True,0.7294164970517159,1.4844583347439766,0.0,217,16
it-001+it-002+it-003+it-004,it,kgw,simple_paraphrase,aggressive,0.65,fixed_budget_grid,False,False,0.607219438705805,0.7242270615335045,False,28,0.12903225806451613,174,1.0,1.0,1.0,1.0,True,True,True,True,0.7317084819078445,2.216166816651821,0.0,217,28
it-001+it-002+it-003+it-004,it,kgw,sira,conservative,0.15,fixed_budget_grid,True,True,0.7151270465328367,0.7242270615335045,False,7,0.03225806451612903,43,1.0,1.0,1.0,1.0,True,True,True,True,0.8316664025187492,0.8316664025187492,0.0,217,7
it-001+it-002+it-003+it-004,it,kgw,sira,intermediate,0.35,fixed_budget_grid,False,False,0.7395653051925049,0.7242270615335045,True,16,0.07373271889400922,104,1.0,1.0,1.0,1.0,True,True,True,True,0.9075421839952469,1.7392085865139961,0.0,217,16
it-001+it-002+it-003+it-004,it,kgw,sira,aggressive,0.65,fixed_budget_grid,False,False,0.6710170860454732,0.7242270615335045,False,28,0.12903225806451613,181,1.0,1.0,1.0,1.0,True,True,True,True,0.9679170325398445,2.7071256190538406,0.0,217,28
it-001+it-002+it-003+it-004,it,kgw,bira,conservative,0.15,fixed_budget_grid,True,True,0.7151270465328367,0.7242270615335045,False,7,0.03225806451612903,43,1.0,1.0,1.0,1.0,True,True,True,True,0.8788751438260078,0.8788751438260078,0.0,217,7
it-001+it-002+it-003+it-004,it,kgw,bira,intermediate,0.35,fixed_budget_grid,False,False,0.7163702363117425,0.7242270615335045,False,16,0.07373271889400922,107,1.0,1.0,1.0,1.0,True,True,True,True,0.926249660551548,1.8051248043775558,0.0,217,16
it-001+it-002+it-003+it-004,it,kgw,bira,aggressive,0.65,fixed_budget_grid,False,False,0.6710170860454732,0.7242270615335045,False,28,0.12903225806451613,181,1.0,1.0,1.0,1.0,True,True,True,True,0.9941672906279564,2.7992920950055122,0.0,217,28
it-001+it-002+it-003+it-004,it,kgw,bira_position_aware,conservative,0.15,fixed_budget_grid,True,True,0.7171597370444321,0.7242270615335045,False,7,0.03225806451612903,44,1.0,1.0,1.0,1.0,True,True,True,True,0.8504586294293404,0.8504586294293404,0.0,217,7
it-001+it-002+it-003+it-004,it,kgw,bira_position_aware,intermediate,0.35,fixed_budget_grid,False,False,0.693766651874819,0.7242270615335045,False,16,0.07373271889400922,94,1.0,1.0,1.0,1.0,True,True,True,True,0.8981246501207352,1.7485832795500755,0.0,217,16
it-001+it-002+it-003+it-004,it,kgw,bira_position_aware,aggressive,0.65,fixed_budget_grid,False,False,0.7152199053201921,0.7242270615335045,False,28,0.12903225806451613,168,1.0,1.0,1.0,1.0,True,True,True,True,0.9788749739527702,2.7274582535028458,0.0,217,28
it-001+it-002+it-003+it-004,it,unigram,no_attack,none,0.0,baseline,True,False,0.7592484155048722,0.6852126512160572,True,0,0.0,0,1.0,1.0,1.0,1.0,True,True,True,True,0.0,0.0,0.0,217,0
it-001+it-002+it-003+it-004,it,unigram,simple_paraphrase,conservative,0.15,fixed_budget_grid,False,False,0.7107456394062509,0.6852126512160572,True,7,0.03225806451612903,46,1.0,1.0,1.0,1.0,True,True,True,True,0.7274160161614418,0.7274160161614418,0.0,217,7
it-001+it-002+it-003+it-004,it,unigram,simple_paraphrase,intermediate,0.35,fixed_budget_grid,True,True,0.6373705658287483,0.6852126512160572,False,16,0.07373271889400922,98,1.0,1.0,1.0,1.0,True,True,True,True,0.7263757288455963,1.4537917450070381,0.0,217,16
it-001+it-002+it-003+it-004,it,unigram,simple_paraphrase,aggressive,0.65,fixed_budget_grid,False,False,0.5248022982303241,0.6852126512160572,False,28,0.12903225806451613,174,1.0,1.0,1.0,1.0,True,True,True,True,0.7647089660167694,2.2185007110238075,0.0,217,28
it-001+it-002+it-003+it-004,it,unigram,sira,conservative,0.15,fixed_budget_grid,False,False,0.7830924671486047,0.6852126512160572,True,7,0.03225806451612903,45,1.0,1.0,1.0,1.0,True,True,True,True,0.8360827341675758,0.8360827341675758,0.0,217,7
it-001+it-002+it-003+it-004,it,unigram,sira,intermediate,0.35,fixed_budget_grid,False,False,0.8310360528222411,0.6852126512160572,True,16,0.07373271889400922,97,1.0,1.0,1.0,1.0,True,True,True,True,0.8787503466010094,1.7148330807685852,0.0,217,16
it-001+it-002+it-003+it-004,it,unigram,sira,aggressive,0.65,fixed_budget_grid,True,False,0.7071040613653613,0.6852126512160572,True,28,0.12903225806451613,170,1.0,1.0,1.0,1.0,True,True,True,True,0.9500002488493919,2.664833329617977,0.0,217,28
it-001+it-002+it-003+it-004,it,unigram,bira,conservative,0.15,fixed_budget_grid,False,False,0.7586174491477956,0.6852126512160572,True,7,0.03225806451612903,49,1.0,1.0,1.0,1.0,True,True,True,True,0.8894158527255058,0.8894158527255058,0.0,217,7
it-001+it-002+it-003+it-004,it,unigram,bira,intermediate,0.35,fixed_budget_grid,False,False,0.8310360528222411,0.6852126512160572,True,16,0.07373271889400922,97,1.0,1.0,1.0,1.0,True,True,True,True,0.9186677634716034,1.8080836161971092,0.0,217,16
it-001+it-002+it-003+it-004,it,unigram,bira,aggressive,0.65,fixed_budget_grid,True,False,0.7113967249394824,0.6852126512160572,True,28,0.12903225806451613,173,1.0,1.0,1.0,1.0,True,True,True,True,0.990542583167553,2.798626199364662,0.0,217,28
it-001+it-002+it-003+it-004,it,unigram,bira_position_aware,conservative,0.15,fixed_budget_grid,False,False,0.7830924671486047,0.6852126512160572,True,7,0.03225806451612903,45,1.0,1.0,1.0,1.0,True,True,True,True,0.8298745378851891,0.8298745378851891,0.0,217,7
it-001+it-002+it-003+it-004,it,unigram,bira_position_aware,intermediate,0.35,fixed_budget_grid,False,False,0.8311581479785087,0.6852126512160572,True,16,0.07373271889400922,96,1.0,1.0,1.0,1.0,True,True,True,True,0.8897082880139351,1.7195828258991241,0.0,217,16
it-001+it-002+it-003+it-004,it,unigram,bira_position_aware,aggressive,0.65,fixed_budget_grid,True,True,0.6577963351400118,0.6852126512160572,False,28,0.12903225806451613,174,1.0,1.0,1.0,1.0,True,True,True,True,0.9865825995802879,2.706165425479412,0.0,217,28
it-001+it-002+it-003+it-004,it,synthid_tournament,no_attack,none,0.0,baseline,True,False,0.662934309500812,0.624628652832985,True,0,0.0,0,1.0,1.0,1.0,1.0,True,True,True,True,0.0,0.0,0.0,217,0
it-001+it-002+it-003+it-004,it,synthid_tournament,simple_paraphrase,conservative,0.15,fixed_budget_grid,False,False,0.636183848303315,0.624628652832985,True,7,0.03225806451612903,42,1.0,1.0,1.0,1.0,True,True,True,True,0.720292329788208,0.720292329788208,0.0,217,7
it-001+it-002+it-003+it-004,it,synthid_tournament,simple_paraphrase,intermediate,0.35,fixed_budget_grid,True,True,0.58049770115003,0.624628652832985,False,16,0.07373271889400922,103,1.0,1.0,1.0,1.0,True,True,True,True,0.7230844348669052,1.4433767646551132,0.0,217,16
it-001+it-002+it-003+it-004,it,synthid_tournament,simple_paraphrase,aggressive,0.65,fixed_budget_grid,False,False,0.5359483948691292,0.624628652832985,False,28,0.12903225806451613,180,1.0,1.0,1.0,1.0,True,True,True,True,0.7319170981645584,2.1752938628196716,0.0,217,28
it-001+it-002+it-003+it-004,it,synthid_tournament,sira,conservative,0.15,fixed_budget_grid,False,False,0.6463244612986647,0.624628652832985,True,7,0.03225806451612903,50,1.0,1.0,1.0,1.0,True,True,True,True,0.8275005966424942,0.8275005966424942,0.0,217,7
it-001+it-002+it-003+it-004,it,synthid_tournament,sira,intermediate,0.35,fixed_budget_grid,True,True,0.562983827131367,0.624628652832985,False,16,0.07373271889400922,113,1.0,1.0,1.0,1.0,True,True,True,True,0.8775824680924416,1.7050830647349358,0.0,217,16
it-001+it-002+it-003+it-004,it,synthid_tournament,sira,aggressive,0.65,fixed_budget_grid,False,False,0.4333060999390365,0.624628652832985,False,28,0.12903225806451613,188,1.0,1.0,1.0,1.0,True,True,True,True,0.9386669844388962,2.643750049173832,0.0,217,28
it-001+it-002+it-003+it-004,it,synthid_tournament,bira,conservative,0.15,fixed_budget_grid,True,True,0.6057300826392358,0.624628652832985,False,7,0.03225806451612903,50,1.0,1.0,1.0,1.0,True,True,True,True,0.8691251277923584,0.8691251277923584,0.0,217,7
it-001+it-002+it-003+it-004,it,synthid_tournament,bira,intermediate,0.35,fixed_budget_grid,False,False,0.540280907618636,0.624628652832985,False,16,0.07373271889400922,110,1.0,1.0,1.0,1.0,True,True,True,True,0.9190831333398819,1.7882082611322403,0.0,217,16
it-001+it-002+it-003+it-004,it,synthid_tournament,bira,aggressive,0.65,fixed_budget_grid,False,False,0.44593956136515933,0.624628652832985,False,28,0.12903225806451613,188,1.0,1.0,1.0,1.0,True,True,True,True,0.9833751246333122,2.7715833857655525,0.0,217,28
it-001+it-002+it-003+it-004,it,synthid_tournament,bira_position_aware,conservative,0.15,fixed_budget_grid,False,False,0.6463244612986647,0.624628652832985,True,7,0.03225806451612903,50,1.0,1.0,1.0,1.0,True,True,True,True,0.8409582078456879,0.8409582078456879,0.0,217,7
it-001+it-002+it-003+it-004,it,synthid_tournament,bira_position_aware,intermediate,0.35,fixed_budget_grid,True,True,0.5701024423769631,0.624628652832985,False,16,0.07373271889400922,106,1.0,1.0,1.0,1.0,True,True,True,True,0.9009586647152901,1.741916872560978,0.0,217,16
it-001+it-002+it-003+it-004,it,synthid_tournament,bira_position_aware,aggressive,0.65,fixed_budget_grid,False,False,0.48528244636510054,0.624628652832985,False,28,0.12903225806451613,181,1.0,1.0,1.0,1.0,True,True,True,True,0.9992504492402077,2.7411673218011856,0.0,217,28
it-002+it-003+it-004+it-005,it,kgw,no_attack,none,0.0,baseline,True,False,0.7247034174477944,0.7242270615335045,True,0,0.0,0,1.0,1.0,1.0,1.0,True,True,True,True,0.0,0.0,0.0,218,0
it-002+it-003+it-004+it-005,it,kgw,simple_paraphrase,conservative,0.15,fixed_budget_grid,False,False,0.7287323319352274,0.7242270615335045,True,6,0.027522935779816515,33,1.0,1.0,1.0,1.0,True,True,True,True,0.7932092994451523,0.7932092994451523,0.0,218,6
it-002+it-003+it-004+it-005,it,kgw,simple_paraphrase,intermediate,0.35,fixed_budget_grid,True,True,0.6506962408672146,0.7242270615335045,False,13,0.05963302752293578,75,1.0,1.0,1.0,1.0,True,True,True,True,0.7171668112277985,1.5103761106729507,0.0,218,13
it-002+it-003+it-004+it-005,it,kgw,simple_paraphrase,aggressive,0.65,fixed_budget_grid,False,False,0.596075850000392,0.7242270615335045,False,25,0.11467889908256881,154,1.0,1.0,1.0,1.0,True,True,True,True,0.73208287358284,2.2424589842557907,0.0,218,25
it-002+it-003+it-004+it-005,it,kgw,sira,conservative,0.15,fixed_budget_grid,True,True,0.7191654665616809,0.7242270615335045,False,6,0.027522935779816515,37,1.0,1.0,1.0,1.0,True,True,True,True,0.8177915588021278,0.8177915588021278,0.0,218,6
it-002+it-003+it-004+it-005,it,kgw,sira,intermediate,0.35,fixed_budget_grid,False,False,0.7466508691770992,0.7242270615335045,True,13,0.05963302752293578,89,1.0,1.0,1.0,1.0,True,True,True,True,0.844249501824379,1.6620410606265068,0.0,218,13
it-002+it-003+it-004+it-005,it,kgw,sira,aggressive,0.65,fixed_budget_grid,False,False,0.6382081699912249,0.7242270615335045,False,25,0.11467889908256881,164,1.0,1.0,1.0,1.0,True,True,True,True,0.9216666221618652,2.583707682788372,0.0,218,25
it-002+it-003+it-004+it-005,it,kgw,bira,conservative,0.15,fixed_budget_grid,True,True,0.7191654665616809,0.7242270615335045,False,6,0.027522935779816515,37,1.0,1.0,1.0,1.0,True,True,True,True,0.8485419675707817,0.8485419675707817,0.0,218,6
it-002+it-003+it-004+it-005,it,kgw,bira,intermediate,0.35,fixed_budget_grid,False,False,0.7466508691770992,0.7242270615335045,True,13,0.05963302752293578,89,1.0,1.0,1.0,1.0,True,True,True,True,0.95391646027565,1.8024584278464317,0.0,218,13
it-002+it-003+it-004+it-005,it,kgw,bira,aggressive,0.65,fixed_budget_grid,False,False,0.6382081699912249,0.7242270615335045,False,25,0.11467889908256881,164,1.0,1.0,1.0,1.0,True,True,True,True,0.9674159809947014,2.769874408841133,0.0,218,25
it-002+it-003+it-004+it-005,it,kgw,bira_position_aware,conservative,0.15,fixed_budget_grid,True,True,0.7191654665616809,0.7242270615335045,False,6,0.027522935779816515,37,1.0,1.0,1.0,1.0,True,True,True,True,0.8192500099539757,0.8192500099539757,0.0,218,6
it-002+it-003+it-004+it-005,it,kgw,bira_position_aware,intermediate,0.35,fixed_budget_grid,False,False,0.7195632609047736,0.7242270615335045,False,13,0.05963302752293578,84,1.0,1.0,1.0,1.0,True,True,True,True,0.8797915652394295,1.6990415751934052,0.0,218,13
it-002+it-003+it-004+it-005,it,kgw,bira_position_aware,aggressive,0.65,fixed_budget_grid,False,False,0.7264755164427493,0.7242270615335045,True,25,0.11467889908256881,162,1.0,1.0,1.0,1.0,True,True,True,True,0.9401673451066017,2.639208920300007,0.0,218,25
it-002+it-003+it-004+it-005,it,unigram,no_attack,none,0.0,baseline,True,False,0.8035861315820396,0.6852126512160572,True,0,0.0,0,1.0,1.0,1.0,1.0,True,True,True,True,0.0,0.0,0.0,218,0
it-002+it-003+it-004+it-005,it,unigram,simple_paraphrase,conservative,0.15,fixed_budget_grid,False,False,0.7450611693692597,0.6852126512160572,True,6,0.027522935779816515,32,1.0,1.0,1.0,1.0,True,True,True,True,0.7172087207436562,0.7172087207436562,0.0,218,6
it-002+it-003+it-004+it-005,it,unigram,simple_paraphrase,intermediate,0.35,fixed_budget_grid,True,True,0.6295280475119264,0.6852126512160572,False,13,0.05963302752293578,77,1.0,1.0,1.0,1.0,True,True,True,True,0.7172096520662308,1.434418372809887,0.0,218,13
it-002+it-003+it-004+it-005,it,unigram,simple_paraphrase,aggressive,0.65,fixed_budget_grid,False,False,0.49710334284274216,0.6852126512160572,False,25,0.11467889908256881,148,1.0,1.0,1.0,1.0,True,True,True,True,0.728207640349865,2.162626013159752,0.0,218,25
it-002+it-003+it-004+it-005,it,unigram,sira,conservative,0.15,fixed_budget_grid,False,False,0.770709389558484,0.6852126512160572,True,6,0.027522935779816515,39,1.0,1.0,1.0,1.0,True,True,True,True,0.8093323558568954,0.8093323558568954,0.0,218,6
it-002+it-003+it-004+it-005,it,unigram,sira,intermediate,0.35,fixed_budget_grid,False,False,0.8281975309626725,0.6852126512160572,True,13,0.05963302752293578,78,1.0,1.0,1.0,1.0,True,True,True,True,0.8479161188006401,1.6572484746575356,0.0,218,13
it-002+it-003+it-004+it-005,it,unigram,sira,aggressive,0.65,fixed_budget_grid,True,True,0.661027435397791,0.6852126512160572,False,25,0.11467889908256881,156,1.0,1.0,1.0,1.0,True,True,True,True,0.917583703994751,2.5748321786522865,0.0,218,25
it-002+it-003+it-004+it-005,it,unigram,bira,conservative,0.15,fixed_budget_grid,False,False,0.770709389558484,0.6852126512160572,True,6,0.027522935779816515,39,1.0,1.0,1.0,1.0,True,True,True,True,0.845249742269516,0.845249742269516,0.0,218,6
it-002+it-003+it-004+it-005,it,unigram,bira,intermediate,0.35,fixed_budget_grid,False,False,0.8281975309626725,0.6852126512160572,True,13,0.05963302752293578,78,1.0,1.0,1.0,1.0,True,True,True,True,0.8860835805535316,1.7313333228230476,0.0,218,13
it-002+it-003+it-004+it-005,it,unigram,bira,aggressive,0.65,fixed_budget_grid,True,True,0.6325113218485066,0.6852126512160572,False,25,0.11467889908256881,166,1.0,1.0,1.0,1.0,True,True,True,True,0.9602494537830353,2.691582776606083,0.0,218,25
it-002+it-003+it-004+it-005,it,unigram,bira_position_aware,conservative,0.15,fixed_budget_grid,False,False,0.770709389558484,0.6852126512160572,True,6,0.027522935779816515,39,1.0,1.0,1.0,1.0,True,True,True,True,0.8164998143911362,0.8164998143911362,0.0,218,6
it-002+it-003+it-004+it-005,it,unigram,bira_position_aware,intermediate,0.35,fixed_budget_grid,False,False,0.828640996543613,0.6852126512160572,True,13,0.05963302752293578,76,1.0,1.0,1.0,1.0,True,True,True,True,0.8656242862343788,1.682124100625515,0.0,218,13
it-002+it-003+it-004+it-005,it,unigram,bira_position_aware,aggressive,0.65,fixed_budget_grid,True,True,0.6279939424345434,0.6852126512160572,False,25,0.11467889908256881,158,1.0,1.0,1.0,1.0,True,True,True,True,0.9944159537553787,2.6765400543808937,0.0,218,25
it-002+it-003+it-004+it-005,it,synthid_tournament,no_attack,none,0.0,baseline,True,False,0.688233913653595,0.624628652832985,True,0,0.0,0,1.0,1.0,1.0,1.0,True,True,True,True,0.0,0.0,0.0,218,0
it-002+it-003+it-004+it-005,it,synthid_tournament,simple_paraphrase,conservative,0.15,fixed_budget_grid,False,False,0.624833635722689,0.624628652832985,True,6,0.027522935779816515,34,1.0,1.0,1.0,1.0,True,True,True,True,0.7193749770522118,0.7193749770522118,0.0,218,6
it-002+it-003+it-004+it-005,it,synthid_tournament,simple_paraphrase,intermediate,0.35,fixed_budget_grid,False,False,0.6277743727780929,0.624628652832985,True,13,0.05963302752293578,80,1.0,1.0,1.0,1.0,True,True,True,True,0.722208060324192,1.4415830373764038,0.0,218,13
it-002+it-003+it-004+it-005,it,synthid_tournament,simple_paraphrase,aggressive,0.65,fixed_budget_grid,True,True,0.5766855597558532,0.624628652832985,False,25,0.11467889908256881,154,1.0,1.0,1.0,1.0,True,True,True,True,0.7314998656511307,2.1730829030275345,0.0,218,25
it-002+it-003+it-004+it-005,it,synthid_tournament,sira,conservative,0.15,fixed_budget_grid,False,False,0.6485133287353928,0.624628652832985,True,6,0.027522935779816515,43,1.0,1.0,1.0,1.0,True,True,True,True,0.8124997839331627,0.8124997839331627,0.0,218,6
it-002+it-003+it-004+it-005,it,synthid_tournament,sira,intermediate,0.35,fixed_budget_grid,True,True,0.5849513144340266,0.624628652832985,False,13,0.05963302752293578,96,1.0,1.0,1.0,1.0,True,True,True,True,0.8477922528982162,1.660292036831379,0.0,218,13
it-002+it-003+it-004+it-005,it,synthid_tournament,sira,aggressive,0.65,fixed_budget_grid,False,False,0.4700121358859639,0.624628652832985,False,25,0.11467889908256881,170,1.0,1.0,1.0,1.0,True,True,True,True,0.9183324873447418,2.5786245241761208,0.0,218,25
it-002+it-003+it-004+it-005,it,synthid_tournament,bira,conservative,0.15,fixed_budget_grid,False,False,0.6485133287353928,0.624628652832985,True,6,0.027522935779816515,43,1.0,1.0,1.0,1.0,True,True,True,True,0.8447077125310898,0.8447077125310898,0.0,218,6
it-002+it-003+it-004+it-005,it,synthid_tournament,bira,intermediate,0.35,fixed_budget_grid,True,True,0.577799231478614,0.624628652832985,False,13,0.05963302752293578,95,1.0,1.0,1.0,1.0,True,True,True,True,0.8828751742839813,1.727582886815071,0.0,218,13
it-002+it-003+it-004+it-005,it,synthid_tournament,bira,aggressive,0.65,fixed_budget_grid,False,False,0.4700121358859639,0.624628652832985,False,25,0.11467889908256881,170,1.0,1.0,1.0,1.0,True,True,True,True,0.9806249290704727,2.708207815885544,0.0,218,25
it-002+it-003+it-004+it-005,it,synthid_tournament,bira_position_aware,conservative,0.15,fixed_budget_grid,False,False,0.6485133287353928,0.624628652832985,True,6,0.027522935779816515,43,1.0,1.0,1.0,1.0,True,True,True,True,0.8130837231874466,0.8130837231874466,0.0,218,6
it-002+it-003+it-004+it-005,it,synthid_tournament,bira_position_aware,intermediate,0.35,fixed_budget_grid,True,True,0.5971007458908687,0.624628652832985,False,13,0.05963302752293578,90,1.0,1.0,1.0,1.0,True,True,True,True,0.8600419387221336,1.6731256619095802,0.0,218,13
it-002+it-003+it-004+it-005,it,synthid_tournament,bira_position_aware,aggressive,0.65,fixed_budget_grid,False,False,0.5263731896639003,0.624628652832985,False,25,0.11467889908256881,166,1.0,1.0,1.0,1.0,True,True,True,True,0.9414590895175934,2.6145847514271736,0.0,218,25
it-003+it-004+it-005+it-006,it,kgw,no_attack,none,0.0,baseline,True,False,0.795036175623466,0.7242270615335045,True,0,0.0,0,1.0,1.0,1.0,1.0,True,True,True,True,0.0,0.0,0.0,214,0
it-003+it-004+it-005+it-006,it,kgw,simple_paraphrase,conservative,0.15,fixed_budget_grid,False,False,0.7944356168451588,0.7242270615335045,True,6,0.028037383177570093,47,1.0,1.0,1.0,1.0,True,True,True,True,0.7147081196308136,0.7147081196308136,0.0,214,6
it-003+it-004+it-005+it-006,it,kgw,simple_paraphrase,intermediate,0.35,fixed_budget_grid,False,False,0.795112400908026,0.7242270615335045,True,13,0.06074766355140187,91,1.0,1.0,1.0,1.0,True,True,True,True,0.7099155336618423,1.424623653292656,0.0,214,13
it-003+it-004+it-005+it-006,it,kgw,simple_paraphrase,aggressive,0.65,fixed_budget_grid,True,True,0.7050898243657793,0.7242270615335045,False,23,0.10747663551401869,151,1.0,1.0,1.0,1.0,True,True,True,True,0.7296670228242874,2.1542906761169434,0.0,214,23
it-003+it-004+it-005+it-006,it,kgw,sira,conservative,0.15,fixed_budget_grid,False,False,0.790644495773028,0.7242270615335045,True,6,0.028037383177570093,36,1.0,1.0,1.0,1.0,True,True,True,True,0.8033756166696548,0.8033756166696548,0.0,214,6
it-003+it-004+it-005+it-006,it,kgw,sira,intermediate,0.35,fixed_budget_grid,False,False,0.7895618753109119,0.7242270615335045,True,13,0.06074766355140187,90,1.0,1.0,1.0,1.0,True,True,True,True,0.841124914586544,1.6445005312561989,0.0,214,13
it-003+it-004+it-005+it-006,it,kgw,sira,aggressive,0.65,fixed_budget_grid,True,False,0.732061037007725,0.7242270615335045,True,23,0.10747663551401869,152,1.0,1.0,1.0,1.0,True,True,True,True,0.9052492678165436,2.5497497990727425,0.0,214,23
it-003+it-004+it-005+it-006,it,kgw,bira,conservative,0.15,fixed_budget_grid,False,False,0.8203409803774809,0.7242270615335045,True,6,0.028037383177570093,41,1.0,1.0,1.0,1.0,True,True,True,True,0.8280836045742035,0.8280836045742035,0.0,214,6
it-003+it-004+it-005+it-006,it,kgw,bira,intermediate,0.35,fixed_budget_grid,False,False,0.7579767754398969,0.7242270615335045,True,13,0.06074766355140187,91,1.0,1.0,1.0,1.0,True,True,True,True,0.8829999715089798,1.7110835760831833,0.0,214,13
it-003+it-004+it-005+it-006,it,kgw,bira,aggressive,0.65,fixed_budget_grid,True,False,0.732061037007725,0.7242270615335045,True,23,0.10747663551401869,152,1.0,1.0,1.0,1.0,True,True,True,True,0.9286673739552498,2.639750950038433,0.0,214,23
it-003+it-004+it-005+it-006,it,kgw,bira_position_aware,conservative,0.15,fixed_budget_grid,False,False,0.7906558564837087,0.7242270615335045,True,6,0.028037383177570093,38,1.0,1.0,1.0,1.0,True,True,True,True,0.8037500083446503,0.8037500083446503,0.0,214,6
it-003+it-004+it-005+it-006,it,kgw,bira_position_aware,intermediate,0.35,fixed_budget_grid,False,False,0.756853084631568,0.7242270615335045,True,13,0.06074766355140187,86,1.0,1.0,1.0,1.0,True,True,True,True,0.8516674861311913,1.6554174944758415,0.0,214,13
it-003+it-004+it-005+it-006,it,kgw,bira_position_aware,aggressive,0.65,fixed_budget_grid,True,False,0.7349835579053914,0.7242270615335045,True,23,0.10747663551401869,155,1.0,1.0,1.0,1.0,True,True,True,True,0.9244577959179878,2.5798752903938293,0.0,214,23
it-003+it-004+it-005+it-006,it,unigram,no_attack,none,0.0,baseline,True,False,0.8209333978184935,0.6852126512160572,True,0,0.0,0,1.0,1.0,1.0,1.0,True,True,True,True,0.0,0.0,0.0,214,0
it-003+it-004+it-005+it-006,it,unigram,simple_paraphrase,conservative,0.15,fixed_budget_grid,False,False,0.7927300523337301,0.6852126512160572,True,6,0.028037383177570093,36,1.0,1.0,1.0,1.0,True,True,True,True,0.7197074592113495,0.7197074592113495,0.0,214,6
it-003+it-004+it-005+it-006,it,unigram,simple_paraphrase,intermediate,0.35,fixed_budget_grid,True,True,0.6653798388327326,0.6852126512160572,False,13,0.06074766355140187,83,1.0,1.0,1.0,1.0,True,True,True,True,0.7089581340551376,1.4286655932664871,0.0,214,13
it-003+it-004+it-005+it-006,it,unigram,simple_paraphrase,aggressive,0.65,fixed_budget_grid,False,False,0.5519565430491713,0.6852126512160572,False,23,0.10747663551401869,150,1.0,1.0,1.0,1.0,True,True,True,True,0.749124214053154,2.177789807319641,0.0,214,23
it-003+it-004+it-005+it-006,it,unigram,sira,conservative,0.15,fixed_budget_grid,False,False,0.8185881012696548,0.6852126512160572,True,6,0.028037383177570093,39,1.0,1.0,1.0,1.0,True,True,True,True,0.8126674219965935,0.8126674219965935,0.0,214,6
it-003+it-004+it-005+it-006,it,unigram,sira,intermediate,0.35,fixed_budget_grid,False,False,0.8777697729904308,0.6852126512160572,True,13,0.06074766355140187,76,1.0,1.0,1.0,1.0,True,True,True,True,0.8396664634346962,1.6523338854312897,0.0,214,13
it-003+it-004+it-005+it-006,it,unigram,sira,aggressive,0.65,fixed_budget_grid,True,False,0.7019526195846488,0.6852126512160572,True,23,0.10747663551401869,145,1.0,1.0,1.0,1.0,True,True,True,True,0.8949590846896172,2.547292970120907,0.0,214,23
it-003+it-004+it-005+it-006,it,unigram,bira,conservative,0.15,fixed_budget_grid,False,False,0.7860152583359178,0.6852126512160572,True,6,0.028037383177570093,34,1.0,1.0,1.0,1.0,True,True,True,True,0.8432921022176743,0.8432921022176743,0.0,214,6
it-003+it-004+it-005+it-006,it,unigram,bira,intermediate,0.35,fixed_budget_grid,False,False,0.8777697729904308,0.6852126512160572,True,13,0.06074766355140187,76,1.0,1.0,1.0,1.0,True,True,True,True,0.8929576724767685,1.7362497746944427,0.0,214,13
it-003+it-004+it-005+it-006,it,unigram,bira,aggressive,0.65,fixed_budget_grid,True,False,0.7274180365314367,0.6852126512160572,True,23,0.10747663551401869,141,1.0,1.0,1.0,1.0,True,True,True,True,0.9250408038496971,2.66129057854414,0.0,214,23
it-003+it-004+it-005+it-006,it,unigram,bira_position_aware,conservative,0.15,fixed_budget_grid,False,False,0.8185881012696548,0.6852126512160572,True,6,0.028037383177570093,39,1.0,1.0,1.0,1.0,True,True,True,True,0.7982905954122543,0.7982905954122543,0.0,214,6
it-003+it-004+it-005+it-006,it,unigram,bira_position_aware,intermediate,0.35,fixed_budget_grid,False,False,0.8781016591182447,0.6852126512160572,True,13,0.06074766355140187,74,1.0,1.0,1.0,1.0,True,True,True,True,0.8498756214976311,1.6481662169098854,0.0,214,13
it-003+it-004+it-005+it-006,it,unigram,bira_position_aware,aggressive,0.65,fixed_budget_grid,True,True,0.6665866428724486,0.6852126512160572,False,23,0.10747663551401869,145,1.0,1.0,1.0,1.0,True,True,True,True,0.9222077205777168,2.5703739374876022,0.0,214,23
it-003+it-004+it-005+it-006,it,synthid_tournament,no_attack,none,0.0,baseline,True,False,0.6315237193825886,0.624628652832985,True,0,0.0,0,1.0,1.0,1.0,1.0,True,True,True,True,0.0,0.0,0.0,214,0
it-003+it-004+it-005+it-006,it,synthid_tournament,simple_paraphrase,conservative,0.15,fixed_budget_grid,True,True,0.5763756043396401,0.624628652832985,False,6,0.028037383177570093,42,1.0,1.0,1.0,1.0,True,True,True,True,0.7354170083999634,0.7354170083999634,0.0,214,6
it-003+it-004+it-005+it-006,it,synthid_tournament,simple_paraphrase,intermediate,0.35,fixed_budget_grid,False,False,0.4996067016278341,0.624628652832985,False,13,0.06074766355140187,90,1.0,1.0,1.0,1.0,True,True,True,True,0.7165418937802315,1.4519589021801949,0.0,214,13
it-003+it-004+it-005+it-006,it,synthid_tournament,simple_paraphrase,aggressive,0.65,fixed_budget_grid,False,False,0.4903165854074921,0.624628652832985,False,23,0.10747663551401869,157,1.0,1.0,1.0,1.0,True,True,True,True,0.71666669100523,2.168625593185425,0.0,214,23
it-003+it-004+it-005+it-006,it,synthid_tournament,sira,conservative,0.15,fixed_budget_grid,False,False,0.6283917924934647,0.624628652832985,True,6,0.028037383177570093,42,1.0,1.0,1.0,1.0,True,True,True,True,0.8152909576892853,0.8152909576892853,0.0,214,6
it-003+it-004+it-005+it-006,it,synthid_tournament,sira,intermediate,0.35,fixed_budget_grid,True,True,0.5346624085062431,0.624628652832985,False,13,0.06074766355140187,96,1.0,1.0,1.0,1.0,True,True,True,True,0.8335830643773079,1.6488740220665932,0.0,214,13
it-003+it-004+it-005+it-006,it,synthid_tournament,sira,aggressive,0.65,fixed_budget_grid,False,False,0.505694813643118,0.624628652832985,False,23,0.10747663551401869,155,1.0,1.0,1.0,1.0,True,True,True,True,0.8978750556707382,2.5467490777373314,0.0,214,23
it-003+it-004+it-005+it-006,it,synthid_tournament,bira,conservative,0.15,fixed_budget_grid,True,True,0.6191357793297932,0.624628652832985,False,6,0.028037383177570093,42,1.0,1.0,1.0,1.0,True,True,True,True,0.8332496508955956,0.8332496508955956,0.0,214,6
it-003+it-004+it-005+it-006,it,synthid_tournament,bira,intermediate,0.35,fixed_budget_grid,False,False,0.5346624085062431,0.624628652832985,False,13,0.06074766355140187,96,1.0,1.0,1.0,1.0,True,True,True,True,0.8642077445983887,1.6974573954939842,0.0,214,13
it-003+it-004+it-005+it-006,it,synthid_tournament,bira,aggressive,0.65,fixed_budget_grid,False,False,0.505694813643118,0.624628652832985,False,23,0.10747663551401869,155,1.0,1.0,1.0,1.0,True,True,True,True,0.9285835549235344,2.6260409504175186,0.0,214,23
it-003+it-004+it-005+it-006,it,synthid_tournament,bira_position_aware,conservative,0.15,fixed_budget_grid,False,False,0.6283917924934647,0.624628652832985,True,6,0.028037383177570093,42,1.0,1.0,1.0,1.0,True,True,True,True,0.8108755573630333,0.8108755573630333,0.0,214,6
it-003+it-004+it-005+it-006,it,synthid_tournament,bira_position_aware,intermediate,0.35,fixed_budget_grid,True,True,0.5382840588762478,0.624628652832985,False,13,0.06074766355140187,90,1.0,1.0,1.0,1.0,True,True,True,True,0.851084478199482,1.6619600355625153,0.0,214,13
it-003+it-004+it-005+it-006,it,synthid_tournament,bira_position_aware,aggressive,0.65,fixed_budget_grid,False,False,0.5457134508876814,0.624628652832985,False,23,0.10747663551401869,155,1.0,1.0,1.0,1.0,True,True,True,True,0.9353328496217728,2.597292885184288,0.0,214,23
it-004+it-005+it-006+it-007,it,kgw,no_attack,none,0.0,baseline,True,False,0.67270247833719,0.7242270615335045,False,0,0.0,0,1.0,1.0,1.0,1.0,True,True,True,True,0.0,0.0,0.0,205,0
it-004+it-005+it-006+it-007,it,kgw,simple_paraphrase,conservative,0.15,fixed_budget_grid,True,True,0.7089595088194534,0.7242270615335045,False,5,0.024390243902439025,30,1.0,1.0,1.0,1.0,True,True,True,True,0.6814170628786087,0.6814170628786087,0.0,205,5
it-004+it-005+it-006+it-007,it,kgw,simple_paraphrase,intermediate,0.35,fixed_budget_grid,False,False,0.5367516870569853,0.7242270615335045,False,11,0.05365853658536585,65,1.0,1.0,1.0,1.0,True,True,True,True,0.7856246083974838,1.4670416712760925,0.0,205,11
it-004+it-005+it-006+it-007,it,kgw,simple_paraphrase,aggressive,0.65,fixed_budget_grid,False,False,0.5348891556794967,0.7242270615335045,False,21,0.1024390243902439,131,1.0,1.0,1.0,1.0,True,True,True,True,0.7757078856229782,2.2427495568990707,0.0,205,21
it-004+it-005+it-006+it-007,it,kgw,sira,conservative,0.15,fixed_budget_grid,True,True,0.665991526430622,0.7242270615335045,False,5,0.024390243902439025,39,1.0,1.0,1.0,1.0,True,True,True,True,0.7824162021279335,0.7824162021279335,0.0,205,5
it-004+it-005+it-006+it-007,it,kgw,sira,intermediate,0.35,fixed_budget_grid,False,False,0.6337697271555254,0.7242270615335045,False,11,0.05365853658536585,77,1.0,1.0,1.0,1.0,True,True,True,True,0.823083333671093,1.6054995357990265,0.0,205,11
it-004+it-005+it-006+it-007,it,kgw,sira,aggressive,0.65,fixed_budget_grid,False,False,0.5444919509736086,0.7242270615335045,False,21,0.1024390243902439,144,1.0,1.0,1.0,1.0,True,True,True,True,0.9148754179477692,2.5203749537467957,0.0,205,21
it-004+it-005+it-006+it-007,it,kgw,bira,conservative,0.15,fixed_budget_grid,True,True,0.6688474288308585,0.7242270615335045,False,5,0.024390243902439025,35,1.0,1.0,1.0,1.0,True,True,True,True,0.8164169266819954,0.8164169266819954,0.0,205,5
it-004+it-005+it-006+it-007,it,kgw,bira,intermediate,0.35,fixed_budget_grid,False,False,0.6337697271555254,0.7242270615335045,False,11,0.05365853658536585,77,1.0,1.0,1.0,1.0,True,True,True,True,0.84679014980793,1.6632070764899254,0.0,205,11
it-004+it-005+it-006+it-007,it,kgw,bira,aggressive,0.65,fixed_budget_grid,False,False,0.5444919509736086,0.7242270615335045,False,21,0.1024390243902439,144,1.0,1.0,1.0,1.0,True,True,True,True,0.8881669491529465,2.551374025642872,0.0,205,21
it-004+it-005+it-006+it-007,it,kgw,bira_position_aware,conservative,0.15,fixed_budget_grid,True,True,0.665991526430622,0.7242270615335045,False,5,0.024390243902439025,39,1.0,1.0,1.0,1.0,True,True,True,True,0.7831249386072159,0.7831249386072159,0.0,205,5
it-004+it-005+it-006+it-007,it,kgw,bira_position_aware,intermediate,0.35,fixed_budget_grid,False,False,0.7005025434006251,0.7242270615335045,False,11,0.05365853658536585,78,1.0,1.0,1.0,1.0,True,True,True,True,0.8170418441295624,1.6001667827367783,0.0,205,11
it-004+it-005+it-006+it-007,it,kgw,bira_position_aware,aggressive,0.65,fixed_budget_grid,False,False,0.6138965711263442,0.7242270615335045,False,21,0.1024390243902439,142,1.0,1.0,1.0,1.0,True,True,True,True,0.9002499282360077,2.500416710972786,0.0,205,21
it-004+it-005+it-006+it-007,it,unigram,no_attack,none,0.0,baseline,True,False,0.8662035506314372,0.6852126512160572,True,0,0.0,0,1.0,1.0,1.0,1.0,True,True,True,True,0.0,0.0,0.0,205,0
it-004+it-005+it-006+it-007,it,unigram,simple_paraphrase,conservative,0.15,fixed_budget_grid,False,False,0.7612050689275285,0.6852126512160572,True,5,0.024390243902439025,30,1.0,1.0,1.0,1.0,True,True,True,True,0.6892094388604164,0.6892094388604164,0.0,205,5
it-004+it-005+it-006+it-007,it,unigram,simple_paraphrase,intermediate,0.35,fixed_budget_grid,False,False,0.7611453963089692,0.6852126512160572,True,11,0.05365853658536585,70,1.0,1.0,1.0,1.0,True,True,True,True,0.6967494264245033,1.3859588652849197,0.0,205,11
it-004+it-005+it-006+it-007,it,unigram,simple_paraphrase,aggressive,0.65,fixed_budget_grid,True,True,0.6033254104939424,0.6852126512160572,False,21,0.1024390243902439,138,1.0,1.0,1.0,1.0,True,True,True,True,0.6958330050110817,2.0817918702960014,0.0,205,21
it-004+it-005+it-006+it-007,it,unigram,sira,conservative,0.15,fixed_budget_grid,False,False,0.8282986139139827,0.6852126512160572,True,5,0.024390243902439025,32,1.0,1.0,1.0,1.0,True,True,True,True,0.7613329216837883,0.7613329216837883,0.0,205,5
it-004+it-005+it-006+it-007,it,unigram,sira,intermediate,0.35,fixed_budget_grid,False,False,0.826402364677926,0.6852126512160572,True,11,0.05365853658536585,67,1.0,1.0,1.0,1.0,True,True,True,True,0.8151670917868614,1.5765000134706497,0.0,205,11
it-004+it-005+it-006+it-007,it,unigram,sira,aggressive,0.65,fixed_budget_grid,True,False,0.6987293365619903,0.6852126512160572,True,21,0.1024390243902439,135,1.0,1.0,1.0,1.0,True,True,True,True,0.8684173226356506,2.4449173361063004,0.0,205,21
it-004+it-005+it-006+it-007,it,unigram,bira,conservative,0.15,fixed_budget_grid,False,False,0.7942160204693447,0.6852126512160572,True,5,0.024390243902439025,36,1.0,1.0,1.0,1.0,True,True,True,True,0.8296659216284752,0.8296659216284752,0.0,205,5
it-004+it-005+it-006+it-007,it,unigram,bira,intermediate,0.35,fixed_budget_grid,False,False,0.826402364677926,0.6852126512160572,True,11,0.05365853658536585,67,1.0,1.0,1.0,1.0,True,True,True,True,0.8445829153060913,1.6742488369345665,0.0,205,11
it-004+it-005+it-006+it-007,it,unigram,bira,aggressive,0.65,fixed_budget_grid,True,False,0.6987533931455937,0.6852126512160572,True,21,0.1024390243902439,133,1.0,1.0,1.0,1.0,True,True,True,True,0.8842088282108307,2.558457665145397,0.0,205,21
it-004+it-005+it-006+it-007,it,unigram,bira_position_aware,conservative,0.15,fixed_budget_grid,False,False,0.8282986139139827,0.6852126512160572,True,5,0.024390243902439025,32,1.0,1.0,1.0,1.0,True,True,True,True,0.7596667855978012,0.7596667855978012,0.0,205,5
it-004+it-005+it-006+it-007,it,unigram,bira_position_aware,intermediate,0.35,fixed_budget_grid,False,False,0.8617696668260826,0.6852126512160572,True,11,0.05365853658536585,65,1.0,1.0,1.0,1.0,True,True,True,True,0.8025830611586571,1.5622498467564583,0.0,205,11
it-004+it-005+it-006+it-007,it,unigram,bira_position_aware,aggressive,0.65,fixed_budget_grid,True,True,0.6248590233917609,0.6852126512160572,False,21,0.1024390243902439,135,1.0,1.0,1.0,1.0,True,True,True,True,0.9085843339562416,2.4708341807127,0.0,205,21
it-004+it-005+it-006+it-007,it,synthid_tournament,no_attack,none,0.0,baseline,True,False,0.6004547667904194,0.624628652832985,False,0,0.0,0,1.0,1.0,1.0,1.0,True,True,True,True,0.0,0.0,0.0,205,0
it-004+it-005+it-006+it-007,it,synthid_tournament,simple_paraphrase,conservative,0.15,fixed_budget_grid,True,True,0.5636990682531906,0.624628652832985,False,5,0.024390243902439025,35,1.0,1.0,1.0,1.0,True,True,True,True,0.7192082703113556,0.7192082703113556,0.0,205,5
it-004+it-005+it-006+it-007,it,synthid_tournament,simple_paraphrase,intermediate,0.35,fixed_budget_grid,False,False,0.5496262647937972,0.624628652832985,False,11,0.05365853658536585,78,1.0,1.0,1.0,1.0,True,True,True,True,0.6880844011902809,1.4072926715016365,0.0,205,11
it-004+it-005+it-006+it-007,it,synthid_tournament,simple_paraphrase,aggressive,0.65,fixed_budget_grid,False,False,0.5352593259155872,0.624628652832985,False,21,0.1024390243902439,153,1.0,1.0,1.0,1.0,True,True,True,True,0.7017496973276138,2.1090423688292503,0.0,205,21
it-004+it-005+it-006+it-007,it,synthid_tournament,sira,conservative,0.15,fixed_budget_grid,True,True,0.57346002969639,0.624628652832985,False,5,0.024390243902439025,32,1.0,1.0,1.0,1.0,True,True,True,True,0.7755830883979797,0.7755830883979797,0.0,205,5
it-004+it-005+it-006+it-007,it,synthid_tournament,sira,intermediate,0.35,fixed_budget_grid,False,False,0.5609348638478799,0.624628652832985,False,11,0.05365853658536585,80,1.0,1.0,1.0,1.0,True,True,True,True,0.7941676303744316,1.5697507187724113,0.0,205,11
it-004+it-005+it-006+it-007,it,synthid_tournament,sira,aggressive,0.65,fixed_budget_grid,False,False,0.5592743743736192,0.624628652832985,False,21,0.1024390243902439,141,1.0,1.0,1.0,1.0,True,True,True,True,0.863000750541687,2.4327514693140984,0.0,205,21
it-004+it-005+it-006+it-007,it,synthid_tournament,bira,conservative,0.15,fixed_budget_grid,True,True,0.57346002969639,0.624628652832985,False,5,0.024390243902439025,32,1.0,1.0,1.0,1.0,True,True,True,True,0.8239997550845146,0.8239997550845146,0.0,205,5
it-004+it-005+it-006+it-007,it,synthid_tournament,bira,intermediate,0.35,fixed_budget_grid,False,False,0.5609348638478799,0.624628652832985,False,11,0.05365853658536585,80,1.0,1.0,1.0,1.0,True,True,True,True,0.8290419355034828,1.6530416905879974,0.0,205,11
it-004+it-005+it-006+it-007,it,synthid_tournament,bira,aggressive,0.65,fixed_budget_grid,False,False,0.5592743743736192,0.624628652832985,False,21,0.1024390243902439,141,1.0,1.0,1.0,1.0,True,True,True,True,0.8972920477390289,2.5503337383270264,0.0,205,21
it-004+it-005+it-006+it-007,it,synthid_tournament,bira_position_aware,conservative,0.15,fixed_budget_grid,True,True,0.57346002969639,0.624628652832985,False,5,0.024390243902439025,32,1.0,1.0,1.0,1.0,True,True,True,True,0.764625146985054,0.764625146985054,0.0,205,5
it-004+it-005+it-006+it-007,it,synthid_tournament,bira_position_aware,intermediate,0.35,fixed_budget_grid,False,False,0.5528042588340163,0.624628652832985,False,11,0.05365853658536585,79,1.0,1.0,1.0,1.0,True,True,True,True,0.8136248216032982,1.5782499685883522,0.0,205,11
it-004+it-005+it-006+it-007,it,synthid_tournament,bira_position_aware,aggressive,0.65,fixed_budget_grid,False,False,0.5534935723680959,0.624628652832985,False,21,0.1024390243902439,146,1.0,1.0,1.0,1.0,True,True,True,True,0.8832924067974091,2.4615423753857613,0.0,205,21
it-005+it-006+it-007+it-008,it,kgw,no_attack,none,0.0,baseline,True,False,0.5620659904644634,0.7242270615335045,False,0,0.0,0,1.0,1.0,1.0,1.0,True,True,True,True,0.0,0.0,0.0,204,0
it-005+it-006+it-007+it-008,it,kgw,simple_paraphrase,conservative,0.15,fixed_budget_grid,True,True,0.5629403144743489,0.7242270615335045,False,5,0.024509803921568627,27,1.0,1.0,1.0,1.0,True,True,True,True,0.6743753328919411,0.6743753328919411,0.0,204,5
it-005+it-006+it-007+it-008,it,kgw,simple_paraphrase,intermediate,0.35,fixed_budget_grid,False,False,0.48560087758643306,0.7242270615335045,False,12,0.058823529411764705,73,1.0,1.0,1.0,1.0,True,True,True,True,0.677875243127346,1.352250576019287,0.0,204,12
it-005+it-006+it-007+it-008,it,kgw,simple_paraphrase,aggressive,0.65,fixed_budget_grid,False,False,0.48435212578657705,0.7242270615335045,False,21,0.10294117647058823,141,1.0,1.0,1.0,1.0,True,True,True,True,0.6864583119750023,2.0387088879942894,0.0,204,21
it-005+it-006+it-007+it-008,it,kgw,sira,conservative,0.15,fixed_budget_grid,True,True,0.5571388625680954,0.7242270615335045,False,5,0.024509803921568627,34,1.0,1.0,1.0,1.0,True,True,True,True,0.7591675966978073,0.7591675966978073,0.0,204,5
it-005+it-006+it-007+it-008,it,kgw,sira,intermediate,0.35,fixed_budget_grid,False,False,0.5918788125716735,0.7242270615335045,False,12,0.058823529411764705,77,1.0,1.0,1.0,1.0,True,True,True,True,0.8015837520360947,1.560751348733902,0.0,204,12
it-005+it-006+it-007+it-008,it,kgw,sira,aggressive,0.65,fixed_budget_grid,False,False,0.5306316522994972,0.7242270615335045,False,21,0.10294117647058823,138,1.0,1.0,1.0,1.0,True,True,True,True,0.8602086454629898,2.420959994196892,0.0,204,21
it-005+it-006+it-007+it-008,it,kgw,bira,conservative,0.15,fixed_budget_grid,True,True,0.5598453225635366,0.7242270615335045,False,5,0.024509803921568627,34,1.0,1.0,1.0,1.0,True,True,True,True,0.7932502776384354,0.7932502776384354,0.0,204,5
it-005+it-006+it-007+it-008,it,kgw,bira,intermediate,0.35,fixed_budget_grid,False,False,0.5918788125716735,0.7242270615335045,False,12,0.058823529411764705,77,1.0,1.0,1.0,1.0,True,True,True,True,0.8382080122828484,1.6314582899212837,0.0,204,12
it-005+it-006+it-007+it-008,it,kgw,bira,aggressive,0.65,fixed_budget_grid,False,False,0.5640148598397795,0.7242270615335045,False,21,0.10294117647058823,138,1.0,1.0,1.0,1.0,True,True,True,True,0.8847080171108246,2.5161663070321083,0.0,204,21
it-005+it-006+it-007+it-008,it,kgw,bira_position_aware,conservative,0.15,fixed_budget_grid,True,True,0.5571388625680954,0.7242270615335045,False,5,0.024509803921568627,34,1.0,1.0,1.0,1.0,True,True,True,True,0.7647918537259102,0.7647918537259102,0.0,204,5
it-005+it-006+it-007+it-008,it,kgw,bira_position_aware,intermediate,0.35,fixed_budget_grid,False,False,0.5577906223523418,0.7242270615335045,False,12,0.058823529411764705,79,1.0,1.0,1.0,1.0,True,True,True,True,0.8111251518130302,1.5759170055389404,0.0,204,12
it-005+it-006+it-007+it-008,it,kgw,bira_position_aware,aggressive,0.65,fixed_budget_grid,False,False,0.5657980417375635,0.7242270615335045,False,21,0.10294117647058823,143,1.0,1.0,1.0,1.0,True,True,True,True,0.8799172937870026,2.455834299325943,0.0,204,21
it-005+it-006+it-007+it-008,it,unigram,no_attack,none,0.0,baseline,True,False,0.8367071813337305,0.6852126512160572,True,0,0.0,0,1.0,1.0,1.0,1.0,True,True,True,True,0.0,0.0,0.0,204,0
it-005+it-006+it-007+it-008,it,unigram,simple_paraphrase,conservative,0.15,fixed_budget_grid,False,False,0.8019231984593115,0.6852126512160572,True,5,0.024509803921568627,27,1.0,1.0,1.0,1.0,True,True,True,True,0.6750840693712234,0.6750840693712234,0.0,204,5
it-005+it-006+it-007+it-008,it,unigram,simple_paraphrase,intermediate,0.35,fixed_budget_grid,False,False,0.7072766765720564,0.6852126512160572,True,12,0.058823529411764705,71,1.0,1.0,1.0,1.0,True,True,True,True,0.7063746452331543,1.3814587146043777,0.0,204,12
it-005+it-006+it-007+it-008,it,unigram,simple_paraphrase,aggressive,0.65,fixed_budget_grid,True,True,0.6434854988796092,0.6852126512160572,False,21,0.10294117647058823,125,1.0,1.0,1.0,1.0,True,True,True,True,0.7001245394349098,2.0815832540392876,0.0,204,21
it-005+it-006+it-007+it-008,it,unigram,sira,conservative,0.15,fixed_budget_grid,False,False,0.7644732235936689,0.6852126512160572,True,5,0.024509803921568627,32,1.0,1.0,1.0,1.0,True,True,True,True,0.7624169811606407,0.7624169811606407,0.0,204,5
it-005+it-006+it-007+it-008,it,unigram,sira,intermediate,0.35,fixed_budget_grid,False,False,0.7974730741473842,0.6852126512160572,True,12,0.058823529411764705,71,1.0,1.0,1.0,1.0,True,True,True,True,0.7999995723366737,1.5624165534973145,0.0,204,12
it-005+it-006+it-007+it-008,it,unigram,sira,aggressive,0.65,fixed_budget_grid,True,True,0.6408534207450353,0.6852126512160572,False,21,0.10294117647058823,137,1.0,1.0,1.0,1.0,True,True,True,True,0.8540833368897438,2.4164998903870583,0.0,204,21
it-005+it-006+it-007+it-008,it,unigram,bira,conservative,0.15,fixed_budget_grid,False,False,0.7644732235936689,0.6852126512160572,True,5,0.024509803921568627,32,1.0,1.0,1.0,1.0,True,True,True,True,0.7854169234633446,0.7854169234633446,0.0,204,5
it-005+it-006+it-007+it-008,it,unigram,bira,intermediate,0.35,fixed_budget_grid,False,False,0.7974730741473842,0.6852126512160572,True,12,0.058823529411764705,71,1.0,1.0,1.0,1.0,True,True,True,True,0.8275415748357773,1.6129584982991219,0.0,204,12
it-005+it-006+it-007+it-008,it,unigram,bira,aggressive,0.65,fixed_budget_grid,True,True,0.674257599565703,0.6852126512160572,False,21,0.10294117647058823,139,1.0,1.0,1.0,1.0,True,True,True,True,1.012125052511692,2.625083550810814,0.0,204,21
it-005+it-006+it-007+it-008,it,unigram,bira_position_aware,conservative,0.15,fixed_budget_grid,False,False,0.7644732235936689,0.6852126512160572,True,5,0.024509803921568627,32,1.0,1.0,1.0,1.0,True,True,True,True,0.7838746532797813,0.7838746532797813,0.0,204,5
it-005+it-006+it-007+it-008,it,unigram,bira_position_aware,intermediate,0.35,fixed_budget_grid,False,False,0.8318645639261275,0.6852126512160572,True,12,0.058823529411764705,69,1.0,1.0,1.0,1.0,True,True,True,True,1.0906243696808815,1.8744990229606628,0.0,204,12
it-005+it-006+it-007+it-008,it,unigram,bira_position_aware,aggressive,0.65,fixed_budget_grid,True,True,0.6081764716338269,0.6852126512160572,False,21,0.10294117647058823,138,1.0,1.0,1.0,1.0,True,True,True,True,1.335124485194683,3.209623508155346,0.0,204,21
it-005+it-006+it-007+it-008,it,synthid_tournament,no_attack,none,0.0,baseline,True,False,0.6081420498798771,0.624628652832985,False,0,0.0,0,1.0,1.0,1.0,1.0,True,True,True,True,0.0,0.0,0.0,204,0
it-005+it-006+it-007+it-008,it,synthid_tournament,simple_paraphrase,conservative,0.15,fixed_budget_grid,True,True,0.5766137479062906,0.624628652832985,False,5,0.024509803921568627,28,1.0,1.0,1.0,1.0,True,True,True,True,0.7230406627058983,0.7230406627058983,0.0,204,5
it-005+it-006+it-007+it-008,it,synthid_tournament,simple_paraphrase,intermediate,0.35,fixed_budget_grid,False,False,0.5498845549781574,0.624628652832985,False,12,0.058823529411764705,76,1.0,1.0,1.0,1.0,True,True,True,True,0.7093753665685654,1.4324160292744637,0.0,204,12
it-005+it-006+it-007+it-008,it,synthid_tournament,simple_paraphrase,aggressive,0.65,fixed_budget_grid,False,False,0.5453216112182576,0.624628652832985,False,21,0.10294117647058823,135,1.0,1.0,1.0,1.0,True,True,True,True,0.6899172440171242,2.122333273291588,0.0,204,21
it-005+it-006+it-007+it-008,it,synthid_tournament,sira,conservative,0.15,fixed_budget_grid,True,True,0.618491750630996,0.624628652832985,False,5,0.024509803921568627,33,1.0,1.0,1.0,1.0,True,True,True,True,0.7604174315929413,0.7604174315929413,0.0,204,5
it-005+it-006+it-007+it-008,it,synthid_tournament,sira,intermediate,0.35,fixed_budget_grid,False,False,0.5464045131358417,0.624628652832985,False,12,0.058823529411764705,82,1.0,1.0,1.0,1.0,True,True,True,True,0.7991669699549675,1.5595844015479088,0.0,204,12
it-005+it-006+it-007+it-008,it,synthid_tournament,sira,aggressive,0.65,fixed_budget_grid,False,False,0.5201016192995448,0.624628652832985,False,21,0.10294117647058823,146,1.0,1.0,1.0,1.0,True,True,True,True,0.8514998480677605,2.4110842496156693,0.0,204,21
it-005+it-006+it-007+it-008,it,synthid_tournament,bira,conservative,0.15,fixed_budget_grid,True,True,0.618491750630996,0.624628652832985,False,5,0.024509803921568627,33,1.0,1.0,1.0,1.0,True,True,True,True,0.8056256920099258,0.8056256920099258,0.0,204,5
it-005+it-006+it-007+it-008,it,synthid_tournament,bira,intermediate,0.35,fixed_budget_grid,False,False,0.5510059707356801,0.624628652832985,False,12,0.058823529411764705,84,1.0,1.0,1.0,1.0,True,True,True,True,0.8228747174143791,1.628500409424305,0.0,204,12
it-005+it-006+it-007+it-008,it,synthid_tournament,bira,aggressive,0.65,fixed_budget_grid,False,False,0.5201016192995448,0.624628652832985,False,21,0.10294117647058823,146,1.0,1.0,1.0,1.0,True,True,True,True,0.8811661973595619,2.509666606783867,0.0,204,21
it-005+it-006+it-007+it-008,it,synthid_tournament,bira_position_aware,conservative,0.15,fixed_budget_grid,False,False,0.6263686258161352,0.624628652832985,True,5,0.024509803921568627,34,1.0,1.0,1.0,1.0,True,True,True,True,0.7663331925868988,0.7663331925868988,0.0,204,5
it-005+it-006+it-007+it-008,it,synthid_tournament,bira_position_aware,intermediate,0.35,fixed_budget_grid,True,True,0.5285838280292986,0.624628652832985,False,12,0.058823529411764705,84,1.0,1.0,1.0,1.0,True,True,True,True,0.8086664602160454,1.5749996528029442,0.0,204,12
it-005+it-006+it-007+it-008,it,synthid_tournament,bira_position_aware,aggressive,0.65,fixed_budget_grid,False,False,0.5508072407038972,0.624628652832985,False,21,0.10294117647058823,146,1.0,1.0,1.0,1.0,True,True,True,True,0.8764583617448807,2.451458014547825,0.0,204,21
it-006+it-007+it-008+it-001,it,kgw,no_attack,none,0.0,baseline,True,False,0.5258048530558685,0.7242270615335045,False,0,0.0,0,1.0,1.0,1.0,1.0,True,True,True,True,0.0,0.0,0.0,203,0
it-006+it-007+it-008+it-001,it,kgw,simple_paraphrase,conservative,0.15,fixed_budget_grid,True,True,0.5267730703364473,0.7242270615335045,False,6,0.029556650246305417,48,1.0,1.0,1.0,1.0,True,True,True,True,0.6767921149730682,0.6767921149730682,0.0,203,6
it-006+it-007+it-008+it-001,it,kgw,simple_paraphrase,intermediate,0.35,fixed_budget_grid,False,False,0.4964358436975672,0.7242270615335045,False,14,0.06896551724137931,94,1.0,1.0,1.0,1.0,True,True,True,True,0.6792079657316208,1.356000080704689,0.0,203,14
it-006+it-007+it-008+it-001,it,kgw,simple_paraphrase,aggressive,0.65,fixed_budget_grid,False,False,0.5267745947236292,0.7242270615335045,False,25,0.12315270935960591,168,1.0,1.0,1.0,1.0,True,True,True,True,0.6992081180214882,2.055208198726177,0.0,203,25
it-006+it-007+it-008+it-001,it,kgw,sira,conservative,0.15,fixed_budget_grid,True,True,0.5780190010706182,0.7242270615335045,False,6,0.029556650246305417,44,1.0,1.0,1.0,1.0,True,True,True,True,0.7840832695364952,0.7840832695364952,0.0,203,6
it-006+it-007+it-008+it-001,it,kgw,sira,intermediate,0.35,fixed_budget_grid,False,False,0.6075616572383725,0.7242270615335045,False,14,0.06896551724137931,86,1.0,1.0,1.0,1.0,True,True,True,True,0.8350415155291557,1.619124785065651,0.0,203,14
it-006+it-007+it-008+it-001,it,kgw,sira,aggressive,0.65,fixed_budget_grid,False,False,0.558476515699012,0.7242270615335045,False,25,0.12315270935960591,160,1.0,1.0,1.0,1.0,True,True,True,True,0.9207921102643013,2.5399168953299522,0.0,203,25
it-006+it-007+it-008+it-001,it,kgw,bira,conservative,0.15,fixed_budget_grid,True,True,0.5803269468758687,0.7242270615335045,False,6,0.029556650246305417,40,1.0,1.0,1.0,1.0,True,True,True,True,0.8236672729253769,0.8236672729253769,0.0,203,6
it-006+it-007+it-008+it-001,it,kgw,bira,intermediate,0.35,fixed_budget_grid,False,False,0.6075616572383725,0.7242270615335045,False,14,0.06896551724137931,86,1.0,1.0,1.0,1.0,True,True,True,True,0.8500004187226295,1.6736676916480064,0.0,203,14
it-006+it-007+it-008+it-001,it,kgw,bira,aggressive,0.65,fixed_budget_grid,False,False,0.558476515699012,0.7242270615335045,False,25,0.12315270935960591,160,1.0,1.0,1.0,1.0,True,True,True,True,0.9196670725941658,2.5933347642421722,0.0,203,25
it-006+it-007+it-008+it-001,it,kgw,bira_position_aware,conservative,0.15,fixed_budget_grid,True,True,0.5803286856702424,0.7242270615335045,False,6,0.029556650246305417,44,1.0,1.0,1.0,1.0,True,True,True,True,0.7724175229668617,0.7724175229668617,0.0,203,6
it-006+it-007+it-008+it-001,it,kgw,bira_position_aware,intermediate,0.35,fixed_budget_grid,False,False,0.6069717765665825,0.7242270615335045,False,14,0.06896551724137931,85,1.0,1.0,1.0,1.0,True,True,True,True,0.8180411532521248,1.5904586762189865,0.0,203,14
it-006+it-007+it-008+it-001,it,kgw,bira_position_aware,aggressive,0.65,fixed_budget_grid,False,False,0.5791210205505574,0.7242270615335045,False,25,0.12315270935960591,156,1.0,1.0,1.0,1.0,True,True,True,True,0.9056245908141136,2.4960832670331,0.0,203,25
it-006+it-007+it-008+it-001,it,unigram,no_attack,none,0.0,baseline,True,False,0.7811108609940041,0.6852126512160572,True,0,0.0,0,1.0,1.0,1.0,1.0,True,True,True,True,0.0,0.0,0.0,203,0
it-006+it-007+it-008+it-001,it,unigram,simple_paraphrase,conservative,0.15,fixed_budget_grid,False,False,0.7227220321583724,0.6852126512160572,True,6,0.029556650246305417,36,1.0,1.0,1.0,1.0,True,True,True,True,0.6760424003005028,0.6760424003005028,0.0,203,6
it-006+it-007+it-008+it-001,it,unigram,simple_paraphrase,intermediate,0.35,fixed_budget_grid,False,False,0.7806771418704173,0.6852126512160572,True,14,0.06896551724137931,89,1.0,1.0,1.0,1.0,True,True,True,True,0.6758337840437889,1.3518761843442917,0.0,203,14
it-006+it-007+it-008+it-001,it,unigram,simple_paraphrase,aggressive,0.65,fixed_budget_grid,True,True,0.6198152915248705,0.6852126512160572,False,25,0.12315270935960591,166,1.0,1.0,1.0,1.0,True,True,True,True,0.6855828687548637,2.0374590530991554,0.0,203,25
it-006+it-007+it-008+it-001,it,unigram,sira,conservative,0.15,fixed_budget_grid,False,False,0.7795215872785424,0.6852126512160572,True,6,0.029556650246305417,38,1.0,1.0,1.0,1.0,True,True,True,True,0.7742922753095627,0.7742922753095627,0.0,203,6
it-006+it-007+it-008+it-001,it,unigram,sira,intermediate,0.35,fixed_budget_grid,False,False,0.8334326223595679,0.6852126512160572,True,14,0.06896551724137931,85,1.0,1.0,1.0,1.0,True,True,True,True,0.8169999346137047,1.5912922099232674,0.0,203,14
it-006+it-007+it-008+it-001,it,unigram,sira,aggressive,0.65,fixed_budget_grid,True,False,0.6977312954802175,0.6852126512160572,True,25,0.12315270935960591,157,1.0,1.0,1.0,1.0,True,True,True,True,0.8779997006058693,2.4692919105291367,0.0,203,25
it-006+it-007+it-008+it-001,it,unigram,bira,conservative,0.15,fixed_budget_grid,False,False,0.7494158196144872,0.6852126512160572,True,6,0.029556650246305417,38,1.0,1.0,1.0,1.0,True,True,True,True,0.810542143881321,0.810542143881321,0.0,203,6
it-006+it-007+it-008+it-001,it,unigram,bira,intermediate,0.35,fixed_budget_grid,False,False,0.8334326223595679,0.6852126512160572,True,14,0.06896551724137931,85,1.0,1.0,1.0,1.0,True,True,True,True,0.8472902700304985,1.6578324139118195,0.0,203,14
it-006+it-007+it-008+it-001,it,unigram,bira,aggressive,0.65,fixed_budget_grid,True,False,0.7490874922276599,0.6852126512160572,True,25,0.12315270935960591,156,1.0,1.0,1.0,1.0,True,True,True,True,0.9205825626850128,2.5784149765968323,0.0,203,25
it-006+it-007+it-008+it-001,it,unigram,bira_position_aware,conservative,0.15,fixed_budget_grid,False,False,0.7795215872785424,0.6852126512160572,True,6,0.029556650246305417,38,1.0,1.0,1.0,1.0,True,True,True,True,0.771000050008297,0.771000050008297,0.0,203,6
it-006+it-007+it-008+it-001,it,unigram,bira_position_aware,intermediate,0.35,fixed_budget_grid,False,False,0.8334326223595679,0.6852126512160572,True,14,0.06896551724137931,85,1.0,1.0,1.0,1.0,True,True,True,True,0.8284160867333412,1.5994161367416382,0.0,203,14
it-006+it-007+it-008+it-001,it,unigram,bira_position_aware,aggressive,0.65,fixed_budget_grid,True,True,0.6745309432559419,0.6852126512160572,False,25,0.12315270935960591,162,1.0,1.0,1.0,1.0,True,True,True,True,0.9150421246886253,2.5144582614302635,0.0,203,25
it-006+it-007+it-008+it-001,it,synthid_tournament,no_attack,none,0.0,baseline,True,False,0.6306921032713753,0.624628652832985,True,0,0.0,0,1.0,1.0,1.0,1.0,True,True,True,True,0.0,0.0,0.0,203,0
it-006+it-007+it-008+it-001,it,synthid_tournament,simple_paraphrase,conservative,0.15,fixed_budget_grid,True,True,0.6050789934875447,0.624628652832985,False,6,0.029556650246305417,38,1.0,1.0,1.0,1.0,True,True,True,True,0.6752507761120796,0.6752507761120796,0.0,203,6
it-006+it-007+it-008+it-001,it,synthid_tournament,simple_paraphrase,intermediate,0.35,fixed_budget_grid,False,False,0.5862508940104273,0.624628652832985,False,14,0.06896551724137931,90,1.0,1.0,1.0,1.0,True,True,True,True,0.6990004330873489,1.3742512091994286,0.0,203,14
it-006+it-007+it-008+it-001,it,synthid_tournament,simple_paraphrase,aggressive,0.65,fixed_budget_grid,False,False,0.4773381563762513,0.624628652832985,False,25,0.12315270935960591,165,1.0,1.0,1.0,1.0,True,True,True,True,0.706166960299015,2.0804181694984436,0.0,203,25
it-006+it-007+it-008+it-001,it,synthid_tournament,sira,conservative,0.15,fixed_budget_grid,False,False,0.6427604476466537,0.624628652832985,True,6,0.029556650246305417,41,1.0,1.0,1.0,1.0,True,True,True,True,0.7703341543674469,0.7703341543674469,0.0,203,6
it-006+it-007+it-008+it-001,it,synthid_tournament,sira,intermediate,0.35,fixed_budget_grid,True,True,0.5548492223808246,0.624628652832985,False,14,0.06896551724137931,90,1.0,1.0,1.0,1.0,True,True,True,True,0.8525829762220383,1.6229171305894852,0.0,203,14
it-006+it-007+it-008+it-001,it,synthid_tournament,sira,aggressive,0.65,fixed_budget_grid,False,False,0.4412185801130831,0.624628652832985,False,25,0.12315270935960591,169,1.0,1.0,1.0,1.0,True,True,True,True,0.879916362464428,2.502833493053913,0.0,203,25
it-006+it-007+it-008+it-001,it,synthid_tournament,bira,conservative,0.15,fixed_budget_grid,False,False,0.6948308307516425,0.624628652832985,True,6,0.029556650246305417,41,1.0,1.0,1.0,1.0,True,True,True,True,0.8127493783831596,0.8127493783831596,0.0,203,6
it-006+it-007+it-008+it-001,it,synthid_tournament,bira,intermediate,0.35,fixed_budget_grid,True,True,0.5548492223808246,0.624628652832985,False,14,0.06896551724137931,90,1.0,1.0,1.0,1.0,True,True,True,True,0.8563753217458725,1.6691247001290321,0.0,203,14
it-006+it-007+it-008+it-001,it,synthid_tournament,bira,aggressive,0.65,fixed_budget_grid,False,False,0.4789291056874551,0.624628652832985,False,25,0.12315270935960591,172,1.0,1.0,1.0,1.0,True,True,True,True,0.9157080203294754,2.5848327204585075,0.0,203,25
it-006+it-007+it-008+it-001,it,synthid_tournament,bira_position_aware,conservative,0.15,fixed_budget_grid,False,False,0.6655171837461118,0.624628652832985,True,6,0.029556650246305417,41,1.0,1.0,1.0,1.0,True,True,True,True,0.7713334634900093,0.7713334634900093,0.0,203,6
it-006+it-007+it-008+it-001,it,synthid_tournament,bira_position_aware,intermediate,0.35,fixed_budget_grid,True,True,0.535979233612582,0.624628652832985,False,14,0.06896551724137931,90,1.0,1.0,1.0,1.0,True,True,True,True,0.8355844765901566,1.6069179400801659,0.0,203,14
it-006+it-007+it-008+it-001,it,synthid_tournament,bira_position_aware,aggressive,0.65,fixed_budget_grid,False,False,0.4865489203748676,0.624628652832985,False,25,0.12315270935960591,170,1.0,1.0,1.0,1.0,True,True,True,True,0.9115003049373627,2.5184182450175285,0.0,203,25
it-007+it-008+it-001+it-002,it,kgw,no_attack,none,0.0,baseline,True,False,0.4747931017935776,0.7242270615335045,False,0,0.0,0,1.0,1.0,1.0,1.0,True,True,True,True,0.0,0.0,0.0,207,0
it-007+it-008+it-001+it-002,it,kgw,simple_paraphrase,conservative,0.15,fixed_budget_grid,True,True,0.4505587507691275,0.7242270615335045,False,6,0.028985507246376812,38,1.0,1.0,1.0,1.0,True,True,True,True,0.6941249594092369,0.6941249594092369,0.0,207,6
it-007+it-008+it-001+it-002,it,kgw,simple_paraphrase,intermediate,0.35,fixed_budget_grid,False,False,0.4322647413625721,0.7242270615335045,False,14,0.06763285024154589,93,1.0,1.0,1.0,1.0,True,True,True,True,0.7304996252059937,1.4246245846152306,0.0,207,14
it-007+it-008+it-001+it-002,it,kgw,simple_paraphrase,aggressive,0.65,fixed_budget_grid,False,False,0.4551590431806228,0.7242270615335045,False,26,0.12560386473429952,161,1.0,1.0,1.0,1.0,True,True,True,True,0.7003331556916237,2.1249577403068542,0.0,207,26
it-007+it-008+it-001+it-002,it,kgw,sira,conservative,0.15,fixed_budget_grid,True,True,0.5249590782538712,0.7242270615335045,False,6,0.028985507246376812,40,1.0,1.0,1.0,1.0,True,True,True,True,0.7945410907268524,0.7945410907268524,0.0,207,6
it-007+it-008+it-001+it-002,it,kgw,sira,intermediate,0.35,fixed_budget_grid,False,False,0.5820767078052036,0.7242270615335045,False,14,0.06763285024154589,90,1.0,1.0,1.0,1.0,True,True,True,True,0.8370000869035721,1.6315411776304245,0.0,207,14
it-007+it-008+it-001+it-002,it,kgw,sira,aggressive,0.65,fixed_budget_grid,False,False,0.5318813726643715,0.7242270615335045,False,26,0.12560386473429952,168,1.0,1.0,1.0,1.0,True,True,True,True,0.9052082896232605,2.536749467253685,0.0,207,26
it-007+it-008+it-001+it-002,it,kgw,bira,conservative,0.15,fixed_budget_grid,True,True,0.5249590782538712,0.7242270615335045,False,6,0.028985507246376812,40,1.0,1.0,1.0,1.0,True,True,True,True,0.8166665211319923,0.8166665211319923,0.0,207,6
it-007+it-008+it-001+it-002,it,kgw,bira,intermediate,0.35,fixed_budget_grid,False,False,0.5820767078052036,0.7242270615335045,False,14,0.06763285024154589,90,1.0,1.0,1.0,1.0,True,True,True,True,0.8645821362733841,1.6812486574053764,0.0,207,14
it-007+it-008+it-001+it-002,it,kgw,bira,aggressive,0.65,fixed_budget_grid,False,False,0.5318813726643715,0.7242270615335045,False,26,0.12560386473429952,168,1.0,1.0,1.0,1.0,True,True,True,True,0.9454991668462753,2.6267478242516518,0.0,207,26
it-007+it-008+it-001+it-002,it,kgw,bira_position_aware,conservative,0.15,fixed_budget_grid,True,True,0.5249600579384829,0.7242270615335045,False,6,0.028985507246376812,40,1.0,1.0,1.0,1.0,True,True,True,True,0.7857503369450569,0.7857503369450569,0.0,207,6
it-007+it-008+it-001+it-002,it,kgw,bira_position_aware,intermediate,0.35,fixed_budget_grid,False,False,0.5518804619868599,0.7242270615335045,False,14,0.06763285024154589,81,1.0,1.0,1.0,1.0,True,True,True,True,0.8376669138669968,1.6234172508120537,0.0,207,14
it-007+it-008+it-001+it-002,it,kgw,bira_position_aware,aggressive,0.65,fixed_budget_grid,False,False,0.5782026176537806,0.7242270615335045,False,26,0.12560386473429952,157,1.0,1.0,1.0,1.0,True,True,True,True,0.9814584627747536,2.6048757135868073,0.0,207,26
it-007+it-008+it-001+it-002,it,unigram,no_attack,none,0.0,baseline,True,False,0.766952289797642,0.6852126512160572,True,0,0.0,0,1.0,1.0,1.0,1.0,True,True,True,True,0.0,0.0,0.0,207,0
it-007+it-008+it-001+it-002,it,unigram,simple_paraphrase,conservative,0.15,fixed_budget_grid,True,True,0.6843194871383794,0.6852126512160572,False,6,0.028985507246376812,37,1.0,1.0,1.0,1.0,True,True,True,True,0.6857924163341522,0.6857924163341522,0.0,207,6
it-007+it-008+it-001+it-002,it,unigram,simple_paraphrase,intermediate,0.35,fixed_budget_grid,False,False,0.5531245104692198,0.6852126512160572,False,14,0.06763285024154589,86,1.0,1.0,1.0,1.0,True,True,True,True,0.7162913680076599,1.4020837843418121,0.0,207,14
it-007+it-008+it-001+it-002,it,unigram,simple_paraphrase,aggressive,0.65,fixed_budget_grid,False,False,0.507473211129426,0.6852126512160572,False,26,0.12560386473429952,159,1.0,1.0,1.0,1.0,True,True,True,True,0.6947079673409462,2.0967917516827583,0.0,207,26
it-007+it-008+it-001+it-002,it,unigram,sira,conservative,0.15,fixed_budget_grid,False,False,0.7920791068017339,0.6852126512160572,True,6,0.028985507246376812,39,1.0,1.0,1.0,1.0,True,True,True,True,0.7844176143407822,0.7844176143407822,0.0,207,6
it-007+it-008+it-001+it-002,it,unigram,sira,intermediate,0.35,fixed_budget_grid,False,False,0.7895803345389406,0.6852126512160572,True,14,0.06763285024154589,87,1.0,1.0,1.0,1.0,True,True,True,True,0.8336678147315979,1.61808542907238,0.0,207,14
it-007+it-008+it-001+it-002,it,unigram,sira,aggressive,0.65,fixed_budget_grid,True,True,0.6585977530433296,0.6852126512160572,False,26,0.12560386473429952,162,1.0,1.0,1.0,1.0,True,True,True,True,0.9125834330916405,2.5306688621640205,0.0,207,26
it-007+it-008+it-001+it-002,it,unigram,bira,conservative,0.15,fixed_budget_grid,False,False,0.7634056245058732,0.6852126512160572,True,6,0.028985507246376812,39,1.0,1.0,1.0,1.0,True,True,True,True,0.8307499811053276,0.8307499811053276,0.0,207,6
it-007+it-008+it-001+it-002,it,unigram,bira,intermediate,0.35,fixed_budget_grid,False,False,0.7895803345389406,0.6852126512160572,True,14,0.06763285024154589,87,1.0,1.0,1.0,1.0,True,True,True,True,0.9102914482355118,1.7410414293408394,0.0,207,14
it-007+it-008+it-001+it-002,it,unigram,bira,aggressive,0.65,fixed_budget_grid,True,True,0.6365659521858041,0.6852126512160572,False,26,0.12560386473429952,174,1.0,1.0,1.0,1.0,True,True,True,True,1.0450836271047592,2.7861250564455986,0.0,207,26
it-007+it-008+it-001+it-002,it,unigram,bira_position_aware,conservative,0.15,fixed_budget_grid,False,False,0.7920791068017339,0.6852126512160572,True,6,0.028985507246376812,39,1.0,1.0,1.0,1.0,True,True,True,True,0.867750495672226,0.867750495672226,0.0,207,6
it-007+it-008+it-001+it-002,it,unigram,bira_position_aware,intermediate,0.35,fixed_budget_grid,False,False,0.7895803345389406,0.6852126512160572,True,14,0.06763285024154589,87,1.0,1.0,1.0,1.0,True,True,True,True,0.8842498064041138,1.7520003020763397,0.0,207,14
it-007+it-008+it-001+it-002,it,unigram,bira_position_aware,aggressive,0.65,fixed_budget_grid,True,True,0.6365166126173559,0.6852126512160572,False,26,0.12560386473429952,166,1.0,1.0,1.0,1.0,True,True,True,True,0.956166535615921,2.7081668376922607,0.0,207,26
it-007+it-008+it-001+it-002,it,synthid_tournament,no_attack,none,0.0,baseline,True,False,0.6610429364079081,0.624628652832985,True,0,0.0,0,1.0,1.0,1.0,1.0,True,True,True,True,0.0,0.0,0.0,207,0
it-007+it-008+it-001+it-002,it,synthid_tournament,simple_paraphrase,conservative,0.15,fixed_budget_grid,False,False,0.6370667165022976,0.624628652832985,True,6,0.028985507246376812,41,1.0,1.0,1.0,1.0,True,True,True,True,0.7170001044869423,0.7170001044869423,0.0,207,6
it-007+it-008+it-001+it-002,it,synthid_tournament,simple_paraphrase,intermediate,0.35,fixed_budget_grid,True,True,0.619460147853462,0.624628652832985,False,14,0.06763285024154589,94,1.0,1.0,1.0,1.0,True,True,True,True,0.6962502375245094,1.4132503420114517,0.0,207,14
it-007+it-008+it-001+it-002,it,synthid_tournament,simple_paraphrase,aggressive,0.65,fixed_budget_grid,False,False,0.5715486078646561,0.624628652832985,False,26,0.12560386473429952,168,1.0,1.0,1.0,1.0,True,True,True,True,0.6979154422879219,2.1111657842993736,0.0,207,26
it-007+it-008+it-001+it-002,it,synthid_tournament,sira,conservative,0.15,fixed_budget_grid,False,False,0.6740520338262669,0.624628652832985,True,6,0.028985507246376812,42,1.0,1.0,1.0,1.0,True,True,True,True,0.8324170485138893,0.8324170485138893,0.0,207,6
it-007+it-008+it-001+it-002,it,synthid_tournament,sira,intermediate,0.35,fixed_budget_grid,True,True,0.5467397688605002,0.624628652832985,False,14,0.06763285024154589,91,1.0,1.0,1.0,1.0,True,True,True,True,0.842750072479248,1.6751671209931374,0.0,207,14
it-007+it-008+it-001+it-002,it,synthid_tournament,sira,aggressive,0.65,fixed_budget_grid,False,False,0.48002267206269045,0.624628652832985,False,26,0.12560386473429952,172,1.0,1.0,1.0,1.0,True,True,True,True,0.929749570786953,2.6049166917800903,0.0,207,26
it-007+it-008+it-001+it-002,it,synthid_tournament,bira,conservative,0.15,fixed_budget_grid,False,False,0.6737687251383955,0.624628652832985,True,6,0.028985507246376812,42,1.0,1.0,1.0,1.0,True,True,True,True,0.8397074416279793,0.8397074416279793,0.0,207,6
it-007+it-008+it-001+it-002,it,synthid_tournament,bira,intermediate,0.35,fixed_budget_grid,True,True,0.5539165385623454,0.624628652832985,False,14,0.06763285024154589,93,1.0,1.0,1.0,1.0,True,True,True,True,0.8715838193893433,1.7112912610173225,0.0,207,14
it-007+it-008+it-001+it-002,it,synthid_tournament,bira,aggressive,0.65,fixed_budget_grid,False,False,0.45804597884211107,0.624628652832985,False,26,0.12560386473429952,175,1.0,1.0,1.0,1.0,True,True,True,True,0.9336667135357857,2.644957974553108,0.0,207,26
it-007+it-008+it-001+it-002,it,synthid_tournament,bira_position_aware,conservative,0.15,fixed_budget_grid,False,False,0.6740520338262669,0.624628652832985,True,6,0.028985507246376812,42,1.0,1.0,1.0,1.0,True,True,True,True,0.8326256647706032,0.8326256647706032,0.0,207,6
it-007+it-008+it-001+it-002,it,synthid_tournament,bira_position_aware,intermediate,0.35,fixed_budget_grid,True,True,0.5645723879256862,0.624628652832985,False,14,0.06763285024154589,92,1.0,1.0,1.0,1.0,True,True,True,True,0.8458327502012253,1.6784584149718285,0.0,207,14
it-007+it-008+it-001+it-002,it,synthid_tournament,bira_position_aware,aggressive,0.65,fixed_budget_grid,False,False,0.44682221199581873,0.624628652832985,False,26,0.12560386473429952,167,1.0,1.0,1.0,1.0,True,True,True,True,0.9479997679591179,2.6264581829309464,0.0,207,26
it-008+it-001+it-002+it-003,it,kgw,no_attack,none,0.0,baseline,True,False,0.5907213539592145,0.7242270615335045,False,0,0.0,0,1.0,1.0,1.0,1.0,True,True,True,True,0.0,0.0,0.0,216,0
it-008+it-001+it-002+it-003,it,kgw,simple_paraphrase,conservative,0.15,fixed_budget_grid,True,True,0.5120360947323859,0.7242270615335045,False,7,0.032407407407407406,37,1.0,1.0,1.0,1.0,True,True,True,True,0.7331250235438347,0.7331250235438347,0.0,216,7
it-008+it-001+it-002+it-003,it,kgw,simple_paraphrase,intermediate,0.35,fixed_budget_grid,False,False,0.5395256884553719,0.7242270615335045,False,16,0.07407407407407407,97,1.0,1.0,1.0,1.0,True,True,True,True,0.719667412340641,1.4527924358844757,0.0,216,16
it-008+it-001+it-002+it-003,it,kgw,simple_paraphrase,aggressive,0.65,fixed_budget_grid,False,False,0.547193162150734,0.7242270615335045,False,29,0.13425925925925927,175,1.0,1.0,1.0,1.0,True,True,True,True,0.7263747975230217,2.1791672334074974,0.0,216,29
it-008+it-001+it-002+it-003,it,kgw,sira,conservative,0.15,fixed_budget_grid,True,True,0.6353524524191181,0.7242270615335045,False,7,0.032407407407407406,42,1.0,1.0,1.0,1.0,True,True,True,True,0.8205845952033997,0.8205845952033997,0.0,216,7
it-008+it-001+it-002+it-003,it,kgw,sira,intermediate,0.35,fixed_budget_grid,False,False,0.6857945521089466,0.7242270615335045,False,16,0.07407407407407407,103,1.0,1.0,1.0,1.0,True,True,True,True,0.8741244673728943,1.694709062576294,0.0,216,16
it-008+it-001+it-002+it-003,it,kgw,sira,aggressive,0.65,fixed_budget_grid,False,False,0.6193056259513261,0.7242270615335045,False,29,0.13425925925925927,180,1.0,1.0,1.0,1.0,True,True,True,True,0.959416851401329,2.654125913977623,0.0,216,29
it-008+it-001+it-002+it-003,it,kgw,bira,conservative,0.15,fixed_budget_grid,True,True,0.6353524524191181,0.7242270615335045,False,7,0.032407407407407406,42,1.0,1.0,1.0,1.0,True,True,True,True,0.8742911741137505,0.8742911741137505,0.0,216,7
it-008+it-001+it-002+it-003,it,kgw,bira,intermediate,0.35,fixed_budget_grid,False,False,0.6857945521089466,0.7242270615335045,False,16,0.07407407407407407,103,1.0,1.0,1.0,1.0,True,True,True,True,0.9154584258794785,1.789749599993229,0.0,216,16
it-008+it-001+it-002+it-003,it,kgw,bira,aggressive,0.65,fixed_budget_grid,False,False,0.6193056259513261,0.7242270615335045,False,29,0.13425925925925927,180,1.0,1.0,1.0,1.0,True,True,True,True,0.9998744353652,2.789624035358429,0.0,216,29
it-008+it-001+it-002+it-003,it,kgw,bira_position_aware,conservative,0.15,fixed_budget_grid,True,True,0.6353535206404934,0.7242270615335045,False,7,0.032407407407407406,42,1.0,1.0,1.0,1.0,True,True,True,True,0.8294163271784782,0.8294163271784782,0.0,216,7
it-008+it-001+it-002+it-003,it,kgw,bira_position_aware,intermediate,0.35,fixed_budget_grid,False,False,0.6357706032135287,0.7242270615335045,False,16,0.07407407407407407,90,1.0,1.0,1.0,1.0,True,True,True,True,0.8921250700950623,1.7215413972735405,0.0,216,16
it-008+it-001+it-002+it-003,it,kgw,bira_position_aware,aggressive,0.65,fixed_budget_grid,False,False,0.6787135980301732,0.7242270615335045,False,29,0.13425925925925927,176,1.0,1.0,1.0,1.0,True,True,True,True,0.9887907654047012,2.7103321626782417,0.0,216,29
it-008+it-001+it-002+it-003,it,unigram,no_attack,none,0.0,baseline,True,False,0.7402071033118589,0.6852126512160572,True,0,0.0,0,1.0,1.0,1.0,1.0,True,True,True,True,0.0,0.0,0.0,216,0
it-008+it-001+it-002+it-003,it,unigram,simple_paraphrase,conservative,0.15,fixed_budget_grid,False,False,0.7613081114082018,0.6852126512160572,True,7,0.032407407407407406,44,1.0,1.0,1.0,1.0,True,True,True,True,0.731208361685276,0.731208361685276,0.0,216,7
it-008+it-001+it-002+it-003,it,unigram,simple_paraphrase,intermediate,0.35,fixed_budget_grid,False,False,0.7149471799795424,0.6852126512160572,True,16,0.07407407407407407,99,1.0,1.0,1.0,1.0,True,True,True,True,0.7216250523924828,1.4528334140777588,0.0,216,16
it-008+it-001+it-002+it-003,it,unigram,simple_paraphrase,aggressive,0.65,fixed_budget_grid,True,True,0.625990775542501,0.6852126512160572,False,29,0.13425925925925927,183,1.0,1.0,1.0,1.0,True,True,True,True,0.7587075233459473,2.211540937423706,0.0,216,29
it-008+it-001+it-002+it-003,it,unigram,sira,conservative,0.15,fixed_budget_grid,False,False,0.7617929514095745,0.6852126512160572,True,7,0.032407407407407406,41,1.0,1.0,1.0,1.0,True,True,True,True,0.8297087624669075,0.8297087624669075,0.0,216,7
it-008+it-001+it-002+it-003,it,unigram,sira,intermediate,0.35,fixed_budget_grid,False,False,0.834600000074255,0.6852126512160572,True,16,0.07407407407407407,96,1.0,1.0,1.0,1.0,True,True,True,True,0.8836677297949791,1.7133764922618866,0.0,216,16
it-008+it-001+it-002+it-003,it,unigram,sira,aggressive,0.65,fixed_budget_grid,True,True,0.6660976612994487,0.6852126512160572,False,29,0.13425925925925927,178,1.0,1.0,1.0,1.0,True,True,True,True,0.9584175422787666,2.6717940345406532,0.0,216,29
it-008+it-001+it-002+it-003,it,unigram,bira,conservative,0.15,fixed_budget_grid,False,False,0.7617929514095745,0.6852126512160572,True,7,0.032407407407407406,41,1.0,1.0,1.0,1.0,True,True,True,True,0.8599162101745605,0.8599162101745605,0.0,216,7
it-008+it-001+it-002+it-003,it,unigram,bira,intermediate,0.35,fixed_budget_grid,False,False,0.834600000074255,0.6852126512160572,True,16,0.07407407407407407,96,1.0,1.0,1.0,1.0,True,True,True,True,0.9185001254081726,1.7784163355827332,0.0,216,16
it-008+it-001+it-002+it-003,it,unigram,bira,aggressive,0.65,fixed_budget_grid,True,True,0.6703579211138855,0.6852126512160572,False,29,0.13425925925925927,186,1.0,1.0,1.0,1.0,True,True,True,True,0.9981663897633553,2.7765827253460884,0.0,216,29
it-008+it-001+it-002+it-003,it,unigram,bira_position_aware,conservative,0.15,fixed_budget_grid,False,False,0.7617929514095745,0.6852126512160572,True,7,0.032407407407407406,41,1.0,1.0,1.0,1.0,True,True,True,True,0.8255839347839355,0.8255839347839355,0.0,216,7
it-008+it-001+it-002+it-003,it,unigram,bira_position_aware,intermediate,0.35,fixed_budget_grid,False,False,0.8094435309470231,0.6852126512160572,True,16,0.07407407407407407,96,1.0,1.0,1.0,1.0,True,True,True,True,0.8880821987986565,1.713666133582592,0.0,216,16
it-008+it-001+it-002+it-003,it,unigram,bira_position_aware,aggressive,0.65,fixed_budget_grid,True,True,0.6219739204596548,0.6852126512160572,False,29,0.13425925925925927,185,1.0,1.0,1.0,1.0,True,True,True,True,0.9997077286243439,2.713373862206936,0.0,216,29
it-008+it-001+it-002+it-003,it,synthid_tournament,no_attack,none,0.0,baseline,True,False,0.6720602885035089,0.624628652832985,True,0,0.0,0,1.0,1.0,1.0,1.0,True,True,True,True,0.0,0.0,0.0,216,0
it-008+it-001+it-002+it-003,it,synthid_tournament,simple_paraphrase,conservative,0.15,fixed_budget_grid,True,True,0.5960020440229973,0.624628652832985,False,7,0.032407407407407406,48,1.0,1.0,1.0,1.0,True,True,True,True,0.7157903164625168,0.7157903164625168,0.0,216,7
it-008+it-001+it-002+it-003,it,synthid_tournament,simple_paraphrase,intermediate,0.35,fixed_budget_grid,False,False,0.5470331626554699,0.624628652832985,False,16,0.07407407407407407,104,1.0,1.0,1.0,1.0,True,True,True,True,0.718667171895504,1.4344574883580208,0.0,216,16
it-008+it-001+it-002+it-003,it,synthid_tournament,simple_paraphrase,aggressive,0.65,fixed_budget_grid,False,False,0.512477899574768,0.624628652832985,False,29,0.13425925925925927,175,1.0,1.0,1.0,1.0,True,True,True,True,0.7384158670902252,2.172873355448246,0.0,216,29
it-008+it-001+it-002+it-003,it,synthid_tournament,sira,conservative,0.15,fixed_budget_grid,False,False,0.6749298434195454,0.624628652832985,True,7,0.032407407407407406,47,1.0,1.0,1.0,1.0,True,True,True,True,0.8229576051235199,0.8229576051235199,0.0,216,7
it-008+it-001+it-002+it-003,it,synthid_tournament,sira,intermediate,0.35,fixed_budget_grid,True,True,0.5485057756464595,0.624628652832985,False,16,0.07407407407407407,107,1.0,1.0,1.0,1.0,True,True,True,True,0.8827494457364082,1.7057070508599281,0.0,216,16
it-008+it-001+it-002+it-003,it,synthid_tournament,sira,aggressive,0.65,fixed_budget_grid,False,False,0.4582439816657153,0.624628652832985,False,29,0.13425925925925927,191,1.0,1.0,1.0,1.0,True,True,True,True,0.9533753618597984,2.6590824127197266,0.0,216,29
it-008+it-001+it-002+it-003,it,synthid_tournament,bira,conservative,0.15,fixed_budget_grid,False,False,0.6441626617651396,0.624628652832985,True,7,0.032407407407407406,52,1.0,1.0,1.0,1.0,True,True,True,True,0.8827084675431252,0.8827084675431252,0.0,216,7
it-008+it-001+it-002+it-003,it,synthid_tournament,bira,intermediate,0.35,fixed_budget_grid,True,True,0.5426852641671425,0.624628652832985,False,16,0.07407407407407407,104,1.0,1.0,1.0,1.0,True,True,True,True,0.9099170565605164,1.7926255241036415,0.0,216,16
it-008+it-001+it-002+it-003,it,synthid_tournament,bira,aggressive,0.65,fixed_budget_grid,False,False,0.44028679966723483,0.624628652832985,False,29,0.13425925925925927,193,1.0,1.0,1.0,1.0,True,True,True,True,0.995333306491375,2.7879588305950165,0.0,216,29
it-008+it-001+it-002+it-003,it,synthid_tournament,bira_position_aware,conservative,0.15,fixed_budget_grid,False,False,0.6749298434195454,0.624628652832985,True,7,0.032407407407407406,47,1.0,1.0,1.0,1.0,True,True,True,True,0.8263755589723587,0.8263755589723587,0.0,216,7
it-008+it-001+it-002+it-003,it,synthid_tournament,bira_position_aware,intermediate,0.35,fixed_budget_grid,True,True,0.5673226257332097,0.624628652832985,False,16,0.07407407407407407,102,1.0,1.0,1.0,1.0,True,True,True,True,0.8850404992699623,1.711416058242321,0.0,216,16
it-008+it-001+it-002+it-003,it,synthid_tournament,bira_position_aware,aggressive,0.65,fixed_budget_grid,False,False,0.455340796568577,0.624628652832985,False,29,0.13425925925925927,187,1.0,1.0,1.0,1.0,True,True,True,True,0.9880000725388527,2.6994161307811737,0.0,216,29
